video,label,action,rep,t_start,t_end,t_peak,side,valid,total10,acc4,expr6,RH_A1,RH_A2,RH_A3,RH_A4,EX_E1,EX_E2,EX_E3,EX_E4,HB_A1,HB_A2,HB_A3,HB_A4,HX_E1,HX_E2,HX_E3,HX_E4,FR_A1,FR_A2,FR_A3,FR_A4,HK_A1,HK_A2,PU_A3,PU_A4,PX_E1,PX_E2,PX_E3,PX_E4,KB_A1,KB_A2,KB_A3,KB_A4,KS_A1,KS_A2,KS_A3,KS_A4,BK_A1,BK_A2,BK_A3,BK_A4,LB_A1,LB_A2,LB_A3,LB_A4,HKK_A1,HKK_A2,HKK_A3,HKK_A4,PK_A1,PK_A2,PK_A3,PK_A4,ST_A1,ST_A2,SD_A1,SD_A2,SD_A3,SD_A4,HP_A4,HS_A1,HS_A2,HS_A3,HS_A4,SX_E1,SX_E2,SX_E3,SX_E4,FW_A1,FW_A2,FW_A3,FW_A4,FX_E1,FX_E2,FX_E3,FX_E4,SP_A1,SP_A2,SP_A3,SP_A4,DK_A1,DK_A2,DK_A3,DK_A4,DX_E1,DX_E2,DX_E3,DX_E4,FS_A1,FS_A2,FS_A3,FS_A4,KC_A1,KC_A2,KC_A3,KC_A4,KX_E1,KX_E2,KX_E3,KX_E4,warnings_or_reason
Tự Học Taekwondo Tại Nhà - Bài Căn Bản Đầu Tiên Cho Người Mới #1.mp4,Xoay cổ chân đá (phải),roundhouse,1,339.17,341.37,339.17,chân phải,1,5.82,1.51,4.30,0.48,0.87,0.00,0.16,2.00,1.60,0.70,0.00,,,,,,,,,,,,,,,,,,,,,,,,,,,,,,,,,,,,,,,,,,,,,,,,,,,,,,,,,,,,,,,,,,,,,,,,,,,,,,,,,,,,,,,,,,,,
Tự Học Taekwondo Tại Nhà - Bài Căn Bản Đầu Tiên Cho Người Mới #1.mp4,Xoay cổ chân đá (phải),roundhouse,2,341.63,343.07,342.70,chân phải,1,6.34,1.34,5.00,0.00,1.18,0.00,0.16,2.00,1.60,1.40,0.00,,,,,,,,,,,,,,,,,,,,,,,,,,,,,,,,,,,,,,,,,,,,,,,,,,,,,,,,,,,,,,,,,,,,,,,,,,,,,,,,,,,,,,,,,,,,
Tự Học Taekwondo Tại Nhà - Bài Căn Bản Đầu Tiên Cho Người Mới #1.mp4,Xoay cổ chân đá (phải),roundhouse,3,343.07,344.50,343.17,chân phải,1,4.85,1.08,3.77,0.48,0.60,0.00,0.00,2.00,1.60,0.17,0.00,,,,,,,,,,,,,,,,,,,,,,,,,,,,,,,,,,,,,,,,,,,,,,,,,,,,,,,,,,,,,,,,,,,,,,,,,,,,,,,,,,,,,,,,,,,,
Tự Học Taekwondo Tại Nhà - Bài Căn Bản Đầu Tiên Cho Người Mới #1.mp4,Xoay cổ chân đá (phải),roundhouse,4,344.83,346.73,345.07,chân phải,1,6.07,1.29,4.78,0.06,1.07,0.00,0.16,2.00,1.60,1.18,0.00,,,,,,,,,,,,,,,,,,,,,,,,,,,,,,,,,,,,,,,,,,,,,,,,,,,,,,,,,,,,,,,,,,,,,,,,,,,,,,,,,,,,,,,,,,,,
Tự Học Taekwondo Tại Nhà - Bài Căn Bản Đầu Tiên Cho Người Mới #1.mp4,Xoay cổ chân đá (phải),roundhouse,5,347.07,349.27,349.27,chân phải,1,5.96,1.66,4.30,0.41,0.87,0.22,0.16,2.00,1.60,0.70,0.00,,,,,,,,,,,,,,,,,,,,,,,,,,,,,,,,,,,,,,,,,,,,,,,,,,,,,,,,,,,,,,,,,,,,,,,,,,,,,,,,,,,,,,,,,,,,
Tự Học Taekwondo Tại Nhà - Bài Căn Bản Đầu Tiên Cho Người Mới #1.mp4,Xoay cổ chân đá (phải),roundhouse,6,350.03,351.90,351.83,chân phải,1,6.36,1.36,5.00,0.00,1.20,0.00,0.16,2.00,1.60,1.40,0.00,,,,,,,,,,,,,,,,,,,,,,,,,,,,,,,,,,,,,,,,,,,,,,,,,,,,,,,,,,,,,,,,,,,,,,,,,,,,,,,,,,,,,,,,,,,,
Tự Học Taekwondo Tại Nhà - Bài Căn Bản Đầu Tiên Cho Người Mới #1.mp4,Xoay cổ chân đá (phải),roundhouse,7,352.63,354.73,352.67,chân phải,1,6.84,1.84,5.00,0.48,1.20,0.00,0.16,2.00,1.60,1.40,0.00,,,,,,,,,,,,,,,,,,,,,,,,,,,,,,,,,,,,,,,,,,,,,,,,,,,,,,,,,,,,,,,,,,,,,,,,,,,,,,,,,,,,,,,,,,,,
Tự Học Taekwondo Tại Nhà - Bài Căn Bản Đầu Tiên Cho Người Mới #1.mp4,Xoay cổ chân đá (phải),roundhouse,8,356.17,358.37,356.17,chân phải,1,6.80,1.82,4.99,0.48,1.18,0.00,0.16,2.00,1.60,1.39,0.00,,,,,,,,,,,,,,,,,,,,,,,,,,,,,,,,,,,,,,,,,,,,,,,,,,,,,,,,,,,,,,,,,,,,,,,,,,,,,,,,,,,,,,,,,,,,
Tự Học Taekwondo Tại Nhà - Bài Căn Bản Đầu Tiên Cho Người Mới #1.mp4,Xoay cổ chân đá (phải),roundhouse,9,359.73,361.93,361.93,chân phải,1,6.18,1.30,4.88,0.00,1.14,0.00,0.16,2.00,1.60,1.28,0.00,,,,,,,,,,,,,,,,,,,,,,,,,,,,,,,,,,,,,,,,,,,,,,,,,,,,,,,,,,,,,,,,,,,,,,,,,,,,,,,,,,,,,,,,,,,,
Tự Học Taekwondo Tại Nhà - Bài Căn Bản Đầu Tiên Cho Người Mới #1.mp4,Xoay cổ chân đá (phải),roundhouse,10,362.70,364.90,364.87,chân phải,1,5.61,1.01,4.60,0.00,1.01,0.00,0.00,2.00,1.60,1.00,0.00,,,,,,,,,,,,,,,,,,,,,,,,,,,,,,,,,,,,,,,,,,,,,,,,,,,,,,,,,,,,,,,,,,,,,,,,,,,,,,,,,,,,,,,,,,,,
Tự Học Taekwondo Tại Nhà - Bài Căn Bản Đầu Tiên Cho Người Mới #1.mp4,Xoay cổ chân đá (phải),roundhouse,1,654.00,655.37,655.33,chân phải,1,5.82,1.45,4.37,0.39,0.90,0.00,0.16,2.00,1.60,0.77,0.00,,,,,,,,,,,,,,,,,,,,,,,,,,,,,,,,,,,,,,,,,,,,,,,,,,,,,,,,,,,,,,,,,,,,,,,,,,,,,,,,,,,,,,,,,,,,
Tự Học Taekwondo Tại Nhà - Bài Căn Bản Đầu Tiên Cho Người Mới #1.mp4,Xoay cổ chân đá (phải),roundhouse,2,655.37,656.80,656.43,chân phải,1,6.36,1.69,4.67,0.48,1.05,0.00,0.16,2.00,1.60,1.07,0.00,,,,,,,,,,,,,,,,,,,,,,,,,,,,,,,,,,,,,,,,,,,,,,,,,,,,,,,,,,,,,,,,,,,,,,,,,,,,,,,,,,,,,,,,,,,,
Tự Học Taekwondo Tại Nhà - Bài Căn Bản Đầu Tiên Cho Người Mới #1.mp4,Xoay cổ chân đá (phải),roundhouse,3,656.80,658.20,656.90,chân phải,1,4.94,1.22,3.73,0.48,0.58,0.00,0.16,2.00,1.60,0.13,0.00,,,,,,,,,,,,,,,,,,,,,,,,,,,,,,,,,,,,,,,,,,,,,,,,,,,,,,,,,,,,,,,,,,,,,,,,,,,,,,,,,,,,,,,,,,,,
Tự Học Taekwondo Tại Nhà - Bài Căn Bản Đầu Tiên Cho Người Mới #1.mp4,Xoay cổ chân đá (phải),roundhouse,4,658.57,660.63,658.80,chân phải,1,5.41,1.09,4.32,0.05,0.88,0.00,0.16,2.00,1.60,0.72,0.00,,,,,,,,,,,,,,,,,,,,,,,,,,,,,,,,,,,,,,,,,,,,,,,,,,,,,,,,,,,,,,,,,,,,,,,,,,,,,,,,,,,,,,,,,,,,
Tự Học Taekwondo Tại Nhà - Bài Căn Bản Đầu Tiên Cho Người Mới #1.mp4,Xoay cổ chân đá (phải),roundhouse,5,660.73,662.93,661.57,chân phải,1,5.76,1.26,4.50,0.16,0.93,0.00,0.16,2.00,1.60,0.90,0.00,,,,,,,,,,,,,,,,,,,,,,,,,,,,,,,,,,,,,,,,,,,,,,,,,,,,,,,,,,,,,,,,,,,,,,,,,,,,,,,,,,,,,,,,,,,,
Tự Học Taekwondo Tại Nhà - Bài Căn Bản Đầu Tiên Cho Người Mới #1.mp4,Xoay cổ chân đá (phải),roundhouse,6,663.77,665.60,665.53,chân phải,1,6.36,1.36,5.00,0.00,1.20,0.00,0.16,2.00,1.60,1.40,0.00,,,,,,,,,,,,,,,,,,,,,,,,,,,,,,,,,,,,,,,,,,,,,,,,,,,,,,,,,,,,,,,,,,,,,,,,,,,,,,,,,,,,,,,,,,,,
Tự Học Taekwondo Tại Nhà - Bài Căn Bản Đầu Tiên Cho Người Mới #1.mp4,Xoay cổ chân đá (phải),roundhouse,7,666.27,668.47,666.40,chân phải,1,6.67,1.67,5.00,0.48,1.19,0.00,0.00,2.00,1.60,1.40,0.00,,,,,,,,,,,,,,,,,,,,,,,,,,,,,,,,,,,,,,,,,,,,,,,,,,,,,,,,,,,,,,,,,,,,,,,,,,,,,,,,,,,,,,,,,,,,
Tự Học Taekwondo Tại Nhà - Bài Căn Bản Đầu Tiên Cho Người Mới #1.mp4,Xoay cổ chân đá (phải),roundhouse,8,669.90,672.10,669.90,chân phải,1,6.76,1.78,4.98,0.48,1.14,0.00,0.16,2.00,1.60,1.38,0.00,,,,,,,,,,,,,,,,,,,,,,,,,,,,,,,,,,,,,,,,,,,,,,,,,,,,,,,,,,,,,,,,,,,,,,,,,,,,,,,,,,,,,,,,,,,,
Tự Học Taekwondo Tại Nhà - Bài Căn Bản Đầu Tiên Cho Người Mới #1.mp4,Xoay cổ chân đá (phải),roundhouse,9,673.50,675.70,675.63,chân phải,1,6.31,1.31,5.00,0.00,1.15,0.00,0.16,2.00,1.60,1.40,0.00,,,,,,,,,,,,,,,,,,,,,,,,,,,,,,,,,,,,,,,,,,,,,,,,,,,,,,,,,,,,,,,,,,,,,,,,,,,,,,,,,,,,,,,,,,,,
Tự Học Taekwondo Tại Nhà - Bài Căn Bản Đầu Tiên Cho Người Mới #1.mp4,Xoay cổ chân đá (phải),roundhouse,10,676.43,678.63,678.60,chân phải,1,5.67,1.03,4.64,0.00,1.03,0.00,0.00,2.00,1.60,1.04,0.00,,,,,,,,,,,,,,,,,,,,,,,,,,,,,,,,,,,,,,,,,,,,,,,,,,,,,,,,,,,,,,,,,,,,,,,,,,,,,,,,,,,,,,,,,,,,
Tự Học Taekwondo Tại Nhà - Bài Căn Bản Đầu Tiên Cho Người Mới #1.mp4,Xoay cổ chân đá (phải),roundhouse,11,679.47,680.97,679.47,chân phải,1,6.49,1.60,4.89,1.00,0.61,0.00,0.00,2.00,1.60,1.29,0.00,,,,,,,,,,,,,,,,,,,,,,,,,,,,,,,,,,,,,,,,,,,,,,,,,,,,,,,,,,,,,,,,,,,,,,,,,,,,,,,,,,,,,,,,,,,,
Tự Học Taekwondo Tại Nhà - Bài Căn Bản Số 2.mp4,Đỡ cao (trái),high_block,1,50.03,51.47,50.53,tay trái,1,7.62,3.28,4.35,,,,,,,,,1.42,0.66,0.80,0.40,1.49,0.46,1.40,1.00,,,,,,,,,,,,,,,,,,,,,,,,,,,,,,,,,,,,,,,,,,,,,,,,,,,,,,,,,,,,,,,,,,,,,,,,,,,,,,,,,,,,
Tự Học Taekwondo Tại Nhà - Bài Căn Bản Số 2.mp4,Đỡ cao (trái),high_block,2,51.77,53.57,52.73,tay trái,1,7.17,2.97,4.20,,,,,,,,,1.25,0.61,0.80,0.32,1.44,0.36,1.40,1.00,,,,,,,,,,,,,,,,,,,,,,,,,,,,,,,,,,,,,,,,,,,,,,,,,,,,,,,,,,,,,,,,,,,,,,,,,,,,,,,,,,,,
Tự Học Taekwondo Tại Nhà - Bài Căn Bản Số 2.mp4,Đỡ cao (trái),high_block,3,54.00,56.20,54.97,tay trái,1,7.27,3.23,4.04,,,,,,,,,1.34,0.73,0.80,0.36,1.46,0.18,1.40,1.00,,,,,,,,,,,,,,,,,,,,,,,,,,,,,,,,,,,,,,,,,,,,,,,,,,,,,,,,,,,,,,,,,,,,,,,,,,,,,,,,,,,,
Tự Học Taekwondo Tại Nhà - Bài Căn Bản Số 2.mp4,Đỡ cao (trái),high_block,4,56.63,58.27,57.53,tay trái,1,7.63,2.92,4.71,,,,,,,,,0.96,0.96,0.80,0.20,2.00,0.31,1.40,1.00,,,,,,,,,,,,,,,,,,,,,,,,,,,,,,,,,,,,,,,,,,,,,,,,,,,,,,,,,,,,,,,,,,,,,,,,,,,,,,,,,,,,
Tự Học Taekwondo Tại Nhà - Bài Căn Bản Số 2.mp4,Đỡ cao (trái),high_block,5,58.60,60.23,59.57,tay trái,1,7.54,3.22,4.32,,,,,,,,,1.14,1.09,0.80,0.20,2.00,0.30,1.02,1.00,,,,,,,,,,,,,,,,,,,,,,,,,,,,,,,,,,,,,,,,,,,,,,,,,,,,,,,,,,,,,,,,,,,,,,,,,,,,,,,,,,,,
Tự Học Taekwondo Tại Nhà - Bài Căn Bản Số 2.mp4,Đỡ cao (trái),high_block,6,60.33,62.17,61.30,tay trái,1,7.91,3.07,4.84,,,,,,,,,0.87,1.20,0.80,0.20,2.00,0.44,1.40,1.00,,,,,,,,,,,,,,,,,,,,,,,,,,,,,,,,,,,,,,,,,,,,,,,,,,,,,,,,,,,,,,,,,,,,,,,,,,,,,,,,,,,,
Tự Học Taekwondo Tại Nhà - Bài Căn Bản Số 2.mp4,Đỡ cao (trái),high_block,7,62.43,64.17,63.33,tay trái,1,8.01,3.19,4.82,,,,,,,,,1.06,1.13,0.80,0.20,2.00,0.42,1.40,1.00,,,,,,,,,,,,,,,,,,,,,,,,,,,,,,,,,,,,,,,,,,,,,,,,,,,,,,,,,,,,,,,,,,,,,,,,,,,,,,,,,,,,
Tự Học Taekwondo Tại Nhà - Bài Căn Bản Số 2.mp4,Đỡ cao (trái),high_block,8,65.00,66.63,65.97,tay trái,1,7.05,3.17,3.88,,,,,,,,,1.28,0.89,0.80,0.20,1.12,0.48,1.27,1.00,,,,,,,,,,,,,,,,,,,,,,,,,,,,,,,,,,,,,,,,,,,,,,,,,,,,,,,,,,,,,,,,,,,,,,,,,,,,,,,,,,,,
Tự Học Taekwondo Tại Nhà - Bài Căn Bản Số 2.mp4,Đỡ cao (trái),high_block,9,66.63,68.40,67.57,tay trái,1,7.82,3.20,4.62,,,,,,,,,1.31,0.89,0.80,0.20,1.37,0.85,1.40,1.00,,,,,,,,,,,,,,,,,,,,,,,,,,,,,,,,,,,,,,,,,,,,,,,,,,,,,,,,,,,,,,,,,,,,,,,,,,,,,,,,,,,,
Tự Học Taekwondo Tại Nhà - Bài Căn Bản Số 2.mp4,Đỡ cao (trái),high_block,10,68.70,70.23,69.50,tay trái,1,5.66,2.92,2.74,,,,,,,,,1.31,0.61,0.80,0.20,1.11,0.56,0.59,0.48,,,,,,,,,,,,,,,,,,,,,,,,,,,,,,,,,,,,,,,,,,,,,,,,,,,,,,,,,,,,,,,,,,,,,,,,,,,,,,,,,,,,
Tự Học Taekwondo Tại Nhà - Bài Căn Bản Số 2.mp4,Đỡ cao (trái),high_block,11,70.47,72.17,71.43,tay trái,1,7.78,3.43,4.35,,,,,,,,,1.28,1.15,0.80,0.20,1.61,0.38,1.36,1.00,,,,,,,,,,,,,,,,,,,,,,,,,,,,,,,,,,,,,,,,,,,,,,,,,,,,,,,,,,,,,,,,,,,,,,,,,,,,,,,,,,,,
Tự Học Taekwondo Tại Nhà - Bài Căn Bản Số 2.mp4,Đỡ cao (trái),high_block,12,72.47,74.67,73.33,tay trái,1,7.91,3.17,4.74,,,,,,,,,1.28,0.89,0.80,0.20,1.18,1.16,1.40,1.00,,,,,,,,,,,,,,,,,,,,,,,,,,,,,,,,,,,,,,,,,,,,,,,,,,,,,,,,,,,,,,,,,,,,,,,,,,,,,,,,,,,,
Tự Học Taekwondo Tại Nhà - Bài Căn Bản Số 2.mp4,Đỡ cao (trái),high_block,1,320.07,321.60,320.67,tay trái,1,7.59,3.30,4.29,,,,,,,,,1.42,0.69,0.80,0.40,1.46,0.43,1.40,1.00,,,,,,,,,,,,,,,,,,,,,,,,,,,,,,,,,,,,,,,,,,,,,,,,,,,,,,,,,,,,,,,,,,,,,,,,,,,,,,,,,,,,
Tự Học Taekwondo Tại Nhà - Bài Căn Bản Số 2.mp4,Đỡ cao (trái),high_block,2,321.90,323.70,322.87,tay trái,1,7.15,2.96,4.19,,,,,,,,,1.25,0.60,0.80,0.32,1.44,0.35,1.40,1.00,,,,,,,,,,,,,,,,,,,,,,,,,,,,,,,,,,,,,,,,,,,,,,,,,,,,,,,,,,,,,,,,,,,,,,,,,,,,,,,,,,,,
Tự Học Taekwondo Tại Nhà - Bài Căn Bản Số 2.mp4,Đỡ cao (trái),high_block,3,324.27,326.47,325.10,tay trái,1,7.11,3.24,3.87,,,,,,,,,1.34,0.73,0.80,0.37,1.47,0.00,1.40,1.00,,,,,,,,,,,,,,,,,,,,,,,,,,,,,,,,,,,,,,,,,,,,,,,,,,,,,,,,,,,,,,,,,,,,,,,,,,,,,,,,,,,,
Tự Học Taekwondo Tại Nhà - Bài Căn Bản Số 2.mp4,Đỡ cao (trái),high_block,4,326.97,328.40,327.67,tay trái,1,7.59,2.95,4.64,,,,,,,,,0.96,0.99,0.80,0.20,2.00,0.24,1.40,1.00,,,,,,,,,,,,,,,,,,,,,,,,,,,,,,,,,,,,,,,,,,,,,,,,,,,,,,,,,,,,,,,,,,,,,,,,,,,,,,,,,,,,
Tự Học Taekwondo Tại Nhà - Bài Căn Bản Số 2.mp4,Đỡ cao (trái),high_block,5,328.77,330.40,329.70,tay trái,1,7.47,3.22,4.25,,,,,,,,,1.11,1.11,0.80,0.20,2.00,0.23,1.02,1.00,,,,,,,,,,,,,,,,,,,,,,,,,,,,,,,,,,,,,,,,,,,,,,,,,,,,,,,,,,,,,,,,,,,,,,,,,,,,,,,,,,,,
Tự Học Taekwondo Tại Nhà - Bài Căn Bản Số 2.mp4,Đỡ cao (trái),high_block,6,330.47,332.27,331.43,tay trái,1,7.93,3.03,4.90,,,,,,,,,0.83,1.20,0.80,0.20,2.00,0.50,1.40,1.00,,,,,,,,,,,,,,,,,,,,,,,,,,,,,,,,,,,,,,,,,,,,,,,,,,,,,,,,,,,,,,,,,,,,,,,,,,,,,,,,,,,,
Tự Học Taekwondo Tại Nhà - Bài Căn Bản Số 2.mp4,Đỡ cao (trái),high_block,7,332.57,334.30,333.50,tay trái,1,8.00,3.19,4.80,,,,,,,,,1.00,1.19,0.80,0.20,2.00,0.40,1.40,1.00,,,,,,,,,,,,,,,,,,,,,,,,,,,,,,,,,,,,,,,,,,,,,,,,,,,,,,,,,,,,,,,,,,,,,,,,,,,,,,,,,,,,
Tự Học Taekwondo Tại Nhà - Bài Căn Bản Số 2.mp4,Đỡ cao (trái),high_block,8,335.30,336.77,336.07,tay trái,1,7.17,3.25,3.92,,,,,,,,,1.28,0.97,0.80,0.20,1.03,0.49,1.40,1.00,,,,,,,,,,,,,,,,,,,,,,,,,,,,,,,,,,,,,,,,,,,,,,,,,,,,,,,,,,,,,,,,,,,,,,,,,,,,,,,,,,,,
Tự Học Taekwondo Tại Nhà - Bài Căn Bản Số 2.mp4,Đỡ cao (trái),high_block,9,336.77,338.53,337.70,tay trái,1,7.14,3.24,3.89,,,,,,,,,1.30,0.94,0.80,0.20,1.35,0.73,0.93,0.88,,,,,,,,,,,,,,,,,,,,,,,,,,,,,,,,,,,,,,,,,,,,,,,,,,,,,,,,,,,,,,,,,,,,,,,,,,,,,,,,,,,,
Tự Học Taekwondo Tại Nhà - Bài Căn Bản Số 2.mp4,Đỡ cao (trái),high_block,10,338.83,340.37,339.67,tay trái,1,6.36,2.89,3.47,,,,,,,,,1.31,0.58,0.80,0.20,1.15,0.50,1.19,0.63,,,,,,,,,,,,,,,,,,,,,,,,,,,,,,,,,,,,,,,,,,,,,,,,,,,,,,,,,,,,,,,,,,,,,,,,,,,,,,,,,,,,
Tự Học Taekwondo Tại Nhà - Bài Căn Bản Số 2.mp4,Đỡ cao (trái),high_block,11,340.63,342.30,341.57,tay trái,1,7.61,3.45,4.16,,,,,,,,,1.28,1.17,0.80,0.20,1.49,0.31,1.36,1.00,,,,,,,,,,,,,,,,,,,,,,,,,,,,,,,,,,,,,,,,,,,,,,,,,,,,,,,,,,,,,,,,,,,,,,,,,,,,,,,,,,,,
Tự Học Taekwondo Tại Nhà - Bài Căn Bản Số 2.mp4,Đỡ cao (trái),high_block,12,342.60,344.17,343.50,tay trái,1,8.05,3.18,4.86,,,,,,,,,1.28,0.90,0.80,0.20,1.30,1.17,1.40,1.00,,,,,,,,,,,,,,,,,,,,,,,,,,,,,,,,,,,,,,,,,,,,,,,,,,,,,,,,,,,,,,,,,,,,,,,,,,,,,,,,,,,,
Tự Học Taekwondo Tại Nhà - Bài Căn Bản Số 2.mp4,Đỡ cao (trái),high_block,13,344.40,346.60,345.37,tay trái,1,7.91,3.50,4.41,,,,,,,,,1.32,0.98,0.80,0.40,1.53,0.48,1.40,1.00,,,,,,,,,,,,,,,,,,,,,,,,,,,,,,,,,,,,,,,,,,,,,,,,,,,,,,,,,,,,,,,,,,,,,,,,,,,,,,,,,,,,
Tự Học Taekwondo Tại Nhà - Bài Căn Bản Số 2.mp4,Đá trước cao (phải),front,1,96.47,98.10,98.07,chân phải,1,6.20,1.20,5.00,,,,,2.00,1.60,1.40,0.00,,,,,,,,,0.00,1.20,0.00,0.00,,,,,,,,,,,,,,,,,,,,,,,,,,,,,,,,,,,,,,,,,,,,,,,,,,,,,,,,,,,,,,,,,,,,,,,,,,,,,,,,
Tự Học Taekwondo Tại Nhà - Bài Căn Bản Số 2.mp4,Đá trước cao (phải),front,2,98.10,99.67,98.50,chân phải,1,8.61,3.61,5.00,,,,,2.00,1.60,1.40,0.00,,,,,,,,,1.59,1.20,0.80,0.03,,,,,,,,,,,,,,,,,,,,,,,,,,,,,,,,,,,,,,,,,,,,,,,,,,,,,,,,,,,,,,,,,,,,,,,,,,,,,,,,
Tự Học Taekwondo Tại Nhà - Bài Căn Bản Số 2.mp4,Đá trước cao (phải),front,3,99.67,101.13,100.27,chân phải,1,8.60,3.60,5.00,,,,,2.00,1.60,1.40,0.00,,,,,,,,,1.60,1.20,0.80,0.00,,,,,,,,,,,,,,,,,,,,,,,,,,,,,,,,,,,,,,,,,,,,,,,,,,,,,,,,,,,,,,,,,,,,,,,,,,,,,,,,
Tự Học Taekwondo Tại Nhà - Bài Căn Bản Số 2.mp4,Đá trước cao (phải),front,4,101.13,102.73,102.70,chân phải,1,6.20,1.20,5.00,,,,,2.00,1.60,1.40,0.00,,,,,,,,,0.00,1.20,0.00,0.00,,,,,,,,,,,,,,,,,,,,,,,,,,,,,,,,,,,,,,,,,,,,,,,,,,,,,,,,,,,,,,,,,,,,,,,,,,,,,,,,
Tự Học Taekwondo Tại Nhà - Bài Căn Bản Số 2.mp4,Đá trước cao (phải),front,5,102.73,104.67,102.73,chân phải,1,6.65,1.65,5.00,,,,,2.00,1.60,1.40,0.00,,,,,,,,,0.45,1.20,0.00,0.00,,,,,,,,,,,,,,,,,,,,,,,,,,,,,,,,,,,,,,,,,,,,,,,,,,,,,,,,,,,,,,,,,,,,,,,,,,,,,,,,
Tự Học Taekwondo Tại Nhà - Bài Căn Bản Số 2.mp4,Đá trước cao (phải),front,6,104.67,106.30,106.30,chân phải,1,6.59,1.59,5.00,,,,,2.00,1.60,1.40,0.00,,,,,,,,,0.39,1.20,0.00,0.00,,,,,,,,,,,,,,,,,,,,,,,,,,,,,,,,,,,,,,,,,,,,,,,,,,,,,,,,,,,,,,,,,,,,,,,,,,,,,,,,
Tự Học Taekwondo Tại Nhà - Bài Căn Bản Số 2.mp4,Đá trước cao (phải),front,7,106.30,107.67,107.57,chân phải,1,6.20,1.20,5.00,,,,,2.00,1.60,1.40,0.00,,,,,,,,,0.00,1.20,0.00,0.00,,,,,,,,,,,,,,,,,,,,,,,,,,,,,,,,,,,,,,,,,,,,,,,,,,,,,,,,,,,,,,,,,,,,,,,,,,,,,,,,
Tự Học Taekwondo Tại Nhà - Bài Căn Bản Số 2.mp4,Đá trước cao (phải),front,8,107.67,109.37,108.53,chân phải,1,8.51,3.51,5.00,,,,,2.00,1.60,1.40,0.00,,,,,,,,,1.60,1.20,0.71,0.00,,,,,,,,,,,,,,,,,,,,,,,,,,,,,,,,,,,,,,,,,,,,,,,,,,,,,,,,,,,,,,,,,,,,,,,,,,,,,,,,
Tự Học Taekwondo Tại Nhà - Bài Căn Bản Số 2.mp4,Đá trước cao (phải),front,9,109.37,111.07,109.93,chân phải,1,8.60,3.60,5.00,,,,,2.00,1.60,1.40,0.00,,,,,,,,,1.50,1.16,0.80,0.14,,,,,,,,,,,,,,,,,,,,,,,,,,,,,,,,,,,,,,,,,,,,,,,,,,,,,,,,,,,,,,,,,,,,,,,,,,,,,,,,
Tự Học Taekwondo Tại Nhà - Bài Căn Bản Số 2.mp4,Đá trước cao (phải),front,10,111.07,112.63,111.67,chân phải,1,8.52,3.52,5.00,,,,,2.00,1.60,1.40,0.00,,,,,,,,,1.38,1.20,0.80,0.14,,,,,,,,,,,,,,,,,,,,,,,,,,,,,,,,,,,,,,,,,,,,,,,,,,,,,,,,,,,,,,,,,,,,,,,,,,,,,,,,
Tự Học Taekwondo Tại Nhà - Bài Căn Bản Số 2.mp4,Đá trước cao (phải),front,11,112.63,114.13,113.13,chân phải,1,8.70,3.70,5.00,,,,,2.00,1.60,1.40,0.00,,,,,,,,,1.56,1.20,0.80,0.14,,,,,,,,,,,,,,,,,,,,,,,,,,,,,,,,,,,,,,,,,,,,,,,,,,,,,,,,,,,,,,,,,,,,,,,,,,,,,,,,
Tự Học Taekwondo Tại Nhà - Bài Căn Bản Số 2.mp4,Đá trước cao (phải),front,12,114.13,116.00,114.93,chân phải,1,8.58,3.58,5.00,,,,,2.00,1.60,1.40,0.00,,,,,,,,,1.44,1.20,0.80,0.14,,,,,,,,,,,,,,,,,,,,,,,,,,,,,,,,,,,,,,,,,,,,,,,,,,,,,,,,,,,,,,,,,,,,,,,,,,,,,,,,
Tự Học Taekwondo Tại Nhà - Bài Căn Bản Số 2.mp4,Đá trước cao (phải),front,13,116.00,117.80,116.60,chân phải,1,8.43,3.43,5.00,,,,,2.00,1.60,1.40,0.00,,,,,,,,,1.30,1.20,0.80,0.14,,,,,,,,,,,,,,,,,,,,,,,,,,,,,,,,,,,,,,,,,,,,,,,,,,,,,,,,,,,,,,,,,,,,,,,,,,,,,,,,
Tự Học Taekwondo Tại Nhà - Bài Căn Bản Số 2.mp4,Đá trước cao (phải),front,14,117.80,119.30,118.33,chân phải,1,8.54,3.54,5.00,,,,,2.00,1.60,1.40,0.00,,,,,,,,,1.60,1.20,0.60,0.14,,,,,,,,,,,,,,,,,,,,,,,,,,,,,,,,,,,,,,,,,,,,,,,,,,,,,,,,,,,,,,,,,,,,,,,,,,,,,,,,
Tự Học Taekwondo Tại Nhà - Bài Căn Bản Số 2.mp4,Đá trước cao (phải),front,15,119.30,120.97,120.03,chân phải,1,8.66,3.66,5.00,,,,,2.00,1.60,1.40,0.00,,,,,,,,,1.60,1.20,0.80,0.06,,,,,,,,,,,,,,,,,,,,,,,,,,,,,,,,,,,,,,,,,,,,,,,,,,,,,,,,,,,,,,,,,,,,,,,,,,,,,,,,
Tự Học Taekwondo Tại Nhà - Bài Căn Bản Số 2.mp4,Đá trước cao (phải),front,1,366.60,368.23,368.20,chân phải,1,6.20,1.20,5.00,,,,,2.00,1.60,1.40,0.00,,,,,,,,,0.00,1.20,0.00,0.00,,,,,,,,,,,,,,,,,,,,,,,,,,,,,,,,,,,,,,,,,,,,,,,,,,,,,,,,,,,,,,,,,,,,,,,,,,,,,,,,
Tự Học Taekwondo Tại Nhà - Bài Căn Bản Số 2.mp4,Đá trước cao (phải),front,2,368.23,369.83,368.60,chân phải,1,8.63,3.63,5.00,,,,,2.00,1.60,1.40,0.00,,,,,,,,,1.58,1.20,0.80,0.05,,,,,,,,,,,,,,,,,,,,,,,,,,,,,,,,,,,,,,,,,,,,,,,,,,,,,,,,,,,,,,,,,,,,,,,,,,,,,,,,
Tự Học Taekwondo Tại Nhà - Bài Căn Bản Số 2.mp4,Đá trước cao (phải),front,3,369.83,371.27,371.20,chân phải,1,7.16,2.16,5.00,,,,,2.00,1.60,1.40,0.00,,,,,,,,,0.96,1.20,0.00,0.00,,,,,,,,,,,,,,,,,,,,,,,,,,,,,,,,,,,,,,,,,,,,,,,,,,,,,,,,,,,,,,,,,,,,,,,,,,,,,,,,
Tự Học Taekwondo Tại Nhà - Bài Căn Bản Số 2.mp4,Đá trước cao (phải),front,4,371.27,372.87,372.83,chân phải,1,6.20,1.20,5.00,,,,,2.00,1.60,1.40,0.00,,,,,,,,,0.00,1.20,0.00,0.00,,,,,,,,,,,,,,,,,,,,,,,,,,,,,,,,,,,,,,,,,,,,,,,,,,,,,,,,,,,,,,,,,,,,,,,,,,,,,,,,
Tự Học Taekwondo Tại Nhà - Bài Căn Bản Số 2.mp4,Đá trước cao (phải),front,5,372.87,374.80,372.87,chân phải,1,6.20,1.20,5.00,,,,,2.00,1.60,1.40,0.00,,,,,,,,,0.00,1.20,0.00,0.00,,,,,,,,,,,,,,,,,,,,,,,,,,,,,,,,,,,,,,,,,,,,,,,,,,,,,,,,,,,,,,,,,,,,,,,,,,,,,,,,
Tự Học Taekwondo Tại Nhà - Bài Căn Bản Số 2.mp4,Đá trước cao (phải),front,6,374.80,376.43,376.43,chân phải,1,6.61,1.61,5.00,,,,,2.00,1.60,1.40,0.00,,,,,,,,,0.41,1.20,0.00,0.00,,,,,,,,,,,,,,,,,,,,,,,,,,,,,,,,,,,,,,,,,,,,,,,,,,,,,,,,,,,,,,,,,,,,,,,,,,,,,,,,
Tự Học Taekwondo Tại Nhà - Bài Căn Bản Số 2.mp4,Đá trước cao (phải),front,7,376.43,377.80,377.80,chân phải,1,6.20,1.20,5.00,,,,,2.00,1.60,1.40,0.00,,,,,,,,,0.00,1.20,0.00,0.00,,,,,,,,,,,,,,,,,,,,,,,,,,,,,,,,,,,,,,,,,,,,,,,,,,,,,,,,,,,,,,,,,,,,,,,,,,,,,,,,
Tự Học Taekwondo Tại Nhà - Bài Căn Bản Số 2.mp4,Đá trước cao (phải),front,8,377.80,379.47,378.57,chân phải,1,8.52,3.52,5.00,,,,,2.00,1.60,1.40,0.00,,,,,,,,,1.60,1.20,0.72,0.00,,,,,,,,,,,,,,,,,,,,,,,,,,,,,,,,,,,,,,,,,,,,,,,,,,,,,,,,,,,,,,,,,,,,,,,,,,,,,,,,
Tự Học Taekwondo Tại Nhà - Bài Căn Bản Số 2.mp4,Đá trước cao (phải),front,9,379.47,381.20,380.07,chân phải,1,8.63,3.63,5.00,,,,,2.00,1.60,1.40,0.00,,,,,,,,,1.55,1.14,0.80,0.14,,,,,,,,,,,,,,,,,,,,,,,,,,,,,,,,,,,,,,,,,,,,,,,,,,,,,,,,,,,,,,,,,,,,,,,,,,,,,,,,
Tự Học Taekwondo Tại Nhà - Bài Căn Bản Số 2.mp4,Đá trước cao (phải),front,10,381.20,382.77,381.83,chân phải,1,8.46,3.46,5.00,,,,,2.00,1.60,1.40,0.00,,,,,,,,,1.32,1.20,0.80,0.14,,,,,,,,,,,,,,,,,,,,,,,,,,,,,,,,,,,,,,,,,,,,,,,,,,,,,,,,,,,,,,,,,,,,,,,,,,,,,,,,
Tự Học Taekwondo Tại Nhà - Bài Căn Bản Số 2.mp4,Đá trước cao (phải),front,11,382.77,384.33,383.27,chân phải,1,8.63,3.63,5.00,,,,,2.00,1.60,1.40,0.00,,,,,,,,,1.49,1.20,0.80,0.14,,,,,,,,,,,,,,,,,,,,,,,,,,,,,,,,,,,,,,,,,,,,,,,,,,,,,,,,,,,,,,,,,,,,,,,,,,,,,,,,
Tự Học Taekwondo Tại Nhà - Bài Căn Bản Số 2.mp4,Đá trước cao (phải),front,12,384.33,385.83,385.00,chân phải,1,8.74,3.74,5.00,,,,,2.00,1.60,1.40,0.00,,,,,,,,,1.60,1.20,0.80,0.14,,,,,,,,,,,,,,,,,,,,,,,,,,,,,,,,,,,,,,,,,,,,,,,,,,,,,,,,,,,,,,,,,,,,,,,,,,,,,,,,
Tự Học Taekwondo Tại Nhà - Bài Căn Bản Số 2.mp4,Đá trước cao (phải),front,13,385.83,387.93,386.77,chân phải,1,8.39,3.39,5.00,,,,,2.00,1.60,1.40,0.00,,,,,,,,,1.30,1.20,0.80,0.09,,,,,,,,,,,,,,,,,,,,,,,,,,,,,,,,,,,,,,,,,,,,,,,,,,,,,,,,,,,,,,,,,,,,,,,,,,,,,,,,
Tự Học Taekwondo Tại Nhà - Bài Căn Bản Số 2.mp4,Đá trước cao (phải),front,14,387.93,389.43,388.50,chân phải,1,8.56,3.56,5.00,,,,,2.00,1.60,1.40,0.00,,,,,,,,,1.60,1.20,0.62,0.14,,,,,,,,,,,,,,,,,,,,,,,,,,,,,,,,,,,,,,,,,,,,,,,,,,,,,,,,,,,,,,,,,,,,,,,,,,,,,,,,
Tự Học Taekwondo Tại Nhà - Bài Căn Bản Số 2.mp4,Đá trước cao (phải),front,15,389.43,391.13,390.13,chân phải,1,8.45,3.45,5.00,,,,,2.00,1.60,1.40,0.00,,,,,,,,,1.37,1.14,0.80,0.14,,,,,,,,,,,,,,,,,,,,,,,,,,,,,,,,,,,,,,,,,,,,,,,,,,,,,,,,,,,,,,,,,,,,,,,,,,,,,,,,
Tự Học Taekwondo Tại Nhà - Bài Căn Bản Số 2.mp4,Đá trước cao (phải),front,16,391.13,392.97,391.73,chân phải,1,8.74,3.74,5.00,,,,,2.00,1.60,1.40,0.00,,,,,,,,,1.60,1.20,0.80,0.14,,,,,,,,,,,,,,,,,,,,,,,,,,,,,,,,,,,,,,,,,,,,,,,,,,,,,,,,,,,,,,,,,,,,,,,,,,,,,,,,
Tự Học Taekwondo Tại Nhà - Bài Căn Bản Số 2.mp4,Đấm móc (trái),hook,1,140.00,141.50,140.97,tay trái,1,9.09,3.85,5.24,,,,,,,,,,,,,,,,,,,,,1.60,1.10,0.80,0.35,1.92,1.10,1.27,0.96,,,,,,,,,,,,,,,,,,,,,,,,,,,,,,,,,,,,,,,,,,,,,,,,,,,,,,,,,,,,,,,,,,,,,,,,
Tự Học Taekwondo Tại Nhà - Bài Căn Bản Số 2.mp4,Đấm móc (trái),hook,2,141.50,142.50,141.93,tay trái,1,9.92,3.92,6.00,,,,,,,,,,,,,,,,,,,,,1.60,1.20,0.80,0.32,2.00,1.60,1.40,1.00,,,,,,,,,,,,,,,,,,,,,,,,,,,,,,,,,,,,,,,,,,,,,,,,,,,,,,,,,,,,,,,,,,,,,,,,
Tự Học Taekwondo Tại Nhà - Bài Căn Bản Số 2.mp4,Đấm móc (trái),hook,3,142.50,143.47,142.93,tay trái,1,9.90,3.94,5.96,,,,,,,,,,,,,,,,,,,,,1.60,1.20,0.80,0.34,2.00,1.60,1.36,1.00,,,,,,,,,,,,,,,,,,,,,,,,,,,,,,,,,,,,,,,,,,,,,,,,,,,,,,,,,,,,,,,,,,,,,,,,
Tự Học Taekwondo Tại Nhà - Bài Căn Bản Số 2.mp4,Đấm móc (trái),hook,4,143.47,144.50,143.93,tay trái,1,9.91,3.95,5.96,,,,,,,,,,,,,,,,,,,,,1.60,1.20,0.80,0.35,2.00,1.60,1.36,1.00,,,,,,,,,,,,,,,,,,,,,,,,,,,,,,,,,,,,,,,,,,,,,,,,,,,,,,,,,,,,,,,,,,,,,,,,
Tự Học Taekwondo Tại Nhà - Bài Căn Bản Số 2.mp4,Đấm móc (trái),hook,5,144.50,145.33,144.90,tay trái,1,9.67,3.97,5.70,,,,,,,,,,,,,,,,,,,,,1.60,1.20,0.80,0.37,1.82,1.48,1.40,1.00,,,,,,,,,,,,,,,,,,,,,,,,,,,,,,,,,,,,,,,,,,,,,,,,,,,,,,,,,,,,,,,,,,,,,,,,
Tự Học Taekwondo Tại Nhà - Bài Căn Bản Số 2.mp4,Đấm móc (trái),hook,6,145.33,146.30,145.83,tay trái,1,9.20,3.72,5.49,,,,,,,,,,,,,,,,,,,,,1.60,1.18,0.55,0.39,1.96,1.43,1.10,1.00,,,,,,,,,,,,,,,,,,,,,,,,,,,,,,,,,,,,,,,,,,,,,,,,,,,,,,,,,,,,,,,,,,,,,,,,Video bắt đầu gần như ngay khi ra đòn — tư thế thủ ban đầu đo không chắc chắn.
Tự Học Taekwondo Tại Nhà - Bài Căn Bản Số 2.mp4,Đấm móc (trái),hook,7,146.30,147.13,146.83,tay trái,1,8.36,3.33,5.03,,,,,,,,,,,,,,,,,,,,,1.55,0.58,0.80,0.40,2.00,0.63,1.40,1.00,,,,,,,,,,,,,,,,,,,,,,,,,,,,,,,,,,,,,,,,,,,,,,,,,,,,,,,,,,,,,,,,,,,,,,,,
Tự Học Taekwondo Tại Nhà - Bài Căn Bản Số 2.mp4,Đấm móc (trái),hook,8,147.13,148.07,147.70,tay trái,1,7.99,3.16,4.83,,,,,,,,,,,,,,,,,,,,,1.60,0.37,0.80,0.39,2.00,0.43,1.40,1.00,,,,,,,,,,,,,,,,,,,,,,,,,,,,,,,,,,,,,,,,,,,,,,,,,,,,,,,,,,,,,,,,,,,,,,,,
Tự Học Taekwondo Tại Nhà - Bài Căn Bản Số 2.mp4,Đấm móc (trái),hook,9,148.07,148.97,148.57,tay trái,1,7.82,3.29,4.53,,,,,,,,,,,,,,,,,,,,,1.60,0.51,0.80,0.39,2.00,0.41,1.27,0.85,,,,,,,,,,,,,,,,,,,,,,,,,,,,,,,,,,,,,,,,,,,,,,,,,,,,,,,,,,,,,,,,,,,,,,,,
Tự Học Taekwondo Tại Nhà - Bài Căn Bản Số 2.mp4,Đấm móc (trái),hook,10,148.97,149.93,149.43,tay trái,1,8.15,3.31,4.84,,,,,,,,,,,,,,,,,,,,,1.60,0.51,0.80,0.40,2.00,0.44,1.40,1.00,,,,,,,,,,,,,,,,,,,,,,,,,,,,,,,,,,,,,,,,,,,,,,,,,,,,,,,,,,,,,,,,,,,,,,,,
Tự Học Taekwondo Tại Nhà - Bài Căn Bản Số 2.mp4,Đấm móc (trái),hook,11,149.93,151.90,150.93,tay trái,1,6.04,2.28,3.77,,,,,,,,,,,,,,,,,,,,,0.73,0.52,0.69,0.34,1.48,0.01,1.27,1.00,,,,,,,,,,,,,,,,,,,,,,,,,,,,,,,,,,,,,,,,,,,,,,,,,,,,,,,,,,,,,,,,,,,,,,,,
Tự Học Taekwondo Tại Nhà - Bài Căn Bản Số 2.mp4,Đấm móc (trái),hook,12,152.20,154.23,153.23,tay trái,1,5.98,2.56,3.42,,,,,,,,,,,,,,,,,,,,,1.14,0.34,0.70,0.38,1.28,0.00,1.27,0.86,,,,,,,,,,,,,,,,,,,,,,,,,,,,,,,,,,,,,,,,,,,,,,,,,,,,,,,,,,,,,,,,,,,,,,,,
Tự Học Taekwondo Tại Nhà - Bài Căn Bản Số 2.mp4,Đấm móc (trái),hook,13,154.37,156.10,155.23,tay trái,1,5.67,2.72,2.95,,,,,,,,,,,,,,,,,,,,,1.60,0.25,0.51,0.37,0.60,0.00,1.36,1.00,,,,,,,,,,,,,,,,,,,,,,,,,,,,,,,,,,,,,,,,,,,,,,,,,,,,,,,,,,,,,,,,,,,,,,,,
Tự Học Taekwondo Tại Nhà - Bài Căn Bản Số 2.mp4,Đấm móc (trái),hook,14,156.10,157.77,157.23,tay trái,1,5.15,3.27,1.88,,,,,,,,,,,,,,,,,,,,,1.60,0.48,0.80,0.39,0.92,0.07,0.42,0.46,,,,,,,,,,,,,,,,,,,,,,,,,,,,,,,,,,,,,,,,,,,,,,,,,,,,,,,,,,,,,,,,,,,,,,,,
Tự Học Taekwondo Tại Nhà - Bài Căn Bản Số 2.mp4,Đấm móc (trái),hook,15,158.23,160.40,159.37,tay trái,1,6.15,2.78,3.37,,,,,,,,,,,,,,,,,,,,,1.60,0.49,0.39,0.30,1.10,0.00,1.27,1.00,,,,,,,,,,,,,,,,,,,,,,,,,,,,,,,,,,,,,,,,,,,,,,,,,,,,,,,,,,,,,,,,,,,,,,,,
Tự Học Taekwondo Tại Nhà - Bài Căn Bản Số 2.mp4,Đấm móc (trái),hook,16,160.40,162.37,161.47,tay trái,1,6.51,2.60,3.91,,,,,,,,,,,,,,,,,,,,,0.97,0.55,0.75,0.33,1.72,0.00,1.19,1.00,,,,,,,,,,,,,,,,,,,,,,,,,,,,,,,,,,,,,,,,,,,,,,,,,,,,,,,,,,,,,,,,,,,,,,,,
Tự Học Taekwondo Tại Nhà - Bài Căn Bản Số 2.mp4,Đấm móc (trái),hook,17,162.37,164.37,163.50,tay trái,1,7.20,3.47,3.73,,,,,,,,,,,,,,,,,,,,,1.33,1.10,0.70,0.34,0.90,0.43,1.40,1.00,,,,,,,,,,,,,,,,,,,,,,,,,,,,,,,,,,,,,,,,,,,,,,,,,,,,,,,,,,,,,,,,,,,,,,,,
Tự Học Taekwondo Tại Nhà - Bài Căn Bản Số 2.mp4,Đấm móc (trái),hook,18,164.37,166.57,165.37,tay trái,1,4.98,3.75,1.23,,,,,,,,,,,,,,,,,,,,,1.60,1.09,0.66,0.40,0.42,0.60,0.00,0.21,,,,,,,,,,,,,,,,,,,,,,,,,,,,,,,,,,,,,,,,,,,,,,,,,,,,,,,,,,,,,,,,,,,,,,,,Video bắt đầu gần như ngay khi ra đòn — tư thế thủ ban đầu đo không chắc chắn.
Tự Học Taekwondo Tại Nhà - Bài Căn Bản Số 2.mp4,Đấm móc (trái),hook,1,410.07,411.63,411.10,tay trái,1,9.05,3.87,5.18,,,,,,,,,,,,,,,,,,,,,1.60,1.12,0.80,0.35,1.86,1.04,1.27,1.00,,,,,,,,,,,,,,,,,,,,,,,,,,,,,,,,,,,,,,,,,,,,,,,,,,,,,,,,,,,,,,,,,,,,,,,,
Tự Học Taekwondo Tại Nhà - Bài Căn Bản Số 2.mp4,Đấm móc (trái),hook,2,411.63,412.67,412.07,tay trái,1,9.88,3.88,6.00,,,,,,,,,,,,,,,,,,,,,1.60,1.20,0.80,0.28,2.00,1.60,1.40,1.00,,,,,,,,,,,,,,,,,,,,,,,,,,,,,,,,,,,,,,,,,,,,,,,,,,,,,,,,,,,,,,,,,,,,,,,,
Tự Học Taekwondo Tại Nhà - Bài Căn Bản Số 2.mp4,Đấm móc (trái),hook,3,412.67,413.60,413.07,tay trái,1,9.81,3.89,5.92,,,,,,,,,,,,,,,,,,,,,1.60,1.20,0.76,0.33,1.96,1.60,1.36,1.00,,,,,,,,,,,,,,,,,,,,,,,,,,,,,,,,,,,,,,,,,,,,,,,,,,,,,,,,,,,,,,,,,,,,,,,,Video bắt đầu gần như ngay khi ra đòn — tư thế thủ ban đầu đo không chắc chắn.
Tự Học Taekwondo Tại Nhà - Bài Căn Bản Số 2.mp4,Đấm móc (trái),hook,4,413.60,414.57,414.07,tay trái,1,9.91,3.95,5.96,,,,,,,,,,,,,,,,,,,,,1.60,1.20,0.80,0.35,2.00,1.60,1.36,1.00,,,,,,,,,,,,,,,,,,,,,,,,,,,,,,,,,,,,,,,,,,,,,,,,,,,,,,,,,,,,,,,,,,,,,,,,
Tự Học Taekwondo Tại Nhà - Bài Căn Bản Số 2.mp4,Đấm móc (trái),hook,5,414.57,415.47,415.03,tay trái,1,9.60,3.96,5.64,,,,,,,,,,,,,,,,,,,,,1.60,1.20,0.80,0.36,1.79,1.45,1.40,1.00,,,,,,,,,,,,,,,,,,,,,,,,,,,,,,,,,,,,,,,,,,,,,,,,,,,,,,,,,,,,,,,,,,,,,,,,
Tự Học Taekwondo Tại Nhà - Bài Căn Bản Số 2.mp4,Đấm móc (trái),hook,6,415.47,416.43,415.97,tay trái,1,9.71,3.98,5.73,,,,,,,,,,,,,,,,,,,,,1.58,1.20,0.80,0.40,2.00,1.54,1.19,1.00,,,,,,,,,,,,,,,,,,,,,,,,,,,,,,,,,,,,,,,,,,,,,,,,,,,,,,,,,,,,,,,,,,,,,,,,
Tự Học Taekwondo Tại Nhà - Bài Căn Bản Số 2.mp4,Đấm móc (trái),hook,7,416.43,417.30,416.97,tay trái,1,8.29,3.35,4.94,,,,,,,,,,,,,,,,,,,,,1.53,0.62,0.80,0.40,2.00,0.54,1.40,1.00,,,,,,,,,,,,,,,,,,,,,,,,,,,,,,,,,,,,,,,,,,,,,,,,,,,,,,,,,,,,,,,,,,,,,,,,
Tự Học Taekwondo Tại Nhà - Bài Căn Bản Số 2.mp4,Đấm móc (trái),hook,8,417.30,418.20,417.83,tay trái,1,7.94,3.21,4.74,,,,,,,,,,,,,,,,,,,,,1.60,0.41,0.80,0.40,2.00,0.34,1.40,1.00,,,,,,,,,,,,,,,,,,,,,,,,,,,,,,,,,,,,,,,,,,,,,,,,,,,,,,,,,,,,,,,,,,,,,,,,
Tự Học Taekwondo Tại Nhà - Bài Căn Bản Số 2.mp4,Đấm móc (trái),hook,9,418.20,419.07,418.70,tay trái,1,8.09,3.31,4.78,,,,,,,,,,,,,,,,,,,,,1.60,0.52,0.80,0.39,2.00,0.38,1.40,1.00,,,,,,,,,,,,,,,,,,,,,,,,,,,,,,,,,,,,,,,,,,,,,,,,,,,,,,,,,,,,,,,,,,,,,,,,
Tự Học Taekwondo Tại Nhà - Bài Căn Bản Số 2.mp4,Đấm móc (trái),hook,10,419.07,420.07,419.57,tay trái,1,8.06,3.27,4.79,,,,,,,,,,,,,,,,,,,,,1.60,0.47,0.80,0.40,2.00,0.39,1.40,1.00,,,,,,,,,,,,,,,,,,,,,,,,,,,,,,,,,,,,,,,,,,,,,,,,,,,,,,,,,,,,,,,,,,,,,,,,
Tự Học Taekwondo Tại Nhà - Bài Căn Bản Số 2.mp4,Đấm móc (trái),hook,11,420.07,422.03,421.07,tay trái,1,6.20,2.33,3.88,,,,,,,,,,,,,,,,,,,,,0.80,0.49,0.68,0.35,1.54,0.15,1.19,1.00,,,,,,,,,,,,,,,,,,,,,,,,,,,,,,,,,,,,,,,,,,,,,,,,,,,,,,,,,,,,,,,,,,,,,,,,
Tự Học Taekwondo Tại Nhà - Bài Căn Bản Số 2.mp4,Đấm móc (trái),hook,12,422.27,424.37,423.37,tay trái,1,6.22,2.42,3.80,,,,,,,,,,,,,,,,,,,,,1.03,0.33,0.69,0.37,1.44,0.00,1.36,1.00,,,,,,,,,,,,,,,,,,,,,,,,,,,,,,,,,,,,,,,,,,,,,,,,,,,,,,,,,,,,,,,,,,,,,,,,
Tự Học Taekwondo Tại Nhà - Bài Căn Bản Số 2.mp4,Đấm móc (trái),hook,13,424.50,426.30,425.40,tay trái,1,6.19,2.75,3.45,,,,,,,,,,,,,,,,,,,,,1.60,0.22,0.55,0.38,1.17,0.00,1.27,1.00,,,,,,,,,,,,,,,,,,,,,,,,,,,,,,,,,,,,,,,,,,,,,,,,,,,,,,,,,,,,,,,,,,,,,,,,
Tự Học Taekwondo Tại Nhà - Bài Căn Bản Số 2.mp4,Đấm móc (trái),hook,14,426.30,427.87,427.37,tay trái,1,6.04,2.94,3.11,,,,,,,,,,,,,,,,,,,,,1.60,0.46,0.49,0.39,0.80,0.04,1.27,1.00,,,,,,,,,,,,,,,,,,,,,,,,,,,,,,,,,,,,,,,,,,,,,,,,,,,,,,,,,,,,,,,,,,,,,,,,
Tự Học Taekwondo Tại Nhà - Bài Căn Bản Số 2.mp4,Đấm móc (trái),hook,15,428.37,430.53,429.50,tay trái,1,6.28,2.71,3.57,,,,,,,,,,,,,,,,,,,,,1.60,0.41,0.40,0.30,1.33,0.00,1.27,0.97,,,,,,,,,,,,,,,,,,,,,,,,,,,,,,,,,,,,,,,,,,,,,,,,,,,,,,,,,,,,,,,,,,,,,,,,
Tự Học Taekwondo Tại Nhà - Bài Căn Bản Số 2.mp4,Đấm móc (trái),hook,16,430.53,432.60,431.60,tay trái,1,6.30,2.72,3.59,,,,,,,,,,,,,,,,,,,,,1.07,0.56,0.75,0.33,1.49,0.03,1.19,0.88,,,,,,,,,,,,,,,,,,,,,,,,,,,,,,,,,,,,,,,,,,,,,,,,,,,,,,,,,,,,,,,,,,,,,,,,
Tự Học Taekwondo Tại Nhà - Bài Căn Bản Số 2.mp4,Đấm móc (trái),hook,17,432.67,434.50,433.63,tay trái,1,7.08,3.53,3.55,,,,,,,,,,,,,,,,,,,,,1.36,1.12,0.71,0.34,0.81,0.35,1.40,1.00,,,,,,,,,,,,,,,,,,,,,,,,,,,,,,,,,,,,,,,,,,,,,,,,,,,,,,,,,,,,,,,,,,,,,,,,
Tự Học Taekwondo Tại Nhà - Bài Căn Bản Số 2.mp4,Đấm móc (trái),hook,18,434.50,436.53,435.50,tay trái,1,4.93,3.75,1.19,,,,,,,,,,,,,,,,,,,,,1.60,1.06,0.69,0.40,0.41,0.33,0.00,0.45,,,,,,,,,,,,,,,,,,,,,,,,,,,,,,,,,,,,,,,,,,,,,,,,,,,,,,,,,,,,,,,,,,,,,,,,Video bắt đầu gần như ngay khi ra đòn — tư thế thủ ban đầu đo không chắc chắn.
Tự Học Taekwondo Tại Nhà - Bài Căn Bản Số 2.mp4,Xoay cổ đá vòng cầu (trái),roundhouse,1,184.40,186.60,186.43,chân trái,1,6.36,1.36,5.00,0.00,1.20,0.00,0.16,2.00,1.60,1.40,0.00,,,,,,,,,,,,,,,,,,,,,,,,,,,,,,,,,,,,,,,,,,,,,,,,,,,,,,,,,,,,,,,,,,,,,,,,,,,,,,,,,,,,,,,,,,,,
Tự Học Taekwondo Tại Nhà - Bài Căn Bản Số 2.mp4,Xoay cổ đá vòng cầu (trái),roundhouse,2,186.93,188.80,188.70,chân trái,1,6.20,1.20,5.00,0.00,1.20,0.00,0.00,2.00,1.60,1.40,0.00,,,,,,,,,,,,,,,,,,,,,,,,,,,,,,,,,,,,,,,,,,,,,,,,,,,,,,,,,,,,,,,,,,,,,,,,,,,,,,,,,,,,,,,,,,,,
Tự Học Taekwondo Tại Nhà - Bài Căn Bản Số 2.mp4,Xoay cổ đá vòng cầu (trái),roundhouse,3,188.97,191.17,189.20,chân trái,1,6.70,1.70,5.00,0.34,1.20,0.00,0.16,2.00,1.60,1.40,0.00,,,,,,,,,,,,,,,,,,,,,,,,,,,,,,,,,,,,,,,,,,,,,,,,,,,,,,,,,,,,,,,,,,,,,,,,,,,,,,,,,,,,,,,,,,,,
Tự Học Taekwondo Tại Nhà - Bài Căn Bản Số 2.mp4,Xoay cổ đá vòng cầu (trái),roundhouse,4,191.67,193.50,192.73,chân trái,1,6.36,1.36,5.00,0.00,1.20,0.00,0.16,2.00,1.60,1.40,0.00,,,,,,,,,,,,,,,,,,,,,,,,,,,,,,,,,,,,,,,,,,,,,,,,,,,,,,,,,,,,,,,,,,,,,,,,,,,,,,,,,,,,,,,,,,,,
Tự Học Taekwondo Tại Nhà - Bài Căn Bản Số 2.mp4,Xoay cổ đá vòng cầu (trái),roundhouse,5,194.07,195.93,195.77,chân trái,1,6.47,1.47,5.00,0.00,1.20,0.27,0.00,2.00,1.60,1.40,0.00,,,,,,,,,,,,,,,,,,,,,,,,,,,,,,,,,,,,,,,,,,,,,,,,,,,,,,,,,,,,,,,,,,,,,,,,,,,,,,,,,,,,,,,,,,,,
Tự Học Taekwondo Tại Nhà - Bài Căn Bản Số 2.mp4,Xoay cổ đá vòng cầu (trái),roundhouse,6,195.97,198.17,197.97,chân trái,1,6.68,1.68,5.00,0.00,1.20,0.48,0.00,2.00,1.60,1.40,0.00,,,,,,,,,,,,,,,,,,,,,,,,,,,,,,,,,,,,,,,,,,,,,,,,,,,,,,,,,,,,,,,,,,,,,,,,,,,,,,,,,,,,,,,,,,,,
Tự Học Taekwondo Tại Nhà - Bài Căn Bản Số 2.mp4,Xoay cổ đá vòng cầu (trái),roundhouse,7,199.10,200.90,199.17,chân trái,1,6.50,1.70,4.80,0.44,1.10,0.00,0.16,2.00,1.60,1.20,0.00,,,,,,,,,,,,,,,,,,,,,,,,,,,,,,,,,,,,,,,,,,,,,,,,,,,,,,,,,,,,,,,,,,,,,,,,,,,,,,,,,,,,,,,,,,,,
Tự Học Taekwondo Tại Nhà - Bài Căn Bản Số 2.mp4,Xoay cổ đá vòng cầu (trái),roundhouse,8,200.90,203.10,203.03,chân trái,1,6.36,1.36,5.00,0.00,1.20,0.00,0.16,2.00,1.60,1.40,0.00,,,,,,,,,,,,,,,,,,,,,,,,,,,,,,,,,,,,,,,,,,,,,,,,,,,,,,,,,,,,,,,,,,,,,,,,,,,,,,,,,,,,,,,,,,,,
Tự Học Taekwondo Tại Nhà - Bài Căn Bản Số 2.mp4,Xoay cổ đá vòng cầu (trái),roundhouse,9,203.23,205.23,205.20,chân trái,1,6.36,1.36,5.00,0.00,1.20,0.00,0.16,2.00,1.60,1.40,0.00,,,,,,,,,,,,,,,,,,,,,,,,,,,,,,,,,,,,,,,,,,,,,,,,,,,,,,,,,,,,,,,,,,,,,,,,,,,,,,,,,,,,,,,,,,,,
Tự Học Taekwondo Tại Nhà - Bài Căn Bản Số 2.mp4,Xoay cổ đá vòng cầu (trái),roundhouse,10,205.47,207.57,207.27,chân trái,1,6.36,1.36,5.00,0.00,1.20,0.00,0.16,2.00,1.60,1.40,0.00,,,,,,,,,,,,,,,,,,,,,,,,,,,,,,,,,,,,,,,,,,,,,,,,,,,,,,,,,,,,,,,,,,,,,,,,,,,,,,,,,,,,,,,,,,,,
Tự Học Taekwondo Tại Nhà - Bài Căn Bản Số 2.mp4,Xoay cổ đá vòng cầu (trái),roundhouse,11,207.63,209.60,207.97,chân trái,1,7.33,2.33,5.00,0.34,1.19,0.80,0.00,2.00,1.60,1.40,0.00,,,,,,,,,,,,,,,,,,,,,,,,,,,,,,,,,,,,,,,,,,,,,,,,,,,,,,,,,,,,,,,,,,,,,,,,,,,,,,,,,,,,,,,,,,,,
Tự Học Taekwondo Tại Nhà - Bài Căn Bản Số 2.mp4,Xoay cổ đá vòng cầu (trái),roundhouse,12,209.60,210.97,210.00,chân trái,1,6.45,1.45,5.00,0.09,1.20,0.00,0.16,2.00,1.60,1.40,0.00,,,,,,,,,,,,,,,,,,,,,,,,,,,,,,,,,,,,,,,,,,,,,,,,,,,,,,,,,,,,,,,,,,,,,,,,,,,,,,,,,,,,,,,,,,,,
Tự Học Taekwondo Tại Nhà - Bài Căn Bản Số 2.mp4,Xoay cổ đá vòng cầu (trái),roundhouse,1,456.00,457.03,456.57,chân trái,1,4.78,1.18,3.60,0.48,0.54,0.00,0.16,2.00,1.60,0.00,0.00,,,,,,,,,,,,,,,,,,,,,,,,,,,,,,,,,,,,,,,,,,,,,,,,,,,,,,,,,,,,,,,,,,,,,,,,,,,,,,,,,,,,,,,,,,,,
Tự Học Taekwondo Tại Nhà - Bài Căn Bản Số 2.mp4,Xoay cổ đá vòng cầu (trái),roundhouse,2,457.03,459.10,458.83,chân trái,1,6.20,1.20,5.00,0.00,1.20,0.00,0.00,2.00,1.60,1.40,0.00,,,,,,,,,,,,,,,,,,,,,,,,,,,,,,,,,,,,,,,,,,,,,,,,,,,,,,,,,,,,,,,,,,,,,,,,,,,,,,,,,,,,,,,,,,,,
Tự Học Taekwondo Tại Nhà - Bài Căn Bản Số 2.mp4,Xoay cổ đá vòng cầu (trái),roundhouse,3,459.40,461.27,459.43,chân trái,1,6.65,1.65,5.00,0.29,1.20,0.00,0.16,2.00,1.60,1.40,0.00,,,,,,,,,,,,,,,,,,,,,,,,,,,,,,,,,,,,,,,,,,,,,,,,,,,,,,,,,,,,,,,,,,,,,,,,,,,,,,,,,,,,,,,,,,,,
Tự Học Taekwondo Tại Nhà - Bài Căn Bản Số 2.mp4,Xoay cổ đá vòng cầu (trái),roundhouse,4,461.63,463.67,462.87,chân trái,1,6.36,1.36,5.00,0.00,1.20,0.00,0.16,2.00,1.60,1.40,0.00,,,,,,,,,,,,,,,,,,,,,,,,,,,,,,,,,,,,,,,,,,,,,,,,,,,,,,,,,,,,,,,,,,,,,,,,,,,,,,,,,,,,,,,,,,,,
Tự Học Taekwondo Tại Nhà - Bài Căn Bản Số 2.mp4,Xoay cổ đá vòng cầu (trái),roundhouse,5,464.20,466.07,465.90,chân trái,1,6.46,1.46,5.00,0.00,1.20,0.26,0.00,2.00,1.60,1.40,0.00,,,,,,,,,,,,,,,,,,,,,,,,,,,,,,,,,,,,,,,,,,,,,,,,,,,,,,,,,,,,,,,,,,,,,,,,,,,,,,,,,,,,,,,,,,,,
Tự Học Taekwondo Tại Nhà - Bài Căn Bản Số 2.mp4,Xoay cổ đá vòng cầu (trái),roundhouse,6,466.10,468.30,468.07,chân trái,1,6.92,1.92,5.00,0.00,1.20,0.72,0.00,2.00,1.60,1.40,0.00,,,,,,,,,,,,,,,,,,,,,,,,,,,,,,,,,,,,,,,,,,,,,,,,,,,,,,,,,,,,,,,,,,,,,,,,,,,,,,,,,,,,,,,,,,,,
Tự Học Taekwondo Tại Nhà - Bài Căn Bản Số 2.mp4,Xoay cổ đá vòng cầu (trái),roundhouse,7,469.33,471.37,469.33,chân trái,1,6.69,1.79,4.90,0.48,1.15,0.00,0.16,2.00,1.60,1.30,0.00,,,,,,,,,,,,,,,,,,,,,,,,,,,,,,,,,,,,,,,,,,,,,,,,,,,,,,,,,,,,,,,,,,,,,,,,,,,,,,,,,,,,,,,,,,,,
Tự Học Taekwondo Tại Nhà - Bài Căn Bản Số 2.mp4,Xoay cổ đá vòng cầu (trái),roundhouse,8,471.40,473.23,473.17,chân trái,1,6.36,1.36,5.00,0.00,1.20,0.00,0.16,2.00,1.60,1.40,0.00,,,,,,,,,,,,,,,,,,,,,,,,,,,,,,,,,,,,,,,,,,,,,,,,,,,,,,,,,,,,,,,,,,,,,,,,,,,,,,,,,,,,,,,,,,,,
Tự Học Taekwondo Tại Nhà - Bài Căn Bản Số 2.mp4,Xoay cổ đá vòng cầu (trái),roundhouse,9,473.30,475.40,475.30,chân trái,1,6.36,1.36,5.00,0.00,1.20,0.00,0.16,2.00,1.60,1.40,0.00,,,,,,,,,,,,,,,,,,,,,,,,,,,,,,,,,,,,,,,,,,,,,,,,,,,,,,,,,,,,,,,,,,,,,,,,,,,,,,,,,,,,,,,,,,,,
Tự Học Taekwondo Tại Nhà - Bài Căn Bản Số 2.mp4,Xoay cổ đá vòng cầu (trái),roundhouse,10,475.53,477.70,477.37,chân trái,1,6.36,1.36,5.00,0.00,1.20,0.00,0.16,2.00,1.60,1.40,0.00,,,,,,,,,,,,,,,,,,,,,,,,,,,,,,,,,,,,,,,,,,,,,,,,,,,,,,,,,,,,,,,,,,,,,,,,,,,,,,,,,,,,,,,,,,,,
Tự Học Taekwondo Tại Nhà - Bài Căn Bản Số 2.mp4,Xoay cổ đá vòng cầu (trái),roundhouse,11,477.77,479.80,478.10,chân trái,1,7.33,2.33,5.00,0.42,1.20,0.71,0.00,2.00,1.60,1.40,0.00,,,,,,,,,,,,,,,,,,,,,,,,,,,,,,,,,,,,,,,,,,,,,,,,,,,,,,,,,,,,,,,,,,,,,,,,,,,,,,,,,,,,,,,,,,,,
Tự Học Taekwondo Tại Nhà - Bài Căn Bản Số 2.mp4,Xoay cổ đá vòng cầu (trái),roundhouse,12,480.00,481.87,480.13,chân trái,1,6.68,1.68,5.00,0.48,1.20,0.00,0.00,2.00,1.60,1.40,0.00,,,,,,,,,,,,,,,,,,,,,,,,,,,,,,,,,,,,,,,,,,,,,,,,,,,,,,,,,,,,,,,,,,,,,,,,,,,,,,,,,,,,,,,,,,,,
Tự Học Taekwondo Tại Nhà - Bài Căn Bản Số 2.mp4,Bước mở chân – chém cạnh 2 tay,knife_block,1,230.67,232.23,231.60,tay trái,1,9.16,3.24,5.92,,,,,,,,,,,,,2.00,,,0.96,,,,,,,,,,,,,1.04,1.20,0.80,0.20,,,,,,,,,,,,,,,,,,,,,,,,,,,,,,,,,,,,,,,,,,,,,,,,,,,,,,,,,,,,,,,,,,,,Video bắt đầu giữa động tác — các mục xoay thân/thời gian ra đòn không tính.
Tự Học Taekwondo Tại Nhà - Bài Căn Bản Số 2.mp4,Bước mở chân – chém cạnh 2 tay,knife_block,2,232.70,234.20,233.53,tay trái,1,8.18,3.24,4.94,,,,,,,,,,,,,2.00,1.60,0.34,1.00,,,,,,,,,,,,,1.04,1.20,0.80,0.20,,,,,,,,,,,,,,,,,,,,,,,,,,,,,,,,,,,,,,,,,,,,,,,,,,,,,,,,,,,,,,,,,,,,
Tự Học Taekwondo Tại Nhà - Bài Căn Bản Số 2.mp4,Bước mở chân – chém cạnh 2 tay,knife_block,3,234.63,236.20,235.50,tay trái,1,8.32,3.24,5.08,,,,,,,,,,,,,1.81,1.60,0.68,0.99,,,,,,,,,,,,,1.04,1.20,0.80,0.20,,,,,,,,,,,,,,,,,,,,,,,,,,,,,,,,,,,,,,,,,,,,,,,,,,,,,,,,,,,,,,,,,,,,
Tự Học Taekwondo Tại Nhà - Bài Căn Bản Số 2.mp4,Bước mở chân – chém cạnh 2 tay,knife_block,4,236.50,238.27,237.33,tay trái,1,7.88,3.24,4.64,,,,,,,,,,,,,1.92,,,0.39,,,,,,,,,,,,,1.04,1.20,0.80,0.20,,,,,,,,,,,,,,,,,,,,,,,,,,,,,,,,,,,,,,,,,,,,,,,,,,,,,,,,,,,,,,,,,,,,Video bắt đầu giữa động tác — các mục xoay thân/thời gian ra đòn không tính.
Tự Học Taekwondo Tại Nhà - Bài Căn Bản Số 2.mp4,Bước mở chân – chém cạnh 2 tay,knife_block,5,238.80,240.50,239.67,tay phải,1,7.86,3.06,4.80,,,,,,,,,,,,,1.69,1.09,1.02,1.00,,,,,,,,,,,,,1.04,1.02,0.80,0.20,,,,,,,,,,,,,,,,,,,,,,,,,,,,,,,,,,,,,,,,,,,,,,,,,,,,,,,,,,,,,,,,,,,,
Tự Học Taekwondo Tại Nhà - Bài Căn Bản Số 2.mp4,Bước mở chân – chém cạnh 2 tay,knife_block,6,240.50,242.37,241.43,tay phải,1,8.37,3.09,5.28,,,,,,,,,,,,,1.71,1.21,1.36,1.00,,,,,,,,,,,,,1.04,1.05,0.80,0.20,,,,,,,,,,,,,,,,,,,,,,,,,,,,,,,,,,,,,,,,,,,,,,,,,,,,,,,,,,,,,,,,,,,,
Tự Học Taekwondo Tại Nhà - Bài Căn Bản Số 2.mp4,Bước mở chân – chém cạnh 2 tay,knife_block,7,242.60,244.37,243.37,tay phải,1,8.46,3.08,5.38,,,,,,,,,,,,,1.76,1.52,1.10,1.00,,,,,,,,,,,,,1.04,1.04,0.80,0.20,,,,,,,,,,,,,,,,,,,,,,,,,,,,,,,,,,,,,,,,,,,,,,,,,,,,,,,,,,,,,,,,,,,,
Tự Học Taekwondo Tại Nhà - Bài Căn Bản Số 2.mp4,Bước mở chân – chém cạnh 2 tay,knife_block,8,244.70,246.70,245.37,tay phải,1,8.55,3.09,5.46,,,,,,,,,,,,,1.98,1.08,1.40,1.00,,,,,,,,,,,,,1.04,1.05,0.80,0.20,,,,,,,,,,,,,,,,,,,,,,,,,,,,,,,,,,,,,,,,,,,,,,,,,,,,,,,,,,,,,,,,,,,,
Tự Học Taekwondo Tại Nhà - Bài Căn Bản Số 2.mp4,Bước mở chân – chém cạnh 2 tay,knife_block,9,246.77,248.53,247.63,tay phải,1,8.39,3.11,5.28,,,,,,,,,,,,,2.00,1.34,0.93,1.00,,,,,,,,,,,,,1.04,1.07,0.80,0.20,,,,,,,,,,,,,,,,,,,,,,,,,,,,,,,,,,,,,,,,,,,,,,,,,,,,,,,,,,,,,,,,,,,,
Tự Học Taekwondo Tại Nhà - Bài Căn Bản Số 2.mp4,Bước mở chân – chém cạnh 2 tay,knife_block,10,248.87,250.67,249.57,tay phải,1,8.14,3.11,5.03,,,,,,,,,,,,,1.63,1.12,1.27,1.00,,,,,,,,,,,,,1.04,1.07,0.80,0.20,,,,,,,,,,,,,,,,,,,,,,,,,,,,,,,,,,,,,,,,,,,,,,,,,,,,,,,,,,,,,,,,,,,,
Tự Học Taekwondo Tại Nhà - Bài Căn Bản Số 2.mp4,Bước mở chân – chém cạnh 2 tay,knife_block,11,250.97,252.93,251.70,tay phải,1,7.95,3.09,4.86,,,,,,,,,,,,,1.75,,,0.68,,,,,,,,,,,,,1.04,1.05,0.80,0.20,,,,,,,,,,,,,,,,,,,,,,,,,,,,,,,,,,,,,,,,,,,,,,,,,,,,,,,,,,,,,,,,,,,,Video bắt đầu giữa động tác — các mục xoay thân/thời gian ra đòn không tính.
Tự Học Taekwondo Tại Nhà - Bài Căn Bản Số 2.mp4,Bước mở chân – chém cạnh 2 tay,knife_block,12,253.47,255.00,254.30,tay phải,1,8.99,3.06,5.93,,,,,,,,,,,,,2.00,,,0.97,,,,,,,,,,,,,1.04,1.02,0.80,0.20,,,,,,,,,,,,,,,,,,,,,,,,,,,,,,,,,,,,,,,,,,,,,,,,,,,,,,,,,,,,,,,,,,,,Video bắt đầu giữa động tác — các mục xoay thân/thời gian ra đòn không tính.
Tự Học Taekwondo Tại Nhà - Bài Căn Bản Số 2.mp4,Bước mở chân – chém cạnh 2 tay,knife_block,13,255.00,256.97,255.57,tay phải,1,8.99,3.08,5.91,,,,,,,,,,,,,2.00,1.51,1.40,1.00,,,,,,,,,,,,,1.04,1.04,0.80,0.20,,,,,,,,,,,,,,,,,,,,,,,,,,,,,,,,,,,,,,,,,,,,,,,,,,,,,,,,,,,,,,,,,,,,
Tự Học Taekwondo Tại Nhà - Bài Căn Bản Số 2.mp4,Bước mở chân – chém cạnh 2 tay,knife_block,1,500.83,502.37,501.73,tay trái,1,9.24,3.24,6.00,,,,,,,,,,,,,2.00,,,1.00,,,,,,,,,,,,,1.04,1.20,0.80,0.20,,,,,,,,,,,,,,,,,,,,,,,,,,,,,,,,,,,,,,,,,,,,,,,,,,,,,,,,,,,,,,,,,,,,Video bắt đầu giữa động tác — các mục xoay thân/thời gian ra đòn không tính.
Tự Học Taekwondo Tại Nhà - Bài Căn Bản Số 2.mp4,Bước mở chân – chém cạnh 2 tay,knife_block,2,502.80,504.33,503.33,tay trái,1,9.04,3.24,5.80,,,,,,,,,,,,,1.90,,,1.00,,,,,,,,,,,,,1.04,1.20,0.80,0.20,,,,,,,,,,,,,,,,,,,,,,,,,,,,,,,,,,,,,,,,,,,,,,,,,,,,,,,,,,,,,,,,,,,,Video bắt đầu giữa động tác — các mục xoay thân/thời gian ra đòn không tính.
Tự Học Taekwondo Tại Nhà - Bài Căn Bản Số 2.mp4,Bước mở chân – chém cạnh 2 tay,knife_block,3,504.83,506.33,505.63,tay trái,1,8.36,3.24,5.12,,,,,,,,,,,,,1.93,1.60,0.59,1.00,,,,,,,,,,,,,1.04,1.20,0.80,0.20,,,,,,,,,,,,,,,,,,,,,,,,,,,,,,,,,,,,,,,,,,,,,,,,,,,,,,,,,,,,,,,,,,,,
Tự Học Taekwondo Tại Nhà - Bài Căn Bản Số 2.mp4,Bước mở chân – chém cạnh 2 tay,knife_block,4,506.57,508.43,507.50,tay trái,1,7.99,3.24,4.75,,,,,,,,,,,,,2.00,,,0.37,,,,,,,,,,,,,1.04,1.20,0.80,0.20,,,,,,,,,,,,,,,,,,,,,,,,,,,,,,,,,,,,,,,,,,,,,,,,,,,,,,,,,,,,,,,,,,,,Video bắt đầu giữa động tác — các mục xoay thân/thời gian ra đòn không tính.
Tự Học Taekwondo Tại Nhà - Bài Căn Bản Số 2.mp4,Bước mở chân – chém cạnh 2 tay,knife_block,5,508.97,510.60,509.83,tay phải,1,7.72,3.05,4.67,,,,,,,,,,,,,1.64,1.10,0.93,1.00,,,,,,,,,,,,,1.04,1.01,0.80,0.20,,,,,,,,,,,,,,,,,,,,,,,,,,,,,,,,,,,,,,,,,,,,,,,,,,,,,,,,,,,,,,,,,,,,
Tự Học Taekwondo Tại Nhà - Bài Căn Bản Số 2.mp4,Bước mở chân – chém cạnh 2 tay,knife_block,6,510.87,512.50,511.77,tay phải,1,8.03,3.09,4.93,,,,,,,,,,,,,1.81,1.27,0.85,1.00,,,,,,,,,,,,,1.04,1.05,0.80,0.20,,,,,,,,,,,,,,,,,,,,,,,,,,,,,,,,,,,,,,,,,,,,,,,,,,,,,,,,,,,,,,,,,,,,
Tự Học Taekwondo Tại Nhà - Bài Căn Bản Số 2.mp4,Bước mở chân – chém cạnh 2 tay,knife_block,7,512.63,514.50,513.40,tay phải,1,8.77,3.10,5.67,,,,,,,,,,,,,1.75,1.56,1.36,1.00,,,,,,,,,,,,,1.04,1.06,0.80,0.20,,,,,,,,,,,,,,,,,,,,,,,,,,,,,,,,,,,,,,,,,,,,,,,,,,,,,,,,,,,,,,,,,,,,
Tự Học Taekwondo Tại Nhà - Bài Căn Bản Số 2.mp4,Bước mở chân – chém cạnh 2 tay,knife_block,8,514.67,516.83,515.53,tay phải,1,8.64,3.09,5.55,,,,,,,,,,,,,2.00,1.19,1.36,1.00,,,,,,,,,,,,,1.04,1.05,0.80,0.20,,,,,,,,,,,,,,,,,,,,,,,,,,,,,,,,,,,,,,,,,,,,,,,,,,,,,,,,,,,,,,,,,,,,
Tự Học Taekwondo Tại Nhà - Bài Căn Bản Số 2.mp4,Bước mở chân – chém cạnh 2 tay,knife_block,9,516.90,518.67,517.77,tay phải,1,8.37,3.10,5.27,,,,,,,,,,,,,2.00,1.42,0.85,1.00,,,,,,,,,,,,,1.04,1.06,0.80,0.20,,,,,,,,,,,,,,,,,,,,,,,,,,,,,,,,,,,,,,,,,,,,,,,,,,,,,,,,,,,,,,,,,,,,
Tự Học Taekwondo Tại Nhà - Bài Căn Bản Số 2.mp4,Bước mở chân – chém cạnh 2 tay,knife_block,10,519.03,520.80,519.70,tay phải,1,8.09,3.11,4.98,,,,,,,,,,,,,1.65,0.97,1.36,1.00,,,,,,,,,,,,,1.04,1.07,0.80,0.20,,,,,,,,,,,,,,,,,,,,,,,,,,,,,,,,,,,,,,,,,,,,,,,,,,,,,,,,,,,,,,,,,,,,
Tự Học Taekwondo Tại Nhà - Bài Căn Bản Số 2.mp4,Bước mở chân – chém cạnh 2 tay,knife_block,11,521.13,523.07,521.83,tay phải,1,8.13,3.09,5.05,,,,,,,,,,,,,1.69,,,0.84,,,,,,,,,,,,,1.04,1.05,0.80,0.20,,,,,,,,,,,,,,,,,,,,,,,,,,,,,,,,,,,,,,,,,,,,,,,,,,,,,,,,,,,,,,,,,,,,Video bắt đầu giữa động tác — các mục xoay thân/thời gian ra đòn không tính.
Tự Học Taekwondo Tại Nhà - Bài Căn Bản Số 2.mp4,Bước mở chân – chém cạnh 2 tay,knife_block,12,523.63,525.10,524.40,tay phải,1,8.90,3.00,5.90,,,,,,,,,,,,,2.00,,,0.95,,,,,,,,,,,,,1.04,0.96,0.80,0.20,,,,,,,,,,,,,,,,,,,,,,,,,,,,,,,,,,,,,,,,,,,,,,,,,,,,,,,,,,,,,,,,,,,,Video bắt đầu giữa động tác — các mục xoay thân/thời gian ra đòn không tính.
Tự Học Taekwondo Tại Nhà - Bài Căn Bản Số 2.mp4,Bước mở chân – chém cạnh 2 tay,knife_block,13,525.10,526.97,525.73,tay phải,1,8.98,3.08,5.89,,,,,,,,,,,,,2.00,1.49,1.40,1.00,,,,,,,,,,,,,1.04,1.04,0.80,0.20,,,,,,,,,,,,,,,,,,,,,,,,,,,,,,,,,,,,,,,,,,,,,,,,,,,,,,,,,,,,,,,,,,,,
Tự Học Taekwondo Tại Nhà - Bài Căn Bản Số 2.mp4,Bước mở chân – chém đao 1 tay,knife_strike,1,276.40,277.97,276.97,tay trái,1,8.45,3.39,5.06,,,,,,,,,,,,,2.00,0.66,1.40,1.00,,,,,,,,,,,,,,,,,1.55,0.84,0.80,0.20,,,,,,,,,,,,,,,,,,,,,,,,,,,,,,,,,,,,,,,,,,,,,,,,,,,,,,,,,,,,,,,,
Tự Học Taekwondo Tại Nhà - Bài Căn Bản Số 2.mp4,Bước mở chân – chém đao 1 tay,knife_strike,2,278.03,280.03,279.03,tay trái,1,8.90,3.55,5.36,,,,,,,,,,,,,2.00,0.96,1.40,1.00,,,,,,,,,,,,,,,,,1.53,1.01,0.80,0.20,,,,,,,,,,,,,,,,,,,,,,,,,,,,,,,,,,,,,,,,,,,,,,,,,,,,,,,,,,,,,,,,
Tự Học Taekwondo Tại Nhà - Bài Căn Bản Số 2.mp4,Bước mở chân – chém đao 1 tay,knife_strike,3,280.13,281.97,281.00,tay trái,1,8.82,3.53,5.28,,,,,,,,,,,,,2.00,0.88,1.40,1.00,,,,,,,,,,,,,,,,,1.52,1.01,0.80,0.20,,,,,,,,,,,,,,,,,,,,,,,,,,,,,,,,,,,,,,,,,,,,,,,,,,,,,,,,,,,,,,,,
Tự Học Taekwondo Tại Nhà - Bài Căn Bản Số 2.mp4,Bước mở chân – chém đao 1 tay,knife_strike,4,282.70,284.17,283.63,tay trái,1,7.38,3.37,4.01,,,,,,,,,,,,,2.00,0.75,0.25,1.00,,,,,,,,,,,,,,,,,1.53,0.84,0.80,0.20,,,,,,,,,,,,,,,,,,,,,,,,,,,,,,,,,,,,,,,,,,,,,,,,,,,,,,,,,,,,,,,,
Tự Học Taekwondo Tại Nhà - Bài Căn Bản Số 2.mp4,Bước mở chân – chém đao 1 tay,knife_strike,5,284.30,286.37,285.30,tay trái,1,8.42,3.38,5.04,,,,,,,,,,,,,2.00,0.77,1.27,1.00,,,,,,,,,,,,,,,,,1.54,0.84,0.80,0.20,,,,,,,,,,,,,,,,,,,,,,,,,,,,,,,,,,,,,,,,,,,,,,,,,,,,,,,,,,,,,,,,
Tự Học Taekwondo Tại Nhà - Bài Căn Bản Số 2.mp4,Bước mở chân – chém đao 1 tay,knife_strike,6,287.53,289.27,288.43,tay trái,1,9.22,3.22,6.00,,,,,,,,,,,,,2.00,,,1.00,,,,,,,,,,,,,,,,,1.50,0.72,0.80,0.20,,,,,,,,,,,,,,,,,,,,,,,,,,,,,,,,,,,,,,,,,,,,,,,,,,,,,,,,,,,,,,,,Video bắt đầu giữa động tác — các mục xoay thân/thời gian ra đòn không tính.
Tự Học Taekwondo Tại Nhà - Bài Căn Bản Số 2.mp4,Bước mở chân – chém đao 1 tay,knife_strike,7,289.37,291.40,290.30,tay phải,1,7.77,3.36,4.41,,,,,,,,,,,,,2.00,0.01,1.40,1.00,,,,,,,,,,,,,,,,,1.52,0.84,0.80,0.20,,,,,,,,,,,,,,,,,,,,,,,,,,,,,,,,,,,,,,,,,,,,,,,,,,,,,,,,,,,,,,,,
Tự Học Taekwondo Tại Nhà - Bài Căn Bản Số 2.mp4,Bước mở chân – chém đao 1 tay,knife_strike,8,291.63,293.33,292.30,tay phải,1,8.27,3.37,4.89,,,,,,,,,,,,,2.00,0.49,1.40,1.00,,,,,,,,,,,,,,,,,1.53,0.84,0.80,0.20,,,,,,,,,,,,,,,,,,,,,,,,,,,,,,,,,,,,,,,,,,,,,,,,,,,,,,,,,,,,,,,,
Tự Học Taekwondo Tại Nhà - Bài Căn Bản Số 2.mp4,Bước mở chân – chém đao 1 tay,knife_strike,9,293.63,295.37,294.50,tay phải,1,8.13,3.36,4.77,,,,,,,,,,,,,2.00,0.75,1.02,1.00,,,,,,,,,,,,,,,,,1.48,0.83,0.80,0.25,,,,,,,,,,,,,,,,,,,,,,,,,,,,,,,,,,,,,,,,,,,,,,,,,,,,,,,,,,,,,,,,
Tự Học Taekwondo Tại Nhà - Bài Căn Bản Số 2.mp4,Bước mở chân – chém đao 1 tay,knife_strike,10,295.63,297.33,296.23,tay phải,1,7.89,3.43,4.46,,,,,,,,,,,,,2.00,0.06,1.40,1.00,,,,,,,,,,,,,,,,,1.57,0.84,0.80,0.21,,,,,,,,,,,,,,,,,,,,,,,,,,,,,,,,,,,,,,,,,,,,,,,,,,,,,,,,,,,,,,,,
Tự Học Taekwondo Tại Nhà - Bài Căn Bản Số 2.mp4,Bước mở chân – chém đao 1 tay,knife_strike,11,297.70,299.27,298.23,tay phải,1,8.19,3.43,4.76,,,,,,,,,,,,,2.00,0.36,1.40,1.00,,,,,,,,,,,,,,,,,1.53,0.84,0.80,0.26,,,,,,,,,,,,,,,,,,,,,,,,,,,,,,,,,,,,,,,,,,,,,,,,,,,,,,,,,,,,,,,,
Tự Học Taekwondo Tại Nhà - Bài Căn Bản Số 2.mp4,Bước mở chân – chém đao 1 tay,knife_strike,12,299.57,300.97,300.43,tay phải,1,7.02,2.86,4.16,,,,,,,,,,,,,2.00,0.14,1.02,1.00,,,,,,,,,,,,,,,,,1.56,0.84,0.18,0.28,,,,,,,,,,,,,,,,,,,,,,,,,,,,,,,,,,,,,,,,,,,,,,,,,,,,,,,,,,,,,,,,
Tự Học Taekwondo Tại Nhà - Bài Căn Bản Số 2.mp4,Bước mở chân – chém đao 1 tay,knife_strike,1,546.13,548.10,547.10,tay trái,1,8.55,3.41,5.15,,,,,,,,,,,,,2.00,0.75,1.40,1.00,,,,,,,,,,,,,,,,,1.56,0.85,0.80,0.20,,,,,,,,,,,,,,,,,,,,,,,,,,,,,,,,,,,,,,,,,,,,,,,,,,,,,,,,,,,,,,,,
Tự Học Taekwondo Tại Nhà - Bài Căn Bản Số 2.mp4,Bước mở chân – chém đao 1 tay,knife_strike,2,548.17,550.17,549.17,tay trái,1,8.92,3.51,5.41,,,,,,,,,,,,,2.00,1.01,1.40,1.00,,,,,,,,,,,,,,,,,1.53,0.98,0.80,0.20,,,,,,,,,,,,,,,,,,,,,,,,,,,,,,,,,,,,,,,,,,,,,,,,,,,,,,,,,,,,,,,,
Tự Học Taekwondo Tại Nhà - Bài Căn Bản Số 2.mp4,Bước mở chân – chém đao 1 tay,knife_strike,3,550.23,552.10,551.13,tay trái,1,8.96,3.61,5.35,,,,,,,,,,,,,2.00,0.95,1.40,1.00,,,,,,,,,,,,,,,,,1.55,1.06,0.80,0.20,,,,,,,,,,,,,,,,,,,,,,,,,,,,,,,,,,,,,,,,,,,,,,,,,,,,,,,,,,,,,,,,
Tự Học Taekwondo Tại Nhà - Bài Căn Bản Số 2.mp4,Bước mở chân – chém đao 1 tay,knife_strike,4,552.83,554.30,553.77,tay trái,1,7.56,3.38,4.18,,,,,,,,,,,,,2.00,0.84,0.34,1.00,,,,,,,,,,,,,,,,,1.54,0.84,0.80,0.20,,,,,,,,,,,,,,,,,,,,,,,,,,,,,,,,,,,,,,,,,,,,,,,,,,,,,,,,,,,,,,,,
Tự Học Taekwondo Tại Nhà - Bài Căn Bản Số 2.mp4,Bước mở chân – chém đao 1 tay,knife_strike,5,554.47,556.50,555.43,tay trái,1,8.49,3.37,5.12,,,,,,,,,,,,,2.00,0.76,1.36,1.00,,,,,,,,,,,,,,,,,1.53,0.84,0.80,0.20,,,,,,,,,,,,,,,,,,,,,,,,,,,,,,,,,,,,,,,,,,,,,,,,,,,,,,,,,,,,,,,,
Tự Học Taekwondo Tại Nhà - Bài Căn Bản Số 2.mp4,Bước mở chân – chém đao 1 tay,knife_strike,6,557.20,559.40,557.93,tay trái,1,8.59,3.41,5.18,,,,,,,,,,,,,2.00,0.82,1.36,1.00,,,,,,,,,,,,,,,,,1.54,0.84,0.80,0.23,,,,,,,,,,,,,,,,,,,,,,,,,,,,,,,,,,,,,,,,,,,,,,,,,,,,,,,,,,,,,,,,
Tự Học Taekwondo Tại Nhà - Bài Căn Bản Số 2.mp4,Bước mở chân – chém đao 1 tay,knife_strike,7,559.47,561.53,560.47,tay phải,1,7.79,3.39,4.40,,,,,,,,,,,,,2.00,0.00,1.40,1.00,,,,,,,,,,,,,,,,,1.55,0.84,0.80,0.20,,,,,,,,,,,,,,,,,,,,,,,,,,,,,,,,,,,,,,,,,,,,,,,,,,,,,,,,,,,,,,,,
Tự Học Taekwondo Tại Nhà - Bài Căn Bản Số 2.mp4,Bước mở chân – chém đao 1 tay,knife_strike,8,561.77,563.43,562.43,tay phải,1,8.14,3.36,4.79,,,,,,,,,,,,,2.00,0.39,1.40,1.00,,,,,,,,,,,,,,,,,1.52,0.84,0.80,0.20,,,,,,,,,,,,,,,,,,,,,,,,,,,,,,,,,,,,,,,,,,,,,,,,,,,,,,,,,,,,,,,,
Tự Học Taekwondo Tại Nhà - Bài Căn Bản Số 2.mp4,Bước mở chân – chém đao 1 tay,knife_strike,9,563.77,565.47,564.57,tay phải,1,8.37,3.37,5.00,,,,,,,,,,,,,2.00,0.81,1.19,1.00,,,,,,,,,,,,,,,,,1.49,0.83,0.80,0.25,,,,,,,,,,,,,,,,,,,,,,,,,,,,,,,,,,,,,,,,,,,,,,,,,,,,,,,,,,,,,,,,
Tự Học Taekwondo Tại Nhà - Bài Căn Bản Số 2.mp4,Bước mở chân – chém đao 1 tay,knife_strike,10,565.77,567.53,566.37,tay phải,1,7.85,3.40,4.45,,,,,,,,,,,,,2.00,0.05,1.40,1.00,,,,,,,,,,,,,,,,,1.56,0.84,0.80,0.21,,,,,,,,,,,,,,,,,,,,,,,,,,,,,,,,,,,,,,,,,,,,,,,,,,,,,,,,,,,,,,,,
Tự Học Taekwondo Tại Nhà - Bài Căn Bản Số 2.mp4,Bước mở chân – chém đao 1 tay,knife_strike,11,567.80,569.40,568.37,tay phải,1,8.34,3.45,4.89,,,,,,,,,,,,,2.00,0.49,1.40,1.00,,,,,,,,,,,,,,,,,1.55,0.84,0.80,0.26,,,,,,,,,,,,,,,,,,,,,,,,,,,,,,,,,,,,,,,,,,,,,,,,,,,,,,,,,,,,,,,,
Tự Học Taekwondo Tại Nhà - Bài Căn Bản Số 2.mp4,Bước mở chân – chém đao 1 tay,knife_strike,12,569.70,571.40,570.57,tay phải,1,7.54,3.44,4.10,,,,,,,,,,,,,2.00,0.08,1.02,1.00,,,,,,,,,,,,,,,,,1.57,0.84,0.80,0.23,,,,,,,,,,,,,,,,,,,,,,,,,,,,,,,,,,,,,,,,,,,,,,,,,,,,,,,,,,,,,,,,
Tự Học Taekwondo Tại Nhà - Bài Căn Bản Số 2.mp4,Bước mở chân – chém đao 1 tay,knife_strike,13,571.40,572.97,572.40,tay phải,1,7.54,2.66,4.88,,,,,,,,,,,,,2.00,0.48,1.40,1.00,,,,,,,,,,,,,,,,,1.56,0.81,0.00,0.29,,,,,,,,,,,,,,,,,,,,,,,,,,,,,,,,,,,,,,,,,,,,,,,,,,,,,,,,,,,,,,,,
Tự học võ tại nhà Taekwondo #3 - Learn Taekwondo At Home - Taekwondo 태권도 - VinKungfu.mp4,Đấm vòng (phải),hook,1,111.00,112.30,111.60,tay phải,1,8.73,3.67,5.06,,,,,,,,,,,,,,,,,,,,,1.44,1.02,0.80,0.40,2.00,0.66,1.40,1.00,,,,,,,,,,,,,,,,,,,,,,,,,,,,,,,,,,,,,,,,,,,,,,,,,,,,,,,,,,,,,,,,,,,,,,,,
Tự học võ tại nhà Taekwondo #3 - Learn Taekwondo At Home - Taekwondo 태권도 - VinKungfu.mp4,Đấm vòng (phải),hook,2,112.30,113.43,112.77,tay phải,1,8.77,3.70,5.07,,,,,,,,,,,,,,,,,,,,,1.49,1.01,0.80,0.40,2.00,0.72,1.36,1.00,,,,,,,,,,,,,,,,,,,,,,,,,,,,,,,,,,,,,,,,,,,,,,,,,,,,,,,,,,,,,,,,,,,,,,,,
Tự học võ tại nhà Taekwondo #3 - Learn Taekwondo At Home - Taekwondo 태권도 - VinKungfu.mp4,Đấm vòng (phải),hook,3,113.43,114.60,113.93,tay phải,1,8.39,3.63,4.76,,,,,,,,,,,,,,,,,,,,,1.60,0.84,0.80,0.40,1.93,0.55,1.27,1.00,,,,,,,,,,,,,,,,,,,,,,,,,,,,,,,,,,,,,,,,,,,,,,,,,,,,,,,,,,,,,,,,,,,,,,,,
Tự học võ tại nhà Taekwondo #3 - Learn Taekwondo At Home - Taekwondo 태권도 - VinKungfu.mp4,Đấm vòng (phải),hook,4,114.60,115.73,115.07,tay phải,1,8.84,3.42,5.43,,,,,,,,,,,,,,,,,,,,,1.54,0.68,0.80,0.40,2.00,1.03,1.40,1.00,,,,,,,,,,,,,,,,,,,,,,,,,,,,,,,,,,,,,,,,,,,,,,,,,,,,,,,,,,,,,,,,,,,,,,,,
Tự học võ tại nhà Taekwondo #3 - Learn Taekwondo At Home - Taekwondo 태권도 - VinKungfu.mp4,Đấm vòng (phải),hook,5,115.73,116.83,116.13,tay phải,1,9.00,3.02,5.98,,,,,,,,,,,,,,,,,,,,,1.43,0.39,0.80,0.40,2.00,1.58,1.40,1.00,,,,,,,,,,,,,,,,,,,,,,,,,,,,,,,,,,,,,,,,,,,,,,,,,,,,,,,,,,,,,,,,,,,,,,,,
Tự học võ tại nhà Taekwondo #3 - Learn Taekwondo At Home - Taekwondo 태권도 - VinKungfu.mp4,Đấm vòng (phải),hook,6,116.83,117.93,117.23,tay phải,1,8.23,3.09,5.14,,,,,,,,,,,,,,,,,,,,,1.50,0.39,0.80,0.40,2.00,0.74,1.40,1.00,,,,,,,,,,,,,,,,,,,,,,,,,,,,,,,,,,,,,,,,,,,,,,,,,,,,,,,,,,,,,,,,,,,,,,,,
Tự học võ tại nhà Taekwondo #3 - Learn Taekwondo At Home - Taekwondo 태권도 - VinKungfu.mp4,Đấm vòng (phải),hook,7,117.93,119.03,118.37,tay phải,1,7.92,3.26,4.66,,,,,,,,,,,,,,,,,,,,,1.53,0.53,0.80,0.40,1.89,0.41,1.36,1.00,,,,,,,,,,,,,,,,,,,,,,,,,,,,,,,,,,,,,,,,,,,,,,,,,,,,,,,,,,,,,,,,,,,,,,,,
Tự học võ tại nhà Taekwondo #3 - Learn Taekwondo At Home - Taekwondo 태권도 - VinKungfu.mp4,Đấm vòng (phải),hook,8,119.03,120.13,119.50,tay phải,1,9.92,3.92,6.00,,,,,,,,,,,,,,,,,,,,,1.59,1.14,0.80,0.39,2.00,1.60,1.40,1.00,,,,,,,,,,,,,,,,,,,,,,,,,,,,,,,,,,,,,,,,,,,,,,,,,,,,,,,,,,,,,,,,,,,,,,,,
Tự học võ tại nhà Taekwondo #3 - Learn Taekwondo At Home - Taekwondo 태권도 - VinKungfu.mp4,Đấm vòng (phải),hook,9,120.13,121.27,120.57,tay phải,1,7.91,3.27,4.63,,,,,,,,,,,,,,,,,,,,,1.48,0.60,0.80,0.39,1.81,0.42,1.40,1.00,,,,,,,,,,,,,,,,,,,,,,,,,,,,,,,,,,,,,,,,,,,,,,,,,,,,,,,,,,,,,,,,,,,,,,,,
Tự học võ tại nhà Taekwondo #3 - Learn Taekwondo At Home - Taekwondo 태권도 - VinKungfu.mp4,Đấm vòng (phải),hook,10,121.27,122.33,121.70,tay phải,1,9.88,3.88,6.00,,,,,,,,,,,,,,,,,,,,,1.57,1.20,0.71,0.40,2.00,1.60,1.40,1.00,,,,,,,,,,,,,,,,,,,,,,,,,,,,,,,,,,,,,,,,,,,,,,,,,,,,,,,,,,,,,,,,,,,,,,,,
Tự học võ tại nhà Taekwondo #3 - Learn Taekwondo At Home - Taekwondo 태권도 - VinKungfu.mp4,Đấm vòng (phải),hook,11,122.33,123.37,122.77,tay phải,1,9.90,3.90,6.00,,,,,,,,,,,,,,,,,,,,,1.58,1.19,0.73,0.40,2.00,1.60,1.40,1.00,,,,,,,,,,,,,,,,,,,,,,,,,,,,,,,,,,,,,,,,,,,,,,,,,,,,,,,,,,,,,,,,,,,,,,,,
Tự học võ tại nhà Taekwondo #3 - Learn Taekwondo At Home - Taekwondo 태권도 - VinKungfu.mp4,Đấm vòng (phải),hook,12,123.37,124.43,123.83,tay phải,1,7.89,3.03,4.86,,,,,,,,,,,,,,,,,,,,,1.44,0.43,0.76,0.40,2.00,0.46,1.40,1.00,,,,,,,,,,,,,,,,,,,,,,,,,,,,,,,,,,,,,,,,,,,,,,,,,,,,,,,,,,,,,,,,,,,,,,,,
Tự học võ tại nhà Taekwondo #3 - Learn Taekwondo At Home - Taekwondo 태권도 - VinKungfu.mp4,Đấm vòng (phải),hook,13,124.43,125.50,124.90,tay phải,1,8.66,3.80,4.86,,,,,,,,,,,,,,,,,,,,,1.45,1.15,0.80,0.40,1.67,0.83,1.36,1.00,,,,,,,,,,,,,,,,,,,,,,,,,,,,,,,,,,,,,,,,,,,,,,,,,,,,,,,,,,,,,,,,,,,,,,,,
Tự học võ tại nhà Taekwondo #3 - Learn Taekwondo At Home - Taekwondo 태권도 - VinKungfu.mp4,Đấm vòng (phải),hook,14,125.50,126.50,125.97,tay phải,1,9.07,3.95,5.12,,,,,,,,,,,,,,,,,,,,,1.60,1.20,0.75,0.40,1.74,0.98,1.40,1.00,,,,,,,,,,,,,,,,,,,,,,,,,,,,,,,,,,,,,,,,,,,,,,,,,,,,,,,,,,,,,,,,,,,,,,,,
Tự học võ tại nhà Taekwondo #3 - Learn Taekwondo At Home - Taekwondo 태권도 - VinKungfu.mp4,Đấm vòng (phải),hook,15,126.50,127.53,127.00,tay phải,1,8.82,3.94,4.89,,,,,,,,,,,,,,,,,,,,,1.54,1.20,0.80,0.40,1.69,1.19,1.19,0.82,,,,,,,,,,,,,,,,,,,,,,,,,,,,,,,,,,,,,,,,,,,,,,,,,,,,,,,,,,,,,,,,,,,,,,,,
Tự học võ tại nhà Taekwondo #3 - Learn Taekwondo At Home - Taekwondo 태권도 - VinKungfu.mp4,Đấm vòng (phải),hook,16,127.53,128.53,128.03,tay phải,1,7.94,3.23,4.71,,,,,,,,,,,,,,,,,,,,,1.55,,0.31,0.40,1.98,,,0.37,,,,,,,,,,,,,,,,,,,,,,,,,,,,,,,,,,,,,,,,,,,,,,,,,,,,,,,,,,,,,,,,,,,,,,,,Video bắt đầu gần như ngay khi ra đòn — tư thế thủ ban đầu đo không chắc chắn. | Video bắt đầu giữa động tác — các mục xoay thân/thời gian ra đòn không tính.
Tự học võ tại nhà Taekwondo #3 - Learn Taekwondo At Home - Taekwondo 태권도 - VinKungfu.mp4,Đấm vòng (phải),hook,17,128.53,129.43,129.00,tay phải,1,7.37,2.98,4.40,,,,,,,,,,,,,,,,,,,,,1.52,0.98,0.08,0.40,1.52,1.29,1.19,0.39,,,,,,,,,,,,,,,,,,,,,,,,,,,,,,,,,,,,,,,,,,,,,,,,,,,,,,,,,,,,,,,,,,,,,,,,Video bắt đầu gần như ngay khi ra đòn — tư thế thủ ban đầu đo không chắc chắn.
Tự học võ tại nhà Taekwondo #3 - Learn Taekwondo At Home - Taekwondo 태권도 - VinKungfu.mp4,Đấm vòng (phải),hook,18,129.43,130.47,130.03,tay phải,1,7.91,3.35,4.57,,,,,,,,,,,,,,,,,,,,,0.96,1.20,0.80,0.39,1.94,1.03,0.93,0.67,,,,,,,,,,,,,,,,,,,,,,,,,,,,,,,,,,,,,,,,,,,,,,,,,,,,,,,,,,,,,,,,,,,,,,,,
Tự học võ tại nhà Taekwondo #3 - Learn Taekwondo At Home - Taekwondo 태권도 - VinKungfu.mp4,Đấm vòng (phải),hook,19,130.47,131.47,131.00,tay phải,1,8.85,3.67,5.18,,,,,,,,,,,,,,,,,,,,,1.27,1.20,0.80,0.40,1.76,1.60,1.10,0.72,,,,,,,,,,,,,,,,,,,,,,,,,,,,,,,,,,,,,,,,,,,,,,,,,,,,,,,,,,,,,,,,,,,,,,,,
Tự học võ tại nhà Taekwondo #3 - Learn Taekwondo At Home - Taekwondo 태권도 - VinKungfu.mp4,Đấm vòng (phải),hook,20,131.47,132.40,132.00,tay phải,1,7.57,3.33,4.24,,,,,,,,,,,,,,,,,,,,,1.54,1.20,0.19,0.40,1.26,1.35,1.10,0.52,,,,,,,,,,,,,,,,,,,,,,,,,,,,,,,,,,,,,,,,,,,,,,,,,,,,,,,,,,,,,,,,,,,,,,,,
Tự học võ tại nhà Taekwondo #3 - Learn Taekwondo At Home - Taekwondo 태권도 - VinKungfu.mp4,Đấm vòng (phải),hook,21,132.40,133.80,133.03,tay phải,1,9.68,3.95,5.73,,,,,,,,,,,,,,,,,,,,,1.55,1.20,0.80,0.40,2.00,1.60,1.36,0.77,,,,,,,,,,,,,,,,,,,,,,,,,,,,,,,,,,,,,,,,,,,,,,,,,,,,,,,,,,,,,,,,,,,,,,,,Cổ tay đấm bị che khuất nhiều — số đo kém tin cậy.
Tự học võ tại nhà Taekwondo #3 - Learn Taekwondo At Home - Taekwondo 태권도 - VinKungfu.mp4,Đấm vòng (phải),hook,22,134.07,136.27,135.10,tay phải,1,7.20,3.96,3.24,,,,,,,,,,,,,,,,,,,,,1.56,1.20,0.80,0.40,1.47,1.60,0.17,0.00,,,,,,,,,,,,,,,,,,,,,,,,,,,,,,,,,,,,,,,,,,,,,,,,,,,,,,,,,,,,,,,,,,,,,,,,Cổ tay đấm bị che khuất nhiều — số đo kém tin cậy.
Tự học võ tại nhà Taekwondo #3 - Learn Taekwondo At Home - Taekwondo 태권도 - VinKungfu.mp4,Đấm vòng (phải),hook,1,440.00,440.73,,tay phải,0,,,,,,,,,,,,,,,,,,,,,,,,,,,,,,,,,,,,,,,,,,,,,,,,,,,,,,,,,,,,,,,,,,,,,,,,,,,,,,,,,,,,,,,,,,,,,,,,,,,,,,,"Không thấy một cú đấm trọn vẹn: video bắt đầu/kết thúc giữa động tác, không có cú đấm, hoặc góc quay (nghiêng hẳn/quay lưng) khiến không đo được tay. Nên quay chính diện hoặc chéo ~45°."
Tự học võ tại nhà Taekwondo #3 - Learn Taekwondo At Home - Taekwondo 태권도 - VinKungfu.mp4,Đấm vòng (phải),hook,2,440.73,441.87,441.17,tay phải,1,8.69,3.63,5.05,,,,,,,,,,,,,,,,,,,,,1.45,1.02,0.76,0.40,2.00,0.65,1.40,1.00,,,,,,,,,,,,,,,,,,,,,,,,,,,,,,,,,,,,,,,,,,,,,,,,,,,,,,,,,,,,,,,,,,,,,,,,
Tự học võ tại nhà Taekwondo #3 - Learn Taekwondo At Home - Taekwondo 태권도 - VinKungfu.mp4,Đấm vòng (phải),hook,3,441.87,443.00,442.33,tay phải,1,8.64,3.60,5.05,,,,,,,,,,,,,,,,,,,,,1.48,0.92,0.80,0.40,2.00,0.69,1.36,1.00,,,,,,,,,,,,,,,,,,,,,,,,,,,,,,,,,,,,,,,,,,,,,,,,,,,,,,,,,,,,,,,,,,,,,,,,
Tự học võ tại nhà Taekwondo #3 - Learn Taekwondo At Home - Taekwondo 태권도 - VinKungfu.mp4,Đấm vòng (phải),hook,4,443.00,444.13,443.50,tay phải,1,8.42,3.66,4.76,,,,,,,,,,,,,,,,,,,,,1.58,0.88,0.80,0.40,1.92,0.57,1.27,1.00,,,,,,,,,,,,,,,,,,,,,,,,,,,,,,,,,,,,,,,,,,,,,,,,,,,,,,,,,,,,,,,,,,,,,,,,
Tự học võ tại nhà Taekwondo #3 - Learn Taekwondo At Home - Taekwondo 태권도 - VinKungfu.mp4,Đấm vòng (phải),hook,5,444.13,445.27,444.63,tay phải,1,9.57,3.57,6.00,,,,,,,,,,,,,,,,,,,,,1.53,0.83,0.80,0.40,2.00,1.60,1.40,1.00,,,,,,,,,,,,,,,,,,,,,,,,,,,,,,,,,,,,,,,,,,,,,,,,,,,,,,,,,,,,,,,,,,,,,,,,
Tự học võ tại nhà Taekwondo #3 - Learn Taekwondo At Home - Taekwondo 태권도 - VinKungfu.mp4,Đấm vòng (phải),hook,6,445.27,446.40,445.70,tay phải,1,8.12,2.89,5.23,,,,,,,,,,,,,,,,,,,,,1.43,0.26,0.80,0.40,2.00,0.83,1.40,1.00,,,,,,,,,,,,,,,,,,,,,,,,,,,,,,,,,,,,,,,,,,,,,,,,,,,,,,,,,,,,,,,,,,,,,,,,
Tự học võ tại nhà Taekwondo #3 - Learn Taekwondo At Home - Taekwondo 태권도 - VinKungfu.mp4,Đấm vòng (phải),hook,7,446.40,447.47,446.80,tay phải,1,8.26,3.14,5.12,,,,,,,,,,,,,,,,,,,,,1.51,0.43,0.80,0.40,2.00,0.72,1.40,1.00,,,,,,,,,,,,,,,,,,,,,,,,,,,,,,,,,,,,,,,,,,,,,,,,,,,,,,,,,,,,,,,,,,,,,,,,
Tự học võ tại nhà Taekwondo #3 - Learn Taekwondo At Home - Taekwondo 태권도 - VinKungfu.mp4,Đấm vòng (phải),hook,8,447.47,448.60,447.93,tay phải,1,7.84,3.28,4.57,,,,,,,,,,,,,,,,,,,,,1.52,0.55,0.80,0.40,1.84,0.37,1.36,1.00,,,,,,,,,,,,,,,,,,,,,,,,,,,,,,,,,,,,,,,,,,,,,,,,,,,,,,,,,,,,,,,,,,,,,,,,
Tự học võ tại nhà Taekwondo #3 - Learn Taekwondo At Home - Taekwondo 태권도 - VinKungfu.mp4,Đấm vòng (phải),hook,9,448.60,449.70,449.07,tay phải,1,9.81,3.81,6.00,,,,,,,,,,,,,,,,,,,,,1.59,1.03,0.80,0.39,2.00,1.60,1.40,1.00,,,,,,,,,,,,,,,,,,,,,,,,,,,,,,,,,,,,,,,,,,,,,,,,,,,,,,,,,,,,,,,,,,,,,,,,
Tự học võ tại nhà Taekwondo #3 - Learn Taekwondo At Home - Taekwondo 태권도 - VinKungfu.mp4,Đấm vòng (phải),hook,10,449.70,450.80,450.13,tay phải,1,8.20,3.34,4.86,,,,,,,,,,,,,,,,,,,,,1.48,0.66,0.80,0.39,1.89,0.57,1.40,1.00,,,,,,,,,,,,,,,,,,,,,,,,,,,,,,,,,,,,,,,,,,,,,,,,,,,,,,,,,,,,,,,,,,,,,,,,
Tự học võ tại nhà Taekwondo #3 - Learn Taekwondo At Home - Taekwondo 태권도 - VinKungfu.mp4,Đấm vòng (phải),hook,11,450.80,451.90,451.23,tay phải,1,9.46,3.50,5.96,,,,,,,,,,,,,,,,,,,,,1.53,1.01,0.56,0.40,1.96,1.60,1.40,1.00,,,,,,,,,,,,,,,,,,,,,,,,,,,,,,,,,,,,,,,,,,,,,,,,,,,,,,,,,,,,,,,,,,,,,,,,
Tự học võ tại nhà Taekwondo #3 - Learn Taekwondo At Home - Taekwondo 태권도 - VinKungfu.mp4,Đấm vòng (phải),hook,12,451.90,452.93,452.33,tay phải,1,9.79,3.79,6.00,,,,,,,,,,,,,,,,,,,,,1.58,1.05,0.75,0.40,2.00,1.60,1.40,1.00,,,,,,,,,,,,,,,,,,,,,,,,,,,,,,,,,,,,,,,,,,,,,,,,,,,,,,,,,,,,,,,,,,,,,,,,
Tự học võ tại nhà Taekwondo #3 - Learn Taekwondo At Home - Taekwondo 태권도 - VinKungfu.mp4,Đấm vòng (phải),hook,13,452.93,454.00,453.40,tay phải,1,7.74,2.95,4.79,,,,,,,,,,,,,,,,,,,,,1.45,0.38,0.72,0.40,1.91,0.48,1.40,1.00,,,,,,,,,,,,,,,,,,,,,,,,,,,,,,,,,,,,,,,,,,,,,,,,,,,,,,,,,,,,,,,,,,,,,,,,
Tự học võ tại nhà Taekwondo #3 - Learn Taekwondo At Home - Taekwondo 태권도 - VinKungfu.mp4,Đấm vòng (phải),hook,14,454.00,455.07,454.43,tay phải,1,8.39,3.67,4.72,,,,,,,,,,,,,,,,,,,,,1.40,1.07,0.80,0.40,1.52,0.85,1.36,1.00,,,,,,,,,,,,,,,,,,,,,,,,,,,,,,,,,,,,,,,,,,,,,,,,,,,,,,,,,,,,,,,,,,,,,,,,
Tự học võ tại nhà Taekwondo #3 - Learn Taekwondo At Home - Taekwondo 태권도 - VinKungfu.mp4,Đấm vòng (phải),hook,15,455.07,456.03,455.53,tay phải,1,9.18,3.97,5.21,,,,,,,,,,,,,,,,,,,,,1.60,1.20,0.77,0.40,1.85,0.96,1.40,1.00,,,,,,,,,,,,,,,,,,,,,,,,,,,,,,,,,,,,,,,,,,,,,,,,,,,,,,,,,,,,,,,,,,,,,,,,
Tự học võ tại nhà Taekwondo #3 - Learn Taekwondo At Home - Taekwondo 태권도 - VinKungfu.mp4,Đấm vòng (phải),hook,16,456.03,457.10,456.57,tay phải,1,8.98,3.94,5.03,,,,,,,,,,,,,,,,,,,,,1.54,1.20,0.80,0.40,1.77,0.87,1.40,1.00,,,,,,,,,,,,,,,,,,,,,,,,,,,,,,,,,,,,,,,,,,,,,,,,,,,,,,,,,,,,,,,,,,,,,,,,
Tự học võ tại nhà Taekwondo #3 - Learn Taekwondo At Home - Taekwondo 태권도 - VinKungfu.mp4,Đấm vòng (phải),hook,17,457.10,458.10,457.60,tay phải,1,8.82,3.69,5.13,,,,,,,,,,,,,,,,,,,,,1.54,1.19,0.56,0.40,1.74,0.98,1.40,1.00,,,,,,,,,,,,,,,,,,,,,,,,,,,,,,,,,,,,,,,,,,,,,,,,,,,,,,,,,,,,,,,,,,,,,,,,
Tự học võ tại nhà Taekwondo #3 - Learn Taekwondo At Home - Taekwondo 태권도 - VinKungfu.mp4,Đấm vòng (phải),hook,18,458.10,459.03,458.57,tay phải,1,7.62,3.05,4.57,,,,,,,,,,,,,,,,,,,,,1.50,0.98,0.16,0.40,1.54,1.50,1.19,0.35,,,,,,,,,,,,,,,,,,,,,,,,,,,,,,,,,,,,,,,,,,,,,,,,,,,,,,,,,,,,,,,,,,,,,,,,Video bắt đầu gần như ngay khi ra đòn — tư thế thủ ban đầu đo không chắc chắn.
Tự học võ tại nhà Taekwondo #3 - Learn Taekwondo At Home - Taekwondo 태권도 - VinKungfu.mp4,Đấm vòng (phải),hook,19,459.03,460.07,459.60,tay phải,1,7.29,3.00,4.29,,,,,,,,,,,,,,,,,,,,,0.96,1.20,0.46,0.39,1.68,1.04,0.93,0.64,,,,,,,,,,,,,,,,,,,,,,,,,,,,,,,,,,,,,,,,,,,,,,,,,,,,,,,,,,,,,,,,,,,,,,,,Video bắt đầu gần như ngay khi ra đòn — tư thế thủ ban đầu đo không chắc chắn.
Tự học võ tại nhà Taekwondo #3 - Learn Taekwondo At Home - Taekwondo 태권도 - VinKungfu.mp4,Đấm vòng (phải),hook,20,460.07,461.00,460.53,tay phải,1,7.45,2.87,4.58,,,,,,,,,,,,,,,,,,,,,1.52,,0.08,0.40,1.58,,,0.72,,,,,,,,,,,,,,,,,,,,,,,,,,,,,,,,,,,,,,,,,,,,,,,,,,,,,,,,,,,,,,,,,,,,,,,,Video bắt đầu gần như ngay khi ra đòn — tư thế thủ ban đầu đo không chắc chắn. | Video bắt đầu giữa động tác — các mục xoay thân/thời gian ra đòn không tính.
Tự học võ tại nhà Taekwondo #3 - Learn Taekwondo At Home - Taekwondo 태권도 - VinKungfu.mp4,Đấm vòng (phải),hook,21,461.00,461.97,461.57,tay phải,1,7.29,3.34,3.95,,,,,,,,,,,,,,,,,,,,,1.53,1.20,0.21,0.40,1.19,1.48,1.02,0.25,,,,,,,,,,,,,,,,,,,,,,,,,,,,,,,,,,,,,,,,,,,,,,,,,,,,,,,,,,,,,,,,,,,,,,,,
Tự học võ tại nhà Taekwondo #3 - Learn Taekwondo At Home - Taekwondo 태권도 - VinKungfu.mp4,Đấm vòng (phải),hook,22,461.97,463.73,462.60,tay phải,1,9.91,3.92,5.99,,,,,,,,,,,,,,,,,,,,,1.52,1.20,0.80,0.40,2.00,1.60,1.40,0.99,,,,,,,,,,,,,,,,,,,,,,,,,,,,,,,,,,,,,,,,,,,,,,,,,,,,,,,,,,,,,,,,,,,,,,,,Cổ tay đấm bị che khuất nhiều — số đo kém tin cậy.
Tự học võ tại nhà Taekwondo #3 - Learn Taekwondo At Home - Taekwondo 태권도 - VinKungfu.mp4,Đấm vòng (phải),hook,23,464.33,465.30,464.67,tay phải,1,7.34,3.95,3.39,,,,,,,,,,,,,,,,,,,,,1.56,,0.80,0.40,1.45,,,0.25,,,,,,,,,,,,,,,,,,,,,,,,,,,,,,,,,,,,,,,,,,,,,,,,,,,,,,,,,,,,,,,,,,,,,,,,Video bắt đầu gần như ngay khi ra đòn — tư thế thủ ban đầu đo không chắc chắn. | Video bắt đầu giữa động tác — các mục xoay thân/thời gian ra đòn không tính. | Cổ tay đấm bị che khuất nhiều — số đo kém tin cậy.
Tự học võ tại nhà Taekwondo #3 - Learn Taekwondo At Home - Taekwondo 태권도 - VinKungfu.mp4,Đấm vòng (phải),hook,24,465.30,466.80,466.70,tay phải,1,7.40,3.84,3.57,,,,,,,,,,,,,,,,,,,,,1.47,1.20,,0.40,1.68,1.60,0.25,0.03,,,,,,,,,,,,,,,,,,,,,,,,,,,,,,,,,,,,,,,,,,,,,,,,,,,,,,,,,,,,,,,,,,,,,,,,"Video kết thúc trước khi thu tay — hạng mục thu tay không tính, điểm Chính xác quy đổi theo tỉ lệ. | Cổ tay đấm bị che khuất nhiều — số đo kém tin cậy."
Tự học võ tại nhà Taekwondo #3 - Learn Taekwondo At Home - Taekwondo 태권도 - VinKungfu.mp4,Đá sau (phải),back,1,155.03,157.23,156.30,chân phải,1,8.45,3.45,5.00,,,,,2.00,1.60,1.40,0.00,,,,,,,,,,,,,,,,,,,,,,,,,,,,,1.60,1.20,0.51,0.14,,,,,,,,,,,,,,,,,,,,,,,,,,,,,,,,,,,,,,,,,,,,,,,,,,,,,,,,,,,,
Tự học võ tại nhà Taekwondo #3 - Learn Taekwondo At Home - Taekwondo 태권도 - VinKungfu.mp4,Đá sau (phải),back,2,158.03,160.23,158.90,chân phải,1,8.03,3.03,5.00,,,,,2.00,1.60,1.40,0.00,,,,,,,,,,,,,,,,,,,,,,,,,,,,,1.46,1.20,0.31,0.06,,,,,,,,,,,,,,,,,,,,,,,,,,,,,,,,,,,,,,,,,,,,,,,,,,,,,,,,,,,,
Tự học võ tại nhà Taekwondo #3 - Learn Taekwondo At Home - Taekwondo 태권도 - VinKungfu.mp4,Đá sau (phải),back,3,160.70,162.37,161.20,chân phải,1,8.37,3.37,5.00,,,,,2.00,1.60,1.40,0.00,,,,,,,,,,,,,,,,,,,,,,,,,,,,,1.31,1.20,0.80,0.07,,,,,,,,,,,,,,,,,,,,,,,,,,,,,,,,,,,,,,,,,,,,,,,,,,,,,,,,,,,,
Tự học võ tại nhà Taekwondo #3 - Learn Taekwondo At Home - Taekwondo 태권도 - VinKungfu.mp4,Đá sau (phải),back,4,162.37,163.40,162.80,chân phải,1,8.49,3.49,5.00,,,,,2.00,1.60,1.40,0.00,,,,,,,,,,,,,,,,,,,,,,,,,,,,,1.49,1.20,0.80,0.00,,,,,,,,,,,,,,,,,,,,,,,,,,,,,,,,,,,,,,,,,,,,,,,,,,,,,,,,,,,,
Tự học võ tại nhà Taekwondo #3 - Learn Taekwondo At Home - Taekwondo 태권도 - VinKungfu.mp4,Đá sau (phải),back,5,163.40,164.90,164.37,chân phải,1,8.60,3.60,5.00,,,,,2.00,1.60,1.40,0.00,,,,,,,,,,,,,,,,,,,,,,,,,,,,,1.60,1.20,0.80,0.00,,,,,,,,,,,,,,,,,,,,,,,,,,,,,,,,,,,,,,,,,,,,,,,,,,,,,,,,,,,,
Tự học võ tại nhà Taekwondo #3 - Learn Taekwondo At Home - Taekwondo 태권도 - VinKungfu.mp4,Đá sau (phải),back,6,164.97,166.37,165.87,chân phải,1,7.78,2.78,5.00,,,,,2.00,1.60,1.40,0.00,,,,,,,,,,,,,,,,,,,,,,,,,,,,,0.64,1.20,0.80,0.14,,,,,,,,,,,,,,,,,,,,,,,,,,,,,,,,,,,,,,,,,,,,,,,,,,,,,,,,,,,,
Tự học võ tại nhà Taekwondo #3 - Learn Taekwondo At Home - Taekwondo 태권도 - VinKungfu.mp4,Đá sau (phải),back,7,166.40,168.33,167.43,chân phải,1,8.57,3.57,5.00,,,,,2.00,1.60,1.40,0.00,,,,,,,,,,,,,,,,,,,,,,,,,,,,,1.57,1.20,0.80,0.00,,,,,,,,,,,,,,,,,,,,,,,,,,,,,,,,,,,,,,,,,,,,,,,,,,,,,,,,,,,,
Tự học võ tại nhà Taekwondo #3 - Learn Taekwondo At Home - Taekwondo 태권도 - VinKungfu.mp4,Đá sau (phải),back,8,168.33,169.77,168.80,chân trái,1,8.60,3.60,5.00,,,,,2.00,1.60,1.40,0.00,,,,,,,,,,,,,,,,,,,,,,,,,,,,,1.60,1.20,0.80,0.00,,,,,,,,,,,,,,,,,,,,,,,,,,,,,,,,,,,,,,,,,,,,,,,,,,,,,,,,,,,,
Tự học võ tại nhà Taekwondo #3 - Learn Taekwondo At Home - Taekwondo 태권도 - VinKungfu.mp4,Đá sau (phải),back,9,169.77,170.80,170.23,chân phải,1,8.74,3.74,5.00,,,,,2.00,1.60,1.40,0.00,,,,,,,,,,,,,,,,,,,,,,,,,,,,,1.60,1.20,0.80,0.14,,,,,,,,,,,,,,,,,,,,,,,,,,,,,,,,,,,,,,,,,,,,,,,,,,,,,,,,,,,,
Tự học võ tại nhà Taekwondo #3 - Learn Taekwondo At Home - Taekwondo 태권도 - VinKungfu.mp4,Đá sau (phải),back,10,170.80,172.37,171.90,chân phải,1,8.54,3.54,5.00,,,,,2.00,1.60,1.40,0.00,,,,,,,,,,,,,,,,,,,,,,,,,,,,,1.54,1.20,0.80,0.00,,,,,,,,,,,,,,,,,,,,,,,,,,,,,,,,,,,,,,,,,,,,,,,,,,,,,,,,,,,,
Tự học võ tại nhà Taekwondo #3 - Learn Taekwondo At Home - Taekwondo 태권도 - VinKungfu.mp4,Đá sau (phải),back,11,172.37,173.97,173.20,chân phải,1,8.55,3.55,5.00,,,,,2.00,1.60,1.40,0.00,,,,,,,,,,,,,,,,,,,,,,,,,,,,,1.55,1.20,0.80,0.00,,,,,,,,,,,,,,,,,,,,,,,,,,,,,,,,,,,,,,,,,,,,,,,,,,,,,,,,,,,,
Tự học võ tại nhà Taekwondo #3 - Learn Taekwondo At Home - Taekwondo 태권도 - VinKungfu.mp4,Đá sau (phải),back,12,173.97,175.97,174.97,chân phải,1,7.78,2.78,5.00,,,,,2.00,1.60,1.40,0.00,,,,,,,,,,,,,,,,,,,,,,,,,,,,,0.64,1.20,0.80,0.14,,,,,,,,,,,,,,,,,,,,,,,,,,,,,,,,,,,,,,,,,,,,,,,,,,,,,,,,,,,,
Tự học võ tại nhà Taekwondo #3 - Learn Taekwondo At Home - Taekwondo 태권도 - VinKungfu.mp4,Đá sau (phải),back,13,175.97,177.30,176.53,chân phải,1,8.56,3.56,5.00,,,,,2.00,1.60,1.40,0.00,,,,,,,,,,,,,,,,,,,,,,,,,,,,,1.56,1.20,0.80,0.00,,,,,,,,,,,,,,,,,,,,,,,,,,,,,,,,,,,,,,,,,,,,,,,,,,,,,,,,,,,,
Tự học võ tại nhà Taekwondo #3 - Learn Taekwondo At Home - Taekwondo 태권도 - VinKungfu.mp4,Đá sau (phải),back,14,177.30,179.20,178.27,chân phải,1,8.60,3.60,5.00,,,,,2.00,1.60,1.40,0.00,,,,,,,,,,,,,,,,,,,,,,,,,,,,,1.60,1.20,0.80,0.00,,,,,,,,,,,,,,,,,,,,,,,,,,,,,,,,,,,,,,,,,,,,,,,,,,,,,,,,,,,,
Tự học võ tại nhà Taekwondo #3 - Learn Taekwondo At Home - Taekwondo 태권도 - VinKungfu.mp4,Đá sau (phải),back,15,179.20,180.57,179.80,chân phải,1,8.34,3.34,5.00,,,,,2.00,1.60,1.40,0.00,,,,,,,,,,,,,,,,,,,,,,,,,,,,,1.34,1.20,0.80,0.00,,,,,,,,,,,,,,,,,,,,,,,,,,,,,,,,,,,,,,,,,,,,,,,,,,,,,,,,,,,,
Tự học võ tại nhà Taekwondo #3 - Learn Taekwondo At Home - Taekwondo 태권도 - VinKungfu.mp4,Đá sau (phải),back,16,180.57,181.97,181.53,chân phải,1,8.45,3.45,5.00,,,,,2.00,1.60,1.40,0.00,,,,,,,,,,,,,,,,,,,,,,,,,,,,,1.45,1.20,0.80,0.00,,,,,,,,,,,,,,,,,,,,,,,,,,,,,,,,,,,,,,,,,,,,,,,,,,,,,,,,,,,,
Tự học võ tại nhà Taekwondo #3 - Learn Taekwondo At Home - Taekwondo 태권도 - VinKungfu.mp4,Đá sau (phải),back,1,487.60,489.80,488.47,chân phải,1,8.03,3.03,5.00,,,,,2.00,1.60,1.40,0.00,,,,,,,,,,,,,,,,,,,,,,,,,,,,,1.45,1.20,0.31,0.07,,,,,,,,,,,,,,,,,,,,,,,,,,,,,,,,,,,,,,,,,,,,,,,,,,,,,,,,,,,,
Tự học võ tại nhà Taekwondo #3 - Learn Taekwondo At Home - Taekwondo 태권도 - VinKungfu.mp4,Đá sau (phải),back,2,490.33,491.93,490.80,chân phải,1,8.34,3.34,5.00,,,,,2.00,1.60,1.40,0.00,,,,,,,,,,,,,,,,,,,,,,,,,,,,,1.34,1.20,0.80,0.00,,,,,,,,,,,,,,,,,,,,,,,,,,,,,,,,,,,,,,,,,,,,,,,,,,,,,,,,,,,,
Tự học võ tại nhà Taekwondo #3 - Learn Taekwondo At Home - Taekwondo 태권도 - VinKungfu.mp4,Đá sau (phải),back,3,491.93,492.97,492.40,chân phải,1,8.49,3.49,5.00,,,,,2.00,1.60,1.40,0.00,,,,,,,,,,,,,,,,,,,,,,,,,,,,,1.49,1.20,0.80,0.00,,,,,,,,,,,,,,,,,,,,,,,,,,,,,,,,,,,,,,,,,,,,,,,,,,,,,,,,,,,,
Tự học võ tại nhà Taekwondo #3 - Learn Taekwondo At Home - Taekwondo 태권도 - VinKungfu.mp4,Đá sau (phải),back,4,492.97,494.47,493.93,chân phải,1,8.59,3.59,5.00,,,,,2.00,1.60,1.40,0.00,,,,,,,,,,,,,,,,,,,,,,,,,,,,,1.59,1.20,0.80,0.00,,,,,,,,,,,,,,,,,,,,,,,,,,,,,,,,,,,,,,,,,,,,,,,,,,,,,,,,,,,,
Tự học võ tại nhà Taekwondo #3 - Learn Taekwondo At Home - Taekwondo 태권도 - VinKungfu.mp4,Đá sau (phải),back,5,494.47,495.93,495.30,chân phải,1,8.57,3.57,5.00,,,,,2.00,1.60,1.40,0.00,,,,,,,,,,,,,,,,,,,,,,,,,,,,,1.57,1.20,0.80,0.00,,,,,,,,,,,,,,,,,,,,,,,,,,,,,,,,,,,,,,,,,,,,,,,,,,,,,,,,,,,,
Tự học võ tại nhà Taekwondo #3 - Learn Taekwondo At Home - Taekwondo 태권도 - VinKungfu.mp4,Đá sau (phải),back,6,496.00,497.90,496.80,chân phải,1,8.56,3.56,5.00,,,,,2.00,1.60,1.40,0.00,,,,,,,,,,,,,,,,,,,,,,,,,,,,,1.56,1.20,0.80,0.00,,,,,,,,,,,,,,,,,,,,,,,,,,,,,,,,,,,,,,,,,,,,,,,,,,,,,,,,,,,,
Tự học võ tại nhà Taekwondo #3 - Learn Taekwondo At Home - Taekwondo 태권도 - VinKungfu.mp4,Đá sau (phải),back,7,497.90,499.33,498.27,chân phải,1,7.78,2.78,5.00,,,,,2.00,1.60,1.40,0.00,,,,,,,,,,,,,,,,,,,,,,,,,,,,,0.64,1.20,0.80,0.14,,,,,,,,,,,,,,,,,,,,,,,,,,,,,,,,,,,,,,,,,,,,,,,,,,,,,,,,,,,,
Tự học võ tại nhà Taekwondo #3 - Learn Taekwondo At Home - Taekwondo 태권도 - VinKungfu.mp4,Đá sau (phải),back,8,499.33,500.37,499.77,chân phải,1,8.72,3.72,5.00,,,,,2.00,1.60,1.40,0.00,,,,,,,,,,,,,,,,,,,,,,,,,,,,,1.58,1.20,0.80,0.14,,,,,,,,,,,,,,,,,,,,,,,,,,,,,,,,,,,,,,,,,,,,,,,,,,,,,,,,,,,,
Tự học võ tại nhà Taekwondo #3 - Learn Taekwondo At Home - Taekwondo 태권도 - VinKungfu.mp4,Đá sau (phải),back,9,500.37,501.97,501.23,chân phải,1,8.50,3.50,5.00,,,,,2.00,1.60,1.40,0.00,,,,,,,,,,,,,,,,,,,,,,,,,,,,,1.50,1.20,0.80,0.00,,,,,,,,,,,,,,,,,,,,,,,,,,,,,,,,,,,,,,,,,,,,,,,,,,,,,,,,,,,,
Tự học võ tại nhà Taekwondo #3 - Learn Taekwondo At Home - Taekwondo 태권도 - VinKungfu.mp4,Đá sau (phải),back,10,501.97,503.50,502.77,chân phải,1,8.54,3.54,5.00,,,,,2.00,1.60,1.40,0.00,,,,,,,,,,,,,,,,,,,,,,,,,,,,,1.54,1.20,0.80,0.00,,,,,,,,,,,,,,,,,,,,,,,,,,,,,,,,,,,,,,,,,,,,,,,,,,,,,,,,,,,,
Tự học võ tại nhà Taekwondo #3 - Learn Taekwondo At Home - Taekwondo 태권도 - VinKungfu.mp4,Đá sau (phải),back,11,503.50,505.50,504.47,chân phải,1,8.60,3.60,5.00,,,,,2.00,1.60,1.40,0.00,,,,,,,,,,,,,,,,,,,,,,,,,,,,,1.60,1.20,0.80,0.00,,,,,,,,,,,,,,,,,,,,,,,,,,,,,,,,,,,,,,,,,,,,,,,,,,,,,,,,,,,,
Tự học võ tại nhà Taekwondo #3 - Learn Taekwondo At Home - Taekwondo 태권도 - VinKungfu.mp4,Đá sau (phải),back,12,505.50,506.90,506.07,chân phải,1,8.57,3.57,5.00,,,,,2.00,1.60,1.40,0.00,,,,,,,,,,,,,,,,,,,,,,,,,,,,,1.57,1.20,0.80,0.00,,,,,,,,,,,,,,,,,,,,,,,,,,,,,,,,,,,,,,,,,,,,,,,,,,,,,,,,,,,,
Tự học võ tại nhà Taekwondo #3 - Learn Taekwondo At Home - Taekwondo 태권도 - VinKungfu.mp4,Đá sau (phải),back,13,506.90,508.80,507.83,chân phải,1,8.62,3.62,5.00,,,,,2.00,1.60,1.40,0.00,,,,,,,,,,,,,,,,,,,,,,,,,,,,,1.48,1.20,0.80,0.14,,,,,,,,,,,,,,,,,,,,,,,,,,,,,,,,,,,,,,,,,,,,,,,,,,,,,,,,,,,,
Tự học võ tại nhà Taekwondo #3 - Learn Taekwondo At Home - Taekwondo 태권도 - VinKungfu.mp4,Đá sau (phải),back,14,508.80,510.13,509.47,chân phải,1,8.40,3.40,5.00,,,,,2.00,1.60,1.40,0.00,,,,,,,,,,,,,,,,,,,,,,,,,,,,,1.40,1.20,0.80,0.00,,,,,,,,,,,,,,,,,,,,,,,,,,,,,,,,,,,,,,,,,,,,,,,,,,,,,,,,,,,,
Tự học võ tại nhà Taekwondo #3 - Learn Taekwondo At Home - Taekwondo 태권도 - VinKungfu.mp4,Đá sau (phải),back,15,510.13,511.63,511.10,chân phải,1,8.46,3.46,5.00,,,,,2.00,1.60,1.40,0.00,,,,,,,,,,,,,,,,,,,,,,,,,,,,,1.46,1.20,0.80,0.00,,,,,,,,,,,,,,,,,,,,,,,,,,,,,,,,,,,,,,,,,,,,,,,,,,,,,,,,,,,,
Tự học võ tại nhà Taekwondo #3 - Learn Taekwondo At Home - Taekwondo 태권도 - VinKungfu.mp4,Đá sau (phải),back,16,511.63,512.97,512.43,chân phải,1,8.70,3.70,5.00,,,,,2.00,1.60,1.40,0.00,,,,,,,,,,,,,,,,,,,,,,,,,,,,,1.56,1.20,0.80,0.14,,,,,,,,,,,,,,,,,,,,,,,,,,,,,,,,,,,,,,,,,,,,,,,,,,,,,,,,,,,,
Tự học võ tại nhà Taekwondo #3 - Learn Taekwondo At Home - Taekwondo 태권도 - VinKungfu.mp4,Bước gạt thấp (trái),low_block,1,202.00,202.87,,tay trái,0,,,,,,,,,,,,,,,,,,,,,,,,,,,,,,,,,,,,,,,,,,,,,,,,,,,,,,,,,,,,,,,,,,,,,,,,,,,,,,,,,,,,,,,,,,,,,,,,,,,,,,,"Không thấy một động tác trọn vẹn: video bắt đầu/kết thúc giữa động tác, hoặc góc quay khiến không đo được tay. Nên quay chính diện hoặc chéo ~45°."
Tự học võ tại nhà Taekwondo #3 - Learn Taekwondo At Home - Taekwondo 태권도 - VinKungfu.mp4,Bước gạt thấp (trái),low_block,2,202.87,204.30,203.17,tay trái,1,7.95,3.60,4.35,,,,,,,,,,,,,1.91,0.04,1.40,1.00,,,,,,,,,,,,,,,,,,,,,,,,,1.60,0.85,0.80,0.35,,,,,,,,,,,,,,,,,,,,,,,,,,,,,,,,,,,,,,,,,,,,,,,,,,,,,,,,
Tự học võ tại nhà Taekwondo #3 - Learn Taekwondo At Home - Taekwondo 태권도 - VinKungfu.mp4,Bước gạt thấp (trái),low_block,3,204.30,205.90,204.60,tay trái,1,8.04,3.62,4.42,,,,,,,,,,,,,2.00,0.02,1.40,1.00,,,,,,,,,,,,,,,,,,,,,,,,,1.60,0.87,0.80,0.35,,,,,,,,,,,,,,,,,,,,,,,,,,,,,,,,,,,,,,,,,,,,,,,,,,,,,,,,
Tự học võ tại nhà Taekwondo #3 - Learn Taekwondo At Home - Taekwondo 태권도 - VinKungfu.mp4,Bước gạt thấp (trái),low_block,4,205.97,207.60,206.27,tay trái,1,7.58,3.56,4.02,,,,,,,,,,,,,1.54,0.08,1.40,1.00,,,,,,,,,,,,,,,,,,,,,,,,,1.54,0.92,0.80,0.30,,,,,,,,,,,,,,,,,,,,,,,,,,,,,,,,,,,,,,,,,,,,,,,,,,,,,,,,
Tự học võ tại nhà Taekwondo #3 - Learn Taekwondo At Home - Taekwondo 태권도 - VinKungfu.mp4,Bước gạt thấp (trái),low_block,5,207.77,209.43,208.07,tay trái,1,7.33,3.41,3.92,,,,,,,,,,,,,1.52,0.00,1.40,1.00,,,,,,,,,,,,,,,,,,,,,,,,,1.58,0.72,0.80,0.31,,,,,,,,,,,,,,,,,,,,,,,,,,,,,,,,,,,,,,,,,,,,,,,,,,,,,,,,
Tự học võ tại nhà Taekwondo #3 - Learn Taekwondo At Home - Taekwondo 태권도 - VinKungfu.mp4,Bước gạt thấp (trái),low_block,6,209.63,211.23,209.93,tay trái,1,7.68,3.54,4.14,,,,,,,,,,,,,1.74,0.00,1.40,1.00,,,,,,,,,,,,,,,,,,,,,,,,,1.54,0.86,0.80,0.34,,,,,,,,,,,,,,,,,,,,,,,,,,,,,,,,,,,,,,,,,,,,,,,,,,,,,,,,
Tự học võ tại nhà Taekwondo #3 - Learn Taekwondo At Home - Taekwondo 태권도 - VinKungfu.mp4,Bước gạt thấp (trái),low_block,7,211.67,213.10,,tay trái,0,,,,,,,,,,,,,,,,,,,,,,,,,,,,,,,,,,,,,,,,,,,,,,,,,,,,,,,,,,,,,,,,,,,,,,,,,,,,,,,,,,,,,,,,,,,,,,,,,,,,,,,"Không thấy một động tác trọn vẹn: video bắt đầu/kết thúc giữa động tác, hoặc góc quay khiến không đo được tay. Nên quay chính diện hoặc chéo ~45°."
Tự học võ tại nhà Taekwondo #3 - Learn Taekwondo At Home - Taekwondo 태권도 - VinKungfu.mp4,Bước gạt thấp (trái),low_block,8,213.77,215.37,214.13,tay trái,1,5.74,2.25,3.49,,,,,,,,,,,,,1.09,0.00,1.40,1.00,,,,,,,,,,,,,,,,,,,,,,,,,0.43,0.79,0.80,0.24,,,,,,,,,,,,,,,,,,,,,,,,,,,,,,,,,,,,,,,,,,,,,,,,,,,,,,,,
Tự học võ tại nhà Taekwondo #3 - Learn Taekwondo At Home - Taekwondo 태권도 - VinKungfu.mp4,Bước gạt thấp (trái),low_block,9,216.57,218.77,217.50,tay trái,1,6.07,2.27,3.80,,,,,,,,,,,,,1.38,0.02,1.40,1.00,,,,,,,,,,,,,,,,,,,,,,,,,0.46,0.77,0.80,0.24,,,,,,,,,,,,,,,,,,,,,,,,,,,,,,,,,,,,,,,,,,,,,,,,,,,,,,,,
Tự học võ tại nhà Taekwondo #3 - Learn Taekwondo At Home - Taekwondo 태권도 - VinKungfu.mp4,Bước gạt thấp (trái),low_block,10,221.97,223.33,222.93,tay trái,1,6.15,2.31,3.84,,,,,,,,,,,,,1.41,0.03,1.40,1.00,,,,,,,,,,,,,,,,,,,,,,,,,0.54,0.73,0.80,0.25,,,,,,,,,,,,,,,,,,,,,,,,,,,,,,,,,,,,,,,,,,,,,,,,,,,,,,,,
Tự học võ tại nhà Taekwondo #3 - Learn Taekwondo At Home - Taekwondo 태권도 - VinKungfu.mp4,Bước gạt thấp (trái),low_block,11,223.33,225.23,,tay phải,0,,,,,,,,,,,,,,,,,,,,,,,,,,,,,,,,,,,,,,,,,,,,,,,,,,,,,,,,,,,,,,,,,,,,,,,,,,,,,,,,,,,,,,,,,,,,,,,,,,,,,,,"Không thấy một động tác trọn vẹn: video bắt đầu/kết thúc giữa động tác, hoặc góc quay khiến không đo được tay. Nên quay chính diện hoặc chéo ~45°."
Tự học võ tại nhà Taekwondo #3 - Learn Taekwondo At Home - Taekwondo 태권도 - VinKungfu.mp4,Bước gạt thấp (trái),low_block,12,225.67,227.37,225.97,tay trái,1,7.84,2.52,5.32,,,,,,,,,,,,,1.66,,,1.00,,,,,,,,,,,,,,,,,,,,,,,,,0.93,0.47,0.80,0.31,,,,,,,,,,,,,,,,,,,,,,,,,,,,,,,,,,,,,,,,,,,,,,,,,,,,,,,,Video bắt đầu giữa động tác — các mục xoay thân/thời gian ra đòn không tính.
Tự học võ tại nhà Taekwondo #3 - Learn Taekwondo At Home - Taekwondo 태권도 - VinKungfu.mp4,Bước gạt thấp (trái),low_block,13,227.47,228.97,227.77,tay trái,1,5.78,2.70,3.07,,,,,,,,,,,,,1.06,,,0.48,,,,,,,,,,,,,,,,,,,,,,,,,1.12,0.45,0.80,0.33,,,,,,,,,,,,,,,,,,,,,,,,,,,,,,,,,,,,,,,,,,,,,,,,,,,,,,,,Video bắt đầu giữa động tác — các mục xoay thân/thời gian ra đòn không tính.
Tự học võ tại nhà Taekwondo #3 - Learn Taekwondo At Home - Taekwondo 태권도 - VinKungfu.mp4,Bước gạt thấp (trái),low_block,1,530.07,532.27,531.03,tay trái,1,7.48,3.37,4.11,,,,,,,,,,,,,1.55,0.16,1.40,1.00,,,,,,,,,,,,,,,,,,,,,,,,,1.60,0.63,0.80,0.34,,,,,,,,,,,,,,,,,,,,,,,,,,,,,,,,,,,,,,,,,,,,,,,,,,,,,,,,
Tự học võ tại nhà Taekwondo #3 - Learn Taekwondo At Home - Taekwondo 태권도 - VinKungfu.mp4,Bước gạt thấp (trái),low_block,2,532.43,533.87,532.73,tay trái,1,7.82,3.56,4.27,,,,,,,,,,,,,1.79,0.08,1.40,1.00,,,,,,,,,,,,,,,,,,,,,,,,,1.60,0.81,0.80,0.35,,,,,,,,,,,,,,,,,,,,,,,,,,,,,,,,,,,,,,,,,,,,,,,,,,,,,,,,
Tự học võ tại nhà Taekwondo #3 - Learn Taekwondo At Home - Taekwondo 태권도 - VinKungfu.mp4,Bước gạt thấp (trái),low_block,3,533.87,535.47,534.17,tay trái,1,8.04,3.64,4.40,,,,,,,,,,,,,2.00,0.00,1.40,1.00,,,,,,,,,,,,,,,,,,,,,,,,,1.60,0.89,0.80,0.35,,,,,,,,,,,,,,,,,,,,,,,,,,,,,,,,,,,,,,,,,,,,,,,,,,,,,,,,
Tự học võ tại nhà Taekwondo #3 - Learn Taekwondo At Home - Taekwondo 태권도 - VinKungfu.mp4,Bước gạt thấp (trái),low_block,4,535.53,537.13,535.83,tay trái,1,7.60,3.57,4.03,,,,,,,,,,,,,1.56,0.07,1.40,1.00,,,,,,,,,,,,,,,,,,,,,,,,,1.55,0.93,0.80,0.29,,,,,,,,,,,,,,,,,,,,,,,,,,,,,,,,,,,,,,,,,,,,,,,,,,,,,,,,
Tự học võ tại nhà Taekwondo #3 - Learn Taekwondo At Home - Taekwondo 태권도 - VinKungfu.mp4,Bước gạt thấp (trái),low_block,5,537.30,539.07,537.63,tay trái,1,7.25,3.42,3.83,,,,,,,,,,,,,1.43,0.00,1.40,1.00,,,,,,,,,,,,,,,,,,,,,,,,,1.57,0.74,0.80,0.31,,,,,,,,,,,,,,,,,,,,,,,,,,,,,,,,,,,,,,,,,,,,,,,,,,,,,,,,
Tự học võ tại nhà Taekwondo #3 - Learn Taekwondo At Home - Taekwondo 태권도 - VinKungfu.mp4,Bước gạt thấp (trái),low_block,6,539.20,540.80,539.50,tay trái,1,7.71,3.56,4.15,,,,,,,,,,,,,1.75,0.00,1.40,1.00,,,,,,,,,,,,,,,,,,,,,,,,,1.52,0.91,0.80,0.33,,,,,,,,,,,,,,,,,,,,,,,,,,,,,,,,,,,,,,,,,,,,,,,,,,,,,,,,
Tự học võ tại nhà Taekwondo #3 - Learn Taekwondo At Home - Taekwondo 태권도 - VinKungfu.mp4,Bước gạt thấp (trái),low_block,7,541.23,542.63,,tay trái,0,,,,,,,,,,,,,,,,,,,,,,,,,,,,,,,,,,,,,,,,,,,,,,,,,,,,,,,,,,,,,,,,,,,,,,,,,,,,,,,,,,,,,,,,,,,,,,,,,,,,,,,"Không thấy một động tác trọn vẹn: video bắt đầu/kết thúc giữa động tác, hoặc góc quay khiến không đo được tay. Nên quay chính diện hoặc chéo ~45°."
Tự học võ tại nhà Taekwondo #3 - Learn Taekwondo At Home - Taekwondo 태권도 - VinKungfu.mp4,Bước gạt thấp (trái),low_block,8,543.37,544.93,543.67,tay trái,1,5.75,2.22,3.53,,,,,,,,,,,,,1.18,,,0.58,,,,,,,,,,,,,,,,,,,,,,,,,0.36,0.82,0.80,0.24,,,,,,,,,,,,,,,,,,,,,,,,,,,,,,,,,,,,,,,,,,,,,,,,,,,,,,,,Video bắt đầu giữa động tác — các mục xoay thân/thời gian ra đòn không tính.
Tự học võ tại nhà Taekwondo #3 - Learn Taekwondo At Home - Taekwondo 태권도 - VinKungfu.mp4,Bước gạt thấp (trái),low_block,9,546.13,548.33,547.07,tay trái,1,6.06,2.34,3.72,,,,,,,,,,,,,1.29,0.03,1.40,1.00,,,,,,,,,,,,,,,,,,,,,,,,,0.50,0.80,0.80,0.24,,,,,,,,,,,,,,,,,,,,,,,,,,,,,,,,,,,,,,,,,,,,,,,,,,,,,,,,
Tự học võ tại nhà Taekwondo #3 - Learn Taekwondo At Home - Taekwondo 태권도 - VinKungfu.mp4,Bước gạt thấp (trái),low_block,10,548.60,550.33,548.90,tay trái,1,7.37,2.39,4.98,,,,,,,,,,,,,1.49,,,1.00,,,,,,,,,,,,,,,,,,,,,,,,,0.47,0.88,0.80,0.24,,,,,,,,,,,,,,,,,,,,,,,,,,,,,,,,,,,,,,,,,,,,,,,,,,,,,,,,Video bắt đầu giữa động tác — các mục xoay thân/thời gian ra đòn không tính.
Tự học võ tại nhà Taekwondo #3 - Learn Taekwondo At Home - Taekwondo 태권도 - VinKungfu.mp4,Bước gạt thấp (trái),low_block,11,552.60,554.80,,tay phải,0,,,,,,,,,,,,,,,,,,,,,,,,,,,,,,,,,,,,,,,,,,,,,,,,,,,,,,,,,,,,,,,,,,,,,,,,,,,,,,,,,,,,,,,,,,,,,,,,,,,,,,,"Không thấy một động tác trọn vẹn: video bắt đầu/kết thúc giữa động tác, hoặc góc quay khiến không đo được tay. Nên quay chính diện hoặc chéo ~45°."
Tự học võ tại nhà Taekwondo #3 - Learn Taekwondo At Home - Taekwondo 태권도 - VinKungfu.mp4,Bước gạt thấp (trái),low_block,12,555.20,556.80,555.53,tay trái,1,6.65,2.57,4.08,,,,,,,,,,,,,1.66,0.18,1.40,0.83,,,,,,,,,,,,,,,,,,,,,,,,,1.00,0.47,0.80,0.31,,,,,,,,,,,,,,,,,,,,,,,,,,,,,,,,,,,,,,,,,,,,,,,,,,,,,,,,
Tự học võ tại nhà Taekwondo #3 - Learn Taekwondo At Home - Taekwondo 태권도 - VinKungfu.mp4,Đá gập vòng (phải),hook_kick,1,246.77,248.97,247.67,chân phải,1,7.28,2.28,5.00,,,,,2.00,1.60,1.40,0.00,,,,,,,,,,,,,,,,,,,,,,,,,,,,,,,,,,,,,1.34,0.84,0.00,0.10,,,,,,,,,,,,,,,,,,,,,,,,,,,,,,,,,,,,,,,,,,,,,,,,,,,,
Tự học võ tại nhà Taekwondo #3 - Learn Taekwondo At Home - Taekwondo 태권도 - VinKungfu.mp4,Đá gập vòng (phải),hook_kick,2,249.63,251.83,251.77,chân phải,1,7.00,2.00,5.00,,,,,2.00,1.60,1.40,0.00,,,,,,,,,,,,,,,,,,,,,,,,,,,,,,,,,,,,,0.80,1.20,0.00,0.00,,,,,,,,,,,,,,,,,,,,,,,,,,,,,,,,,,,,,,,,,,,,,,,,,,,,
Tự học võ tại nhà Taekwondo #3 - Learn Taekwondo At Home - Taekwondo 태권도 - VinKungfu.mp4,Đá gập vòng (phải),hook_kick,3,254.60,256.37,256.33,chân phải,1,6.67,1.67,5.00,,,,,2.00,1.60,1.40,0.00,,,,,,,,,,,,,,,,,,,,,,,,,,,,,,,,,,,,,0.80,0.87,0.00,0.00,,,,,,,,,,,,,,,,,,,,,,,,,,,,,,,,,,,,,,,,,,,,,,,,,,,,
Tự học võ tại nhà Taekwondo #3 - Learn Taekwondo At Home - Taekwondo 태권도 - VinKungfu.mp4,Đá gập vòng (phải),hook_kick,4,256.37,257.80,257.23,chân phải,1,7.00,2.00,5.00,,,,,2.00,1.60,1.40,0.00,,,,,,,,,,,,,,,,,,,,,,,,,,,,,,,,,,,,,0.80,1.20,0.00,0.00,,,,,,,,,,,,,,,,,,,,,,,,,,,,,,,,,,,,,,,,,,,,,,,,,,,,
Tự học võ tại nhà Taekwondo #3 - Learn Taekwondo At Home - Taekwondo 태권도 - VinKungfu.mp4,Đá gập vòng (phải),hook_kick,5,258.60,260.80,259.70,chân phải,1,6.78,1.78,5.00,,,,,2.00,1.60,1.40,0.00,,,,,,,,,,,,,,,,,,,,,,,,,,,,,,,,,,,,,0.80,0.84,0.00,0.14,,,,,,,,,,,,,,,,,,,,,,,,,,,,,,,,,,,,,,,,,,,,,,,,,,,,
Tự học võ tại nhà Taekwondo #3 - Learn Taekwondo At Home - Taekwondo 태권도 - VinKungfu.mp4,Đá gập vòng (phải),hook_kick,6,261.03,263.07,262.20,chân phải,1,7.68,2.68,5.00,,,,,2.00,1.60,1.40,0.00,,,,,,,,,,,,,,,,,,,,,,,,,,,,,,,,,,,,,0.80,0.94,0.80,0.14,,,,,,,,,,,,,,,,,,,,,,,,,,,,,,,,,,,,,,,,,,,,,,,,,,,,
Tự học võ tại nhà Taekwondo #3 - Learn Taekwondo At Home - Taekwondo 태권도 - VinKungfu.mp4,Đá gập vòng (phải),hook_kick,7,263.13,265.00,263.77,chân phải,1,6.99,1.99,5.00,,,,,2.00,1.60,1.40,0.00,,,,,,,,,,,,,,,,,,,,,,,,,,,,,,,,,,,,,0.80,0.84,0.21,0.14,,,,,,,,,,,,,,,,,,,,,,,,,,,,,,,,,,,,,,,,,,,,,,,,,,,,
Tự học võ tại nhà Taekwondo #3 - Learn Taekwondo At Home - Taekwondo 태권도 - VinKungfu.mp4,Đá gập vòng (phải),hook_kick,8,265.97,267.70,266.70,chân phải,1,7.44,2.44,5.00,,,,,2.00,1.60,1.40,0.00,,,,,,,,,,,,,,,,,,,,,,,,,,,,,,,,,,,,,0.80,0.84,0.80,0.00,,,,,,,,,,,,,,,,,,,,,,,,,,,,,,,,,,,,,,,,,,,,,,,,,,,,
Tự học võ tại nhà Taekwondo #3 - Learn Taekwondo At Home - Taekwondo 태권도 - VinKungfu.mp4,Đá gập vòng (phải),hook_kick,9,267.70,269.07,268.17,chân phải,1,7.58,2.58,5.00,,,,,2.00,1.60,1.40,0.00,,,,,,,,,,,,,,,,,,,,,,,,,,,,,,,,,,,,,0.80,0.84,0.80,0.14,,,,,,,,,,,,,,,,,,,,,,,,,,,,,,,,,,,,,,,,,,,,,,,,,,,,
Tự học võ tại nhà Taekwondo #3 - Learn Taekwondo At Home - Taekwondo 태권도 - VinKungfu.mp4,Đá gập vòng (phải),hook_kick,10,269.07,270.93,269.83,chân phải,1,7.68,2.68,5.00,,,,,2.00,1.60,1.40,0.00,,,,,,,,,,,,,,,,,,,,,,,,,,,,,,,,,,,,,0.80,0.94,0.80,0.14,,,,,,,,,,,,,,,,,,,,,,,,,,,,,,,,,,,,,,,,,,,,,,,,,,,,
Tự học võ tại nhà Taekwondo #3 - Learn Taekwondo At Home - Taekwondo 태권도 - VinKungfu.mp4,Đá gập vòng (phải),hook_kick,11,270.93,272.27,271.40,chân phải,1,7.63,2.63,5.00,,,,,2.00,1.60,1.40,0.00,,,,,,,,,,,,,,,,,,,,,,,,,,,,,,,,,,,,,0.80,0.89,0.80,0.14,,,,,,,,,,,,,,,,,,,,,,,,,,,,,,,,,,,,,,,,,,,,,,,,,,,,
Tự học võ tại nhà Taekwondo #3 - Learn Taekwondo At Home - Taekwondo 태권도 - VinKungfu.mp4,Đá gập vòng (phải),hook_kick,12,272.27,272.97,272.83,chân phải,1,6.98,1.98,5.00,,,,,2.00,1.60,1.40,0.00,,,,,,,,,,,,,,,,,,,,,,,,,,,,,,,,,,,,,0.80,1.04,0.00,0.14,,,,,,,,,,,,,,,,,,,,,,,,,,,,,,,,,,,,,,,,,,,,,,,,,,,,
Tự học võ tại nhà Taekwondo #3 - Learn Taekwondo At Home - Taekwondo 태권도 - VinKungfu.mp4,Đá gập vòng (phải),hook_kick,1,576.33,578.53,577.27,chân phải,1,7.37,2.37,5.00,,,,,2.00,1.60,1.40,0.00,,,,,,,,,,,,,,,,,,,,,,,,,,,,,,,,,,,,,1.40,0.84,0.00,0.13,,,,,,,,,,,,,,,,,,,,,,,,,,,,,,,,,,,,,,,,,,,,,,,,,,,,
Tự học võ tại nhà Taekwondo #3 - Learn Taekwondo At Home - Taekwondo 태권도 - VinKungfu.mp4,Đá gập vòng (phải),hook_kick,2,579.20,581.37,581.33,chân phải,1,7.00,2.00,5.00,,,,,2.00,1.60,1.40,0.00,,,,,,,,,,,,,,,,,,,,,,,,,,,,,,,,,,,,,0.80,1.20,0.00,0.00,,,,,,,,,,,,,,,,,,,,,,,,,,,,,,,,,,,,,,,,,,,,,,,,,,,,
Tự học võ tại nhà Taekwondo #3 - Learn Taekwondo At Home - Taekwondo 태권도 - VinKungfu.mp4,Đá gập vòng (phải),hook_kick,3,584.20,586.40,585.93,chân phải,1,6.99,1.99,5.00,,,,,2.00,1.60,1.40,0.00,,,,,,,,,,,,,,,,,,,,,,,,,,,,,,,,,,,,,0.80,0.88,0.17,0.14,,,,,,,,,,,,,,,,,,,,,,,,,,,,,,,,,,,,,,,,,,,,,,,,,,,,
Tự học võ tại nhà Taekwondo #3 - Learn Taekwondo At Home - Taekwondo 태권도 - VinKungfu.mp4,Đá gập vòng (phải),hook_kick,4,588.30,590.50,589.27,chân phải,1,6.78,1.78,5.00,,,,,2.00,1.60,1.40,0.00,,,,,,,,,,,,,,,,,,,,,,,,,,,,,,,,,,,,,0.80,0.84,0.00,0.14,,,,,,,,,,,,,,,,,,,,,,,,,,,,,,,,,,,,,,,,,,,,,,,,,,,,
Tự học võ tại nhà Taekwondo #3 - Learn Taekwondo At Home - Taekwondo 태권도 - VinKungfu.mp4,Đá gập vòng (phải),hook_kick,5,590.77,592.77,591.77,chân phải,1,7.39,2.39,5.00,,,,,2.00,1.60,1.40,0.00,,,,,,,,,,,,,,,,,,,,,,,,,,,,,,,,,,,,,0.80,0.84,0.61,0.14,,,,,,,,,,,,,,,,,,,,,,,,,,,,,,,,,,,,,,,,,,,,,,,,,,,,
Tự học võ tại nhà Taekwondo #3 - Learn Taekwondo At Home - Taekwondo 태권도 - VinKungfu.mp4,Đá gập vòng (phải),hook_kick,6,592.77,594.57,593.30,chân phải,1,6.96,1.96,5.00,,,,,2.00,1.60,1.40,0.00,,,,,,,,,,,,,,,,,,,,,,,,,,,,,,,,,,,,,0.80,0.84,0.18,0.14,,,,,,,,,,,,,,,,,,,,,,,,,,,,,,,,,,,,,,,,,,,,,,,,,,,,
Tự học võ tại nhà Taekwondo #3 - Learn Taekwondo At Home - Taekwondo 태권도 - VinKungfu.mp4,Đá gập vòng (phải),hook_kick,7,595.53,597.27,596.23,chân phải,1,7.44,2.44,5.00,,,,,2.00,1.60,1.40,0.00,,,,,,,,,,,,,,,,,,,,,,,,,,,,,,,,,,,,,0.80,0.84,0.80,0.00,,,,,,,,,,,,,,,,,,,,,,,,,,,,,,,,,,,,,,,,,,,,,,,,,,,,
Tự học võ tại nhà Taekwondo #3 - Learn Taekwondo At Home - Taekwondo 태권도 - VinKungfu.mp4,Đá gập vòng (phải),hook_kick,8,597.27,598.63,597.73,chân phải,1,7.61,2.61,5.00,,,,,2.00,1.60,1.40,0.00,,,,,,,,,,,,,,,,,,,,,,,,,,,,,,,,,,,,,0.80,0.87,0.80,0.14,,,,,,,,,,,,,,,,,,,,,,,,,,,,,,,,,,,,,,,,,,,,,,,,,,,,
Tự học võ tại nhà Taekwondo #3 - Learn Taekwondo At Home - Taekwondo 태권도 - VinKungfu.mp4,Đá gập vòng (phải),hook_kick,9,598.63,600.23,599.40,chân phải,1,7.69,2.69,5.00,,,,,2.00,1.60,1.40,0.00,,,,,,,,,,,,,,,,,,,,,,,,,,,,,,,,,,,,,0.80,0.95,0.80,0.14,,,,,,,,,,,,,,,,,,,,,,,,,,,,,,,,,,,,,,,,,,,,,,,,,,,,
Tự học võ tại nhà Taekwondo #3 - Learn Taekwondo At Home - Taekwondo 태권도 - VinKungfu.mp4,Đá gập vòng (phải),hook_kick,10,600.23,601.73,600.97,chân phải,1,7.64,2.64,5.00,,,,,2.00,1.60,1.40,0.00,,,,,,,,,,,,,,,,,,,,,,,,,,,,,,,,,,,,,0.80,0.90,0.80,0.14,,,,,,,,,,,,,,,,,,,,,,,,,,,,,,,,,,,,,,,,,,,,,,,,,,,,
Tự học võ tại nhà Taekwondo #3 - Learn Taekwondo At Home - Taekwondo 태권도 - VinKungfu.mp4,Đá gập vòng (phải),hook_kick,11,601.73,602.97,602.40,chân phải,1,7.14,2.14,5.00,,,,,2.00,1.60,1.40,0.00,,,,,,,,,,,,,,,,,,,,,,,,,,,,,,,,,,,,,0.80,0.84,0.36,0.14,,,,,,,,,,,,,,,,,,,,,,,,,,,,,,,,,,,,,,,,,,,,,,,,,,,,
Tự học võ tại nhà Taekwondo #3 - Learn Taekwondo At Home - Taekwondo 태권도 - VinKungfu.mp4,Đấm vòng (trái),hook,1,296.00,296.77,296.40,tay trái,1,9.22,3.97,5.26,,,,,,,,,,,,,,,,,,,,,1.57,1.20,,0.40,2.00,0.90,1.36,1.00,,,,,,,,,,,,,,,,,,,,,,,,,,,,,,,,,,,,,,,,,,,,,,,,,,,,,,,,,,,,,,,,,,,,,,,,"Video bắt đầu gần như ngay khi ra đòn — tư thế thủ ban đầu đo không chắc chắn. | Video kết thúc trước khi thu tay — hạng mục thu tay không tính, điểm Chính xác quy đổi theo tỉ lệ."
Tự học võ tại nhà Taekwondo #3 - Learn Taekwondo At Home - Taekwondo 태권도 - VinKungfu.mp4,Đấm vòng (trái),hook,2,296.77,297.63,297.17,tay trái,1,9.67,3.96,5.71,,,,,,,,,,,,,,,,,,,,,1.60,1.18,0.80,0.38,2.00,1.31,1.40,1.00,,,,,,,,,,,,,,,,,,,,,,,,,,,,,,,,,,,,,,,,,,,,,,,,,,,,,,,,,,,,,,,,,,,,,,,,
Tự học võ tại nhà Taekwondo #3 - Learn Taekwondo At Home - Taekwondo 태권도 - VinKungfu.mp4,Đấm vòng (trái),hook,3,297.63,299.00,298.57,tay trái,1,9.90,3.94,5.96,,,,,,,,,,,,,,,,,,,,,1.60,1.20,0.80,0.34,2.00,1.60,1.36,1.00,,,,,,,,,,,,,,,,,,,,,,,,,,,,,,,,,,,,,,,,,,,,,,,,,,,,,,,,,,,,,,,,,,,,,,,,
Tự học võ tại nhà Taekwondo #3 - Learn Taekwondo At Home - Taekwondo 태권도 - VinKungfu.mp4,Đấm vòng (trái),hook,4,299.00,299.83,299.33,tay trái,1,9.94,3.94,6.00,,,,,,,,,,,,,,,,,,,,,1.60,1.20,0.80,0.34,2.00,1.60,1.40,1.00,,,,,,,,,,,,,,,,,,,,,,,,,,,,,,,,,,,,,,,,,,,,,,,,,,,,,,,,,,,,,,,,,,,,,,,,Video bắt đầu gần như ngay khi ra đòn — tư thế thủ ban đầu đo không chắc chắn.
Tự học võ tại nhà Taekwondo #3 - Learn Taekwondo At Home - Taekwondo 태권도 - VinKungfu.mp4,Đấm vòng (trái),hook,5,299.83,300.70,300.23,tay trái,1,9.92,3.92,6.00,,,,,,,,,,,,,,,,,,,,,1.60,1.20,0.80,0.32,2.00,1.60,1.40,1.00,,,,,,,,,,,,,,,,,,,,,,,,,,,,,,,,,,,,,,,,,,,,,,,,,,,,,,,,,,,,,,,,,,,,,,,,
Tự học võ tại nhà Taekwondo #3 - Learn Taekwondo At Home - Taekwondo 태권도 - VinKungfu.mp4,Đấm vòng (trái),hook,6,300.70,301.43,301.00,tay trái,1,9.51,3.95,5.56,,,,,,,,,,,,,,,,,,,,,1.55,1.20,0.80,0.40,1.56,1.60,1.40,1.00,,,,,,,,,,,,,,,,,,,,,,,,,,,,,,,,,,,,,,,,,,,,,,,,,,,,,,,,,,,,,,,,,,,,,,,,Video bắt đầu gần như ngay khi ra đòn — tư thế thủ ban đầu đo không chắc chắn.
Tự học võ tại nhà Taekwondo #3 - Learn Taekwondo At Home - Taekwondo 태권도 - VinKungfu.mp4,Đấm vòng (trái),hook,7,301.43,302.20,301.77,tay trái,1,9.90,4.00,5.90,,,,,,,,,,,,,,,,,,,,,1.60,1.20,0.80,0.40,1.90,1.60,1.40,1.00,,,,,,,,,,,,,,,,,,,,,,,,,,,,,,,,,,,,,,,,,,,,,,,,,,,,,,,,,,,,,,,,,,,,,,,,
Tự học võ tại nhà Taekwondo #3 - Learn Taekwondo At Home - Taekwondo 태권도 - VinKungfu.mp4,Đấm vòng (trái),hook,8,302.23,303.67,303.40,tay trái,1,9.57,3.57,6.00,,,,,,,,,,,,,,,,,,,,,1.56,1.05,,0.25,2.00,1.60,1.40,1.00,,,,,,,,,,,,,,,,,,,,,,,,,,,,,,,,,,,,,,,,,,,,,,,,,,,,,,,,,,,,,,,,,,,,,,,,"Video kết thúc trước khi thu tay — hạng mục thu tay không tính, điểm Chính xác quy đổi theo tỉ lệ."
Tự học võ tại nhà Taekwondo #3 - Learn Taekwondo At Home - Taekwondo 태권도 - VinKungfu.mp4,Đấm vòng (trái),hook,9,303.67,304.47,304.10,tay trái,1,9.63,3.92,5.71,,,,,,,,,,,,,,,,,,,,,1.59,1.20,0.80,0.33,1.71,1.60,1.40,1.00,,,,,,,,,,,,,,,,,,,,,,,,,,,,,,,,,,,,,,,,,,,,,,,,,,,,,,,,,,,,,,,,,,,,,,,,
Tự học võ tại nhà Taekwondo #3 - Learn Taekwondo At Home - Taekwondo 태권도 - VinKungfu.mp4,Đấm vòng (trái),hook,10,304.47,305.17,304.77,tay trái,1,7.80,3.17,4.63,,,,,,,,,,,,,,,,,,,,,1.54,,0.37,0.31,1.55,,,0.76,,,,,,,,,,,,,,,,,,,,,,,,,,,,,,,,,,,,,,,,,,,,,,,,,,,,,,,,,,,,,,,,,,,,,,,,Video bắt đầu gần như ngay khi ra đòn — tư thế thủ ban đầu đo không chắc chắn. | Video bắt đầu giữa động tác — các mục xoay thân/thời gian ra đòn không tính.
Tự học võ tại nhà Taekwondo #3 - Learn Taekwondo At Home - Taekwondo 태권도 - VinKungfu.mp4,Đấm vòng (trái),hook,11,305.17,305.93,305.53,tay trái,1,8.91,3.60,5.31,,,,,,,,,,,,,,,,,,,,,1.56,,0.65,0.31,1.80,,,0.85,,,,,,,,,,,,,,,,,,,,,,,,,,,,,,,,,,,,,,,,,,,,,,,,,,,,,,,,,,,,,,,,,,,,,,,,Video bắt đầu gần như ngay khi ra đòn — tư thế thủ ban đầu đo không chắc chắn. | Video bắt đầu giữa động tác — các mục xoay thân/thời gian ra đòn không tính.
Tự học võ tại nhà Taekwondo #3 - Learn Taekwondo At Home - Taekwondo 태권도 - VinKungfu.mp4,Đấm vòng (trái),hook,12,305.93,306.73,306.30,tay trái,1,9.35,3.80,5.55,,,,,,,,,,,,,,,,,,,,,1.60,1.09,0.80,0.31,2.00,1.21,1.40,0.94,,,,,,,,,,,,,,,,,,,,,,,,,,,,,,,,,,,,,,,,,,,,,,,,,,,,,,,,,,,,,,,,,,,,,,,,
Tự học võ tại nhà Taekwondo #3 - Learn Taekwondo At Home - Taekwondo 태권도 - VinKungfu.mp4,Đấm vòng (trái),hook,13,306.73,307.47,307.00,tay trái,1,9.23,3.85,5.38,,,,,,,,,,,,,,,,,,,,,1.60,,0.80,0.30,1.69,,,1.00,,,,,,,,,,,,,,,,,,,,,,,,,,,,,,,,,,,,,,,,,,,,,,,,,,,,,,,,,,,,,,,,,,,,,,,,Video bắt đầu gần như ngay khi ra đòn — tư thế thủ ban đầu đo không chắc chắn. | Video bắt đầu giữa động tác — các mục xoay thân/thời gian ra đòn không tính.
Tự học võ tại nhà Taekwondo #3 - Learn Taekwondo At Home - Taekwondo 태권도 - VinKungfu.mp4,Đấm vòng (trái),hook,14,307.47,308.20,307.80,tay phải,1,7.53,1.95,5.58,,,,,,,,,,,,,,,,,,,,,0.88,0.00,0.80,0.27,1.58,1.60,1.40,1.00,,,,,,,,,,,,,,,,,,,,,,,,,,,,,,,,,,,,,,,,,,,,,,,,,,,,,,,,,,,,,,,,,,,,,,,,Cổ tay đấm bị che khuất nhiều — số đo kém tin cậy.
Tự học võ tại nhà Taekwondo #3 - Learn Taekwondo At Home - Taekwondo 태권도 - VinKungfu.mp4,Đấm vòng (trái),hook,15,308.20,308.83,308.50,tay phải,1,6.30,2.79,3.50,,,,,,,,,,,,,,,,,,,,,1.01,,,0.38,1.26,,,0.49,,,,,,,,,,,,,,,,,,,,,,,,,,,,,,,,,,,,,,,,,,,,,,,,,,,,,,,,,,,,,,,,,,,,,,,,"Video bắt đầu gần như ngay khi ra đòn — tư thế thủ ban đầu đo không chắc chắn. | Video bắt đầu giữa động tác — các mục xoay thân/thời gian ra đòn không tính. | Video kết thúc trước khi thu tay — hạng mục thu tay không tính, điểm Chính xác quy đổi theo tỉ lệ. | Cổ tay đấm bị che khuất nhiều — số đo kém tin cậy."
Tự học võ tại nhà Taekwondo #3 - Learn Taekwondo At Home - Taekwondo 태권도 - VinKungfu.mp4,Đấm vòng (trái),hook,16,308.83,309.60,309.23,tay trái,1,9.54,3.89,5.64,,,,,,,,,,,,,,,,,,,,,1.60,1.19,,0.32,1.85,1.39,1.40,1.00,,,,,,,,,,,,,,,,,,,,,,,,,,,,,,,,,,,,,,,,,,,,,,,,,,,,,,,,,,,,,,,,,,,,,,,,"Video kết thúc trước khi thu tay — hạng mục thu tay không tính, điểm Chính xác quy đổi theo tỉ lệ."
Tự học võ tại nhà Taekwondo #3 - Learn Taekwondo At Home - Taekwondo 태권도 - VinKungfu.mp4,Đấm vòng (trái),hook,17,309.60,310.30,310.13,tay trái,1,5.26,2.47,2.79,,,,,,,,,,,,,,,,,,,,,0.90,,,0.33,0.40,,,1.00,,,,,,,,,,,,,,,,,,,,,,,,,,,,,,,,,,,,,,,,,,,,,,,,,,,,,,,,,,,,,,,,,,,,,,,,"Video bắt đầu gần như ngay khi ra đòn — tư thế thủ ban đầu đo không chắc chắn. | Video bắt đầu giữa động tác — các mục xoay thân/thời gian ra đòn không tính. | Video kết thúc trước khi thu tay — hạng mục thu tay không tính, điểm Chính xác quy đổi theo tỉ lệ."
Tự học võ tại nhà Taekwondo #3 - Learn Taekwondo At Home - Taekwondo 태권도 - VinKungfu.mp4,Đấm vòng (trái),hook,18,310.30,311.00,310.60,tay trái,1,8.44,3.31,5.14,,,,,,,,,,,,,,,,,,,,,1.55,0.68,0.75,0.33,1.89,0.84,1.40,1.00,,,,,,,,,,,,,,,,,,,,,,,,,,,,,,,,,,,,,,,,,,,,,,,,,,,,,,,,,,,,,,,,,,,,,,,,
Tự học võ tại nhà Taekwondo #3 - Learn Taekwondo At Home - Taekwondo 태권도 - VinKungfu.mp4,Đấm vòng (trái),hook,19,311.00,311.93,311.37,tay trái,1,8.28,3.48,4.80,,,,,,,,,,,,,,,,,,,,,1.60,0.68,0.80,0.40,1.95,0.45,1.40,1.00,,,,,,,,,,,,,,,,,,,,,,,,,,,,,,,,,,,,,,,,,,,,,,,,,,,,,,,,,,,,,,,,,,,,,,,,Video bắt đầu gần như ngay khi ra đòn — tư thế thủ ban đầu đo không chắc chắn.
Tự học võ tại nhà Taekwondo #3 - Learn Taekwondo At Home - Taekwondo 태권도 - VinKungfu.mp4,Đấm vòng (trái),hook,20,311.93,312.80,312.37,tay trái,1,5.91,2.03,3.88,,,,,,,,,,,,,,,,,,,,,1.15,0.29,0.25,0.34,1.59,0.19,1.27,0.83,,,,,,,,,,,,,,,,,,,,,,,,,,,,,,,,,,,,,,,,,,,,,,,,,,,,,,,,,,,,,,,,,,,,,,,,Video bắt đầu gần như ngay khi ra đòn — tư thế thủ ban đầu đo không chắc chắn.
Tự học võ tại nhà Taekwondo #3 - Learn Taekwondo At Home - Taekwondo 태권도 - VinKungfu.mp4,Đấm vòng (trái),hook,21,312.80,313.50,313.07,tay trái,1,9.36,3.36,6.00,,,,,,,,,,,,,,,,,,,,,1.44,,0.58,0.33,2.00,,,1.00,,,,,,,,,,,,,,,,,,,,,,,,,,,,,,,,,,,,,,,,,,,,,,,,,,,,,,,,,,,,,,,,,,,,,,,,Video bắt đầu gần như ngay khi ra đòn — tư thế thủ ban đầu đo không chắc chắn. | Video bắt đầu giữa động tác — các mục xoay thân/thời gian ra đòn không tính.
Tự học võ tại nhà Taekwondo #3 - Learn Taekwondo At Home - Taekwondo 태권도 - VinKungfu.mp4,Đấm vòng (trái),hook,22,313.50,314.97,314.47,tay trái,1,7.64,3.14,4.50,,,,,,,,,,,,,,,,,,,,,1.56,0.67,0.51,0.40,2.00,0.15,1.40,0.95,,,,,,,,,,,,,,,,,,,,,,,,,,,,,,,,,,,,,,,,,,,,,,,,,,,,,,,,,,,,,,,,,,,,,,,,
Tự học võ tại nhà Taekwondo #3 - Learn Taekwondo At Home - Taekwondo 태권도 - VinKungfu.mp4,Đấm vòng (trái),hook,23,314.97,315.73,315.37,tay trái,1,6.20,2.58,3.62,,,,,,,,,,,,,,,,,,,,,1.47,0.23,,0.36,1.44,0.14,1.40,0.65,,,,,,,,,,,,,,,,,,,,,,,,,,,,,,,,,,,,,,,,,,,,,,,,,,,,,,,,,,,,,,,,,,,,,,,,"Video kết thúc trước khi thu tay — hạng mục thu tay không tính, điểm Chính xác quy đổi theo tỉ lệ."
Tự học võ tại nhà Taekwondo #3 - Learn Taekwondo At Home - Taekwondo 태권도 - VinKungfu.mp4,Đấm vòng (trái),hook,24,315.73,316.70,316.23,tay trái,1,7.57,3.05,4.52,,,,,,,,,,,,,,,,,,,,,1.45,0.40,0.80,0.40,2.00,0.34,1.36,0.82,,,,,,,,,,,,,,,,,,,,,,,,,,,,,,,,,,,,,,,,,,,,,,,,,,,,,,,,,,,,,,,,,,,,,,,,
Tự học võ tại nhà Taekwondo #3 - Learn Taekwondo At Home - Taekwondo 태권도 - VinKungfu.mp4,Đấm vòng (trái),hook,25,316.70,317.50,317.13,tay trái,1,7.60,3.19,4.42,,,,,,,,,,,,,,,,,,,,,1.60,0.55,,0.40,1.93,0.41,1.40,0.68,,,,,,,,,,,,,,,,,,,,,,,,,,,,,,,,,,,,,,,,,,,,,,,,,,,,,,,,,,,,,,,,,,,,,,,,"Video kết thúc trước khi thu tay — hạng mục thu tay không tính, điểm Chính xác quy đổi theo tỉ lệ."
Tự học võ tại nhà Taekwondo #3 - Learn Taekwondo At Home - Taekwondo 태권도 - VinKungfu.mp4,Đấm vòng (trái),hook,26,317.50,318.33,317.93,tay trái,1,6.86,3.15,3.70,,,,,,,,,,,,,,,,,,,,,1.37,0.60,0.80,0.38,1.09,0.54,1.40,0.67,,,,,,,,,,,,,,,,,,,,,,,,,,,,,,,,,,,,,,,,,,,,,,,,,,,,,,,,,,,,,,,,,,,,,,,,
Tự học võ tại nhà Taekwondo #3 - Learn Taekwondo At Home - Taekwondo 태권도 - VinKungfu.mp4,Đấm vòng (trái),hook,27,318.47,319.90,318.70,tay trái,1,8.81,3.78,5.03,,,,,,,,,,,,,,,,,,,,,1.45,,0.80,0.40,1.51,,,1.00,,,,,,,,,,,,,,,,,,,,,,,,,,,,,,,,,,,,,,,,,,,,,,,,,,,,,,,,,,,,,,,,,,,,,,,,Video bắt đầu gần như ngay khi ra đòn — tư thế thủ ban đầu đo không chắc chắn. | Video bắt đầu giữa động tác — các mục xoay thân/thời gian ra đòn không tính.
Tự học võ tại nhà Taekwondo #3 - Learn Taekwondo At Home - Taekwondo 태권도 - VinKungfu.mp4,Đấm vòng (trái),hook,28,319.90,320.73,,tay phải,0,,,,,,,,,,,,,,,,,,,,,,,,,,,,,,,,,,,,,,,,,,,,,,,,,,,,,,,,,,,,,,,,,,,,,,,,,,,,,,,,,,,,,,,,,,,,,,,,,,,,,,,"Không thấy một cú đấm trọn vẹn: video bắt đầu/kết thúc giữa động tác, không có cú đấm, hoặc góc quay (nghiêng hẳn/quay lưng) khiến không đo được tay. Nên quay chính diện hoặc chéo ~45°."
Tự học võ tại nhà Taekwondo #3 - Learn Taekwondo At Home - Taekwondo 태권도 - VinKungfu.mp4,Đấm vòng (trái),hook,29,320.73,321.50,321.37,tay trái,1,3.47,1.62,1.85,,,,,,,,,,,,,,,,,,,,,1.20,0.00,,0.10,0.00,0.00,0.85,1.00,,,,,,,,,,,,,,,,,,,,,,,,,,,,,,,,,,,,,,,,,,,,,,,,,,,,,,,,,,,,,,,,,,,,,,,,"Video kết thúc trước khi thu tay — hạng mục thu tay không tính, điểm Chính xác quy đổi theo tỉ lệ."
Tự học võ tại nhà Taekwondo #3 - Learn Taekwondo At Home - Taekwondo 태권도 - VinKungfu.mp4,Đấm vòng (trái),hook,30,321.50,322.97,,tay trái,0,,,,,,,,,,,,,,,,,,,,,,,,,,,,,,,,,,,,,,,,,,,,,,,,,,,,,,,,,,,,,,,,,,,,,,,,,,,,,,,,,,,,,,,,,,,,,,,,,,,,,,,"Không thấy một cú đấm trọn vẹn: video bắt đầu/kết thúc giữa động tác, không có cú đấm, hoặc góc quay (nghiêng hẳn/quay lưng) khiến không đo được tay. Nên quay chính diện hoặc chéo ~45°."
Tự học võ tại nhà Taekwondo #3 - Learn Taekwondo At Home - Taekwondo 태권도 - VinKungfu.mp4,Đấm vòng (trái),hook,1,620.00,620.83,620.33,tay trái,1,10.00,4.00,6.00,,,,,,,,,,,,,,,,,,,,,1.60,1.20,0.80,0.40,2.00,1.60,1.40,1.00,,,,,,,,,,,,,,,,,,,,,,,,,,,,,,,,,,,,,,,,,,,,,,,,,,,,,,,,,,,,,,,,,,,,,,,,
Tự học võ tại nhà Taekwondo #3 - Learn Taekwondo At Home - Taekwondo 태권도 - VinKungfu.mp4,Đấm vòng (trái),hook,2,620.83,621.77,621.27,tay trái,1,10.00,4.00,6.00,,,,,,,,,,,,,,,,,,,,,1.60,1.20,0.80,0.40,2.00,1.60,1.40,1.00,,,,,,,,,,,,,,,,,,,,,,,,,,,,,,,,,,,,,,,,,,,,,,,,,,,,,,,,,,,,,,,,,,,,,,,,
Tự học võ tại nhà Taekwondo #3 - Learn Taekwondo At Home - Taekwondo 태권도 - VinKungfu.mp4,Đấm vòng (trái),hook,3,621.77,622.63,622.17,tay trái,1,8.61,3.06,5.55,,,,,,,,,,,,,,,,,,,,,1.53,0.32,0.80,0.40,1.97,1.19,1.40,1.00,,,,,,,,,,,,,,,,,,,,,,,,,,,,,,,,,,,,,,,,,,,,,,,,,,,,,,,,,,,,,,,,,,,,,,,,
Tự học võ tại nhà Taekwondo #3 - Learn Taekwondo At Home - Taekwondo 태권도 - VinKungfu.mp4,Đấm vòng (trái),hook,4,622.63,623.60,623.17,tay trái,1,9.41,3.77,5.63,,,,,,,,,,,,,,,,,,,,,1.46,1.12,0.80,0.40,2.00,1.23,1.40,1.00,,,,,,,,,,,,,,,,,,,,,,,,,,,,,,,,,,,,,,,,,,,,,,,,,,,,,,,,,,,,,,,,,,,,,,,,
Tự học võ tại nhà Taekwondo #3 - Learn Taekwondo At Home - Taekwondo 태권도 - VinKungfu.mp4,Đấm vòng (trái),hook,5,623.60,624.63,624.17,tay trái,1,9.48,3.74,5.74,,,,,,,,,,,,,,,,,,,,,1.57,1.20,0.57,0.40,2.00,1.34,1.40,1.00,,,,,,,,,,,,,,,,,,,,,,,,,,,,,,,,,,,,,,,,,,,,,,,,,,,,,,,,,,,,,,,,,,,,,,,,
Tự học võ tại nhà Taekwondo #3 - Learn Taekwondo At Home - Taekwondo 태권도 - VinKungfu.mp4,Đấm vòng (trái),hook,6,624.63,625.47,625.07,tay trái,1,9.14,3.93,5.21,,,,,,,,,,,,,,,,,,,,,1.53,1.20,0.80,0.40,2.00,0.81,1.40,1.00,,,,,,,,,,,,,,,,,,,,,,,,,,,,,,,,,,,,,,,,,,,,,,,,,,,,,,,,,,,,,,,,,,,,,,,,
Tự học võ tại nhà Taekwondo #3 - Learn Taekwondo At Home - Taekwondo 태권도 - VinKungfu.mp4,Đấm vòng (trái),hook,7,625.47,626.33,625.97,tay trái,1,9.04,3.96,5.09,,,,,,,,,,,,,,,,,,,,,1.56,1.20,0.80,0.40,1.95,0.83,1.36,0.96,,,,,,,,,,,,,,,,,,,,,,,,,,,,,,,,,,,,,,,,,,,,,,,,,,,,,,,,,,,,,,,,,,,,,,,,
Tự học võ tại nhà Taekwondo #3 - Learn Taekwondo At Home - Taekwondo 태권도 - VinKungfu.mp4,Đấm vòng (trái),hook,8,626.33,627.20,626.77,tay trái,1,9.82,3.98,5.83,,,,,,,,,,,,,,,,,,,,,1.60,1.20,0.80,0.38,2.00,1.43,1.40,1.00,,,,,,,,,,,,,,,,,,,,,,,,,,,,,,,,,,,,,,,,,,,,,,,,,,,,,,,,,,,,,,,,,,,,,,,,
Tự học võ tại nhà Taekwondo #3 - Learn Taekwondo At Home - Taekwondo 태권도 - VinKungfu.mp4,Đấm vòng (trái),hook,9,627.20,628.57,628.13,tay trái,1,9.87,3.91,5.96,,,,,,,,,,,,,,,,,,,,,1.60,1.20,0.80,0.32,2.00,1.60,1.36,1.00,,,,,,,,,,,,,,,,,,,,,,,,,,,,,,,,,,,,,,,,,,,,,,,,,,,,,,,,,,,,,,,,,,,,,,,,
Tự học võ tại nhà Taekwondo #3 - Learn Taekwondo At Home - Taekwondo 태권도 - VinKungfu.mp4,Đấm vòng (trái),hook,10,628.57,629.40,628.90,tay trái,1,9.97,3.97,6.00,,,,,,,,,,,,,,,,,,,,,1.60,1.20,0.80,0.37,2.00,1.60,1.40,1.00,,,,,,,,,,,,,,,,,,,,,,,,,,,,,,,,,,,,,,,,,,,,,,,,,,,,,,,,,,,,,,,,,,,,,,,,
Tự học võ tại nhà Taekwondo #3 - Learn Taekwondo At Home - Taekwondo 태권도 - VinKungfu.mp4,Đấm vòng (trái),hook,11,629.40,630.30,629.80,tay trái,1,9.94,3.94,6.00,,,,,,,,,,,,,,,,,,,,,1.60,1.20,0.80,0.34,2.00,1.60,1.40,1.00,,,,,,,,,,,,,,,,,,,,,,,,,,,,,,,,,,,,,,,,,,,,,,,,,,,,,,,,,,,,,,,,,,,,,,,,
Tự học võ tại nhà Taekwondo #3 - Learn Taekwondo At Home - Taekwondo 태권도 - VinKungfu.mp4,Đấm vòng (trái),hook,12,630.30,631.00,630.57,tay trái,1,9.38,3.98,5.40,,,,,,,,,,,,,,,,,,,,,1.59,,0.80,0.40,1.70,,,1.00,,,,,,,,,,,,,,,,,,,,,,,,,,,,,,,,,,,,,,,,,,,,,,,,,,,,,,,,,,,,,,,,,,,,,,,,Video bắt đầu gần như ngay khi ra đòn — tư thế thủ ban đầu đo không chắc chắn. | Video bắt đầu giữa động tác — các mục xoay thân/thời gian ra đòn không tính.
Tự học võ tại nhà Taekwondo #3 - Learn Taekwondo At Home - Taekwondo 태권도 - VinKungfu.mp4,Đấm vòng (trái),hook,13,631.00,631.77,631.33,tay trái,1,9.95,4.00,5.95,,,,,,,,,,,,,,,,,,,,,1.60,1.20,0.80,0.40,1.95,1.60,1.40,1.00,,,,,,,,,,,,,,,,,,,,,,,,,,,,,,,,,,,,,,,,,,,,,,,,,,,,,,,,,,,,,,,,,,,,,,,,
Tự học võ tại nhà Taekwondo #3 - Learn Taekwondo At Home - Taekwondo 태권도 - VinKungfu.mp4,Đấm vòng (trái),hook,14,631.83,633.23,632.97,tay trái,1,7.13,3.57,3.56,,,,,,,,,,,,,,,,,,,,,1.55,1.06,,0.24,1.90,1.60,0.00,0.06,,,,,,,,,,,,,,,,,,,,,,,,,,,,,,,,,,,,,,,,,,,,,,,,,,,,,,,,,,,,,,,,,,,,,,,,"Video kết thúc trước khi thu tay — hạng mục thu tay không tính, điểm Chính xác quy đổi theo tỉ lệ."
Tự học võ tại nhà Taekwondo #3 - Learn Taekwondo At Home - Taekwondo 태권도 - VinKungfu.mp4,Đấm vòng (trái),hook,15,633.23,634.03,633.67,tay trái,1,9.75,3.86,5.89,,,,,,,,,,,,,,,,,,,,,1.60,1.17,0.80,0.28,2.00,1.60,1.36,0.94,,,,,,,,,,,,,,,,,,,,,,,,,,,,,,,,,,,,,,,,,,,,,,,,,,,,,,,,,,,,,,,,,,,,,,,,
Tự học võ tại nhà Taekwondo #3 - Learn Taekwondo At Home - Taekwondo 태권도 - VinKungfu.mp4,Đấm vòng (trái),hook,16,634.03,634.73,634.33,tay trái,1,7.95,3.11,4.84,,,,,,,,,,,,,,,,,,,,,1.53,0.81,0.45,0.32,1.66,0.78,1.40,1.00,,,,,,,,,,,,,,,,,,,,,,,,,,,,,,,,,,,,,,,,,,,,,,,,,,,,,,,,,,,,,,,,,,,,,,,,
Tự học võ tại nhà Taekwondo #3 - Learn Taekwondo At Home - Taekwondo 태권도 - VinKungfu.mp4,Đấm vòng (trái),hook,17,634.73,635.50,635.10,tay trái,1,7.90,3.60,4.30,,,,,,,,,,,,,,,,,,,,,1.55,,0.65,0.32,1.41,,,0.74,,,,,,,,,,,,,,,,,,,,,,,,,,,,,,,,,,,,,,,,,,,,,,,,,,,,,,,,,,,,,,,,,,,,,,,,Video bắt đầu gần như ngay khi ra đòn — tư thế thủ ban đầu đo không chắc chắn. | Video bắt đầu giữa động tác — các mục xoay thân/thời gian ra đòn không tính.
Tự học võ tại nhà Taekwondo #3 - Learn Taekwondo At Home - Taekwondo 태권도 - VinKungfu.mp4,Đấm vòng (trái),hook,18,635.50,636.30,635.87,tay trái,1,9.51,3.82,5.69,,,,,,,,,,,,,,,,,,,,,1.60,1.09,0.80,0.32,1.85,1.60,1.40,0.84,,,,,,,,,,,,,,,,,,,,,,,,,,,,,,,,,,,,,,,,,,,,,,,,,,,,,,,,,,,,,,,,,,,,,,,,
Tự học võ tại nhà Taekwondo #3 - Learn Taekwondo At Home - Taekwondo 태권도 - VinKungfu.mp4,Đấm vòng (trái),hook,19,636.30,636.97,636.57,tay trái,1,9.61,3.82,5.78,,,,,,,,,,,,,,,,,,,,,1.60,,0.77,0.31,1.89,,,1.00,,,,,,,,,,,,,,,,,,,,,,,,,,,,,,,,,,,,,,,,,,,,,,,,,,,,,,,,,,,,,,,,,,,,,,,,Video bắt đầu gần như ngay khi ra đòn — tư thế thủ ban đầu đo không chắc chắn. | Video bắt đầu giữa động tác — các mục xoay thân/thời gian ra đòn không tính.
Tự học võ tại nhà Taekwondo #3 - Learn Taekwondo At Home - Taekwondo 태권도 - VinKungfu.mp4,Đấm vòng (trái),hook,20,636.97,637.77,637.37,tay phải,1,7.08,1.96,5.13,,,,,,,,,,,,,,,,,,,,,0.86,0.00,0.80,0.30,1.19,1.60,1.40,0.94,,,,,,,,,,,,,,,,,,,,,,,,,,,,,,,,,,,,,,,,,,,,,,,,,,,,,,,,,,,,,,,,,,,,,,,,Cổ tay đấm bị che khuất nhiều — số đo kém tin cậy.
Tự học võ tại nhà Taekwondo #3 - Learn Taekwondo At Home - Taekwondo 태권도 - VinKungfu.mp4,Đấm vòng (trái),hook,21,637.77,638.40,638.07,tay phải,1,7.26,1.68,5.58,,,,,,,,,,,,,,,,,,,,,1.06,0.00,,0.29,1.65,1.60,1.40,0.93,,,,,,,,,,,,,,,,,,,,,,,,,,,,,,,,,,,,,,,,,,,,,,,,,,,,,,,,,,,,,,,,,,,,,,,,"Video kết thúc trước khi thu tay — hạng mục thu tay không tính, điểm Chính xác quy đổi theo tỉ lệ. | Cổ tay đấm bị che khuất nhiều — số đo kém tin cậy."
Tự học võ tại nhà Taekwondo #3 - Learn Taekwondo At Home - Taekwondo 태권도 - VinKungfu.mp4,Đấm vòng (trái),hook,22,638.40,639.13,638.80,tay trái,1,9.66,3.90,5.77,,,,,,,,,,,,,,,,,,,,,1.60,1.20,,0.32,1.99,1.37,1.40,1.00,,,,,,,,,,,,,,,,,,,,,,,,,,,,,,,,,,,,,,,,,,,,,,,,,,,,,,,,,,,,,,,,,,,,,,,,"Video kết thúc trước khi thu tay — hạng mục thu tay không tính, điểm Chính xác quy đổi theo tỉ lệ."
Tự học võ tại nhà Taekwondo #3 - Learn Taekwondo At Home - Taekwondo 태권도 - VinKungfu.mp4,Đấm vòng (trái),hook,23,639.27,640.57,640.17,tay trái,1,8.65,3.37,5.27,,,,,,,,,,,,,,,,,,,,,1.56,0.65,0.78,0.38,2.00,0.87,1.40,1.00,,,,,,,,,,,,,,,,,,,,,,,,,,,,,,,,,,,,,,,,,,,,,,,,,,,,,,,,,,,,,,,,,,,,,,,,
Tự học võ tại nhà Taekwondo #3 - Learn Taekwondo At Home - Taekwondo 태권도 - VinKungfu.mp4,Đấm vòng (trái),hook,24,640.57,641.47,640.90,tay trái,1,8.20,3.36,4.84,,,,,,,,,,,,,,,,,,,,,1.60,0.56,0.80,0.40,1.99,0.44,1.40,1.00,,,,,,,,,,,,,,,,,,,,,,,,,,,,,,,,,,,,,,,,,,,,,,,,,,,,,,,,,,,,,,,,,,,,,,,,Video bắt đầu gần như ngay khi ra đòn — tư thế thủ ban đầu đo không chắc chắn.
Tự học võ tại nhà Taekwondo #3 - Learn Taekwondo At Home - Taekwondo 태권도 - VinKungfu.mp4,Đấm vòng (trái),hook,25,641.47,642.33,641.93,tay trái,1,6.78,2.63,4.15,,,,,,,,,,,,,,,,,,,,,1.18,0.29,0.80,0.35,1.76,0.16,1.36,0.88,,,,,,,,,,,,,,,,,,,,,,,,,,,,,,,,,,,,,,,,,,,,,,,,,,,,,,,,,,,,,,,,,,,,,,,,
Tự học võ tại nhà Taekwondo #3 - Learn Taekwondo At Home - Taekwondo 태권도 - VinKungfu.mp4,Đấm vòng (trái),hook,26,642.33,643.37,642.63,tay trái,1,8.85,3.58,5.27,,,,,,,,,,,,,,,,,,,,,1.38,,0.80,0.32,1.70,,,0.94,,,,,,,,,,,,,,,,,,,,,,,,,,,,,,,,,,,,,,,,,,,,,,,,,,,,,,,,,,,,,,,,,,,,,,,,Video bắt đầu gần như ngay khi ra đòn — tư thế thủ ban đầu đo không chắc chắn. | Video bắt đầu giữa động tác — các mục xoay thân/thời gian ra đòn không tính.
Tự học võ tại nhà Taekwondo #3 - Learn Taekwondo At Home - Taekwondo 태권도 - VinKungfu.mp4,Đấm vòng (trái),hook,27,643.37,644.47,644.03,tay trái,1,7.55,2.94,4.61,,,,,,,,,,,,,,,,,,,,,1.55,0.53,0.45,0.40,2.00,0.21,1.40,1.00,,,,,,,,,,,,,,,,,,,,,,,,,,,,,,,,,,,,,,,,,,,,,,,,,,,,,,,,,,,,,,,,,,,,,,,,
Tự học võ tại nhà Taekwondo #3 - Learn Taekwondo At Home - Taekwondo 태권도 - VinKungfu.mp4,Đấm vòng (trái),hook,28,644.47,645.30,644.93,tay trái,1,6.22,2.62,3.60,,,,,,,,,,,,,,,,,,,,,1.52,0.22,,0.36,1.35,0.20,1.40,0.65,,,,,,,,,,,,,,,,,,,,,,,,,,,,,,,,,,,,,,,,,,,,,,,,,,,,,,,,,,,,,,,,,,,,,,,,"Video kết thúc trước khi thu tay — hạng mục thu tay không tính, điểm Chính xác quy đổi theo tỉ lệ."
Tự học võ tại nhà Taekwondo #3 - Learn Taekwondo At Home - Taekwondo 태권도 - VinKungfu.mp4,Đấm vòng (trái),hook,29,645.30,646.27,645.80,tay trái,1,7.76,3.03,4.73,,,,,,,,,,,,,,,,,,,,,1.45,0.37,0.80,0.40,2.00,0.38,1.36,1.00,,,,,,,,,,,,,,,,,,,,,,,,,,,,,,,,,,,,,,,,,,,,,,,,,,,,,,,,,,,,,,,,,,,,,,,,
Tự học võ tại nhà Taekwondo #3 - Learn Taekwondo At Home - Taekwondo 태권도 - VinKungfu.mp4,Đấm vòng (trái),hook,30,646.27,646.97,646.70,tay trái,1,7.47,3.30,4.17,,,,,,,,,,,,,,,,,,,,,1.60,0.64,,0.40,1.62,0.45,1.40,0.69,,,,,,,,,,,,,,,,,,,,,,,,,,,,,,,,,,,,,,,,,,,,,,,,,,,,,,,,,,,,,,,,,,,,,,,,"Video kết thúc trước khi thu tay — hạng mục thu tay không tính, điểm Chính xác quy đổi theo tỉ lệ."
Tự học võ tại nhà Taekwondo #4 - Learn Taekwondo At Home - Taekwondo 태권도 - VinKungfu.mp4,Đá gập vòng (trái),hook_kick,1,150.27,152.07,151.80,chân trái,1,6.78,1.78,5.00,,,,,2.00,1.60,1.40,0.00,,,,,,,,,,,,,,,,,,,,,,,,,,,,,,,,,,,,,0.80,0.84,0.00,0.14,,,,,,,,,,,,,,,,,,,,,,,,,,,,,,,,,,,,,,,,,,,,,,,,,,,,
Tự học võ tại nhà Taekwondo #4 - Learn Taekwondo At Home - Taekwondo 태권도 - VinKungfu.mp4,Đá gập vòng (trái),hook_kick,2,152.07,153.53,153.37,chân trái,1,6.70,1.70,5.00,,,,,2.00,1.60,1.40,0.00,,,,,,,,,,,,,,,,,,,,,,,,,,,,,,,,,,,,,0.80,0.90,0.00,0.00,,,,,,,,,,,,,,,,,,,,,,,,,,,,,,,,,,,,,,,,,,,,,,,,,,,,
Tự học võ tại nhà Taekwondo #4 - Learn Taekwondo At Home - Taekwondo 태권도 - VinKungfu.mp4,Đá gập vòng (trái),hook_kick,3,153.83,156.03,154.83,chân trái,1,7.48,2.48,5.00,,,,,2.00,1.60,1.40,0.00,,,,,,,,,,,,,,,,,,,,,,,,,,,,,,,,,,,,,0.80,0.84,0.80,0.04,,,,,,,,,,,,,,,,,,,,,,,,,,,,,,,,,,,,,,,,,,,,,,,,,,,,
Tự học võ tại nhà Taekwondo #4 - Learn Taekwondo At Home - Taekwondo 태권도 - VinKungfu.mp4,Đá gập vòng (trái),hook_kick,4,158.50,160.70,159.57,chân trái,1,7.04,2.04,5.00,,,,,2.00,1.60,1.40,0.00,,,,,,,,,,,,,,,,,,,,,,,,,,,,,,,,,,,,,0.80,0.85,0.36,0.04,,,,,,,,,,,,,,,,,,,,,,,,,,,,,,,,,,,,,,,,,,,,,,,,,,,,
Tự học võ tại nhà Taekwondo #4 - Learn Taekwondo At Home - Taekwondo 태권도 - VinKungfu.mp4,Đá gập vòng (trái),hook_kick,5,161.33,163.53,162.37,chân trái,1,7.83,2.83,5.00,,,,,2.00,1.60,1.40,0.00,,,,,,,,,,,,,,,,,,,,,,,,,,,,,,,,,,,,,1.60,0.84,0.27,0.12,,,,,,,,,,,,,,,,,,,,,,,,,,,,,,,,,,,,,,,,,,,,,,,,,,,,
Tự học võ tại nhà Taekwondo #4 - Learn Taekwondo At Home - Taekwondo 태권도 - VinKungfu.mp4,Đá gập vòng (trái),hook_kick,6,164.33,165.97,164.93,chân trái,1,7.59,2.59,5.00,,,,,2.00,1.60,1.40,0.00,,,,,,,,,,,,,,,,,,,,,,,,,,,,,,,,,,,,,0.80,0.99,0.80,0.00,,,,,,,,,,,,,,,,,,,,,,,,,,,,,,,,,,,,,,,,,,,,,,,,,,,,
Tự học võ tại nhà Taekwondo #4 - Learn Taekwondo At Home - Taekwondo 태권도 - VinKungfu.mp4,Đá gập vòng (trái),hook_kick,7,165.97,167.63,166.57,chân trái,1,7.60,2.60,5.00,,,,,2.00,1.60,1.40,0.00,,,,,,,,,,,,,,,,,,,,,,,,,,,,,,,,,,,,,0.80,0.86,0.80,0.14,,,,,,,,,,,,,,,,,,,,,,,,,,,,,,,,,,,,,,,,,,,,,,,,,,,,
Tự học võ tại nhà Taekwondo #4 - Learn Taekwondo At Home - Taekwondo 태권도 - VinKungfu.mp4,Đá gập vòng (trái),hook_kick,8,167.63,169.30,168.10,chân trái,1,7.44,2.44,5.00,,,,,2.00,1.60,1.40,0.00,,,,,,,,,,,,,,,,,,,,,,,,,,,,,,,,,,,,,0.80,0.84,0.80,0.00,,,,,,,,,,,,,,,,,,,,,,,,,,,,,,,,,,,,,,,,,,,,,,,,,,,,
Tự học võ tại nhà Taekwondo #4 - Learn Taekwondo At Home - Taekwondo 태권도 - VinKungfu.mp4,Đá gập vòng (trái),hook_kick,9,169.30,170.80,169.83,chân trái,1,7.58,2.58,5.00,,,,,2.00,1.60,1.40,0.00,,,,,,,,,,,,,,,,,,,,,,,,,,,,,,,,,,,,,0.80,0.84,0.80,0.14,,,,,,,,,,,,,,,,,,,,,,,,,,,,,,,,,,,,,,,,,,,,,,,,,,,,
Tự học võ tại nhà Taekwondo #4 - Learn Taekwondo At Home - Taekwondo 태권도 - VinKungfu.mp4,Đá gập vòng (trái),hook_kick,10,170.80,172.77,171.70,chân trái,1,7.50,2.50,5.00,,,,,2.00,1.60,1.40,0.00,,,,,,,,,,,,,,,,,,,,,,,,,,,,,,,,,,,,,0.80,0.84,0.80,0.06,,,,,,,,,,,,,,,,,,,,,,,,,,,,,,,,,,,,,,,,,,,,,,,,,,,,
Tự học võ tại nhà Taekwondo #4 - Learn Taekwondo At Home - Taekwondo 태권도 - VinKungfu.mp4,Đá gập vòng (trái),hook_kick,11,172.77,174.50,173.30,chân trái,1,7.44,2.44,5.00,,,,,2.00,1.60,1.40,0.00,,,,,,,,,,,,,,,,,,,,,,,,,,,,,,,,,,,,,0.80,0.84,0.80,0.00,,,,,,,,,,,,,,,,,,,,,,,,,,,,,,,,,,,,,,,,,,,,,,,,,,,,
Tự học võ tại nhà Taekwondo #4 - Learn Taekwondo At Home - Taekwondo 태권도 - VinKungfu.mp4,Đá gập vòng (trái),hook_kick,12,175.40,176.97,175.97,chân trái,1,7.57,2.57,5.00,,,,,2.00,1.60,1.40,0.00,,,,,,,,,,,,,,,,,,,,,,,,,,,,,,,,,,,,,0.80,0.93,0.80,0.04,,,,,,,,,,,,,,,,,,,,,,,,,,,,,,,,,,,,,,,,,,,,,,,,,,,,
Tự học võ tại nhà Taekwondo #4 - Learn Taekwondo At Home - Taekwondo 태권도 - VinKungfu.mp4,Đá gập vòng (trái),hook_kick,1,480.00,481.63,481.63,chân trái,1,6.64,1.64,5.00,,,,,2.00,1.60,1.40,0.00,,,,,,,,,,,,,,,,,,,,,,,,,,,,,,,,,,,,,0.80,0.84,0.00,0.00,,,,,,,,,,,,,,,,,,,,,,,,,,,,,,,,,,,,,,,,,,,,,,,,,,,,
Tự học võ tại nhà Taekwondo #4 - Learn Taekwondo At Home - Taekwondo 태권도 - VinKungfu.mp4,Đá gập vòng (trái),hook_kick,2,481.63,483.10,483.07,chân trái,1,7.07,2.07,5.00,,,,,2.00,1.60,1.40,0.00,,,,,,,,,,,,,,,,,,,,,,,,,,,,,,,,,,,,,0.80,1.20,0.00,0.07,,,,,,,,,,,,,,,,,,,,,,,,,,,,,,,,,,,,,,,,,,,,,,,,,,,,
Tự học võ tại nhà Taekwondo #4 - Learn Taekwondo At Home - Taekwondo 태권도 - VinKungfu.mp4,Đá gập vòng (trái),hook_kick,3,483.27,485.47,484.67,chân trái,1,7.08,2.08,5.00,,,,,2.00,1.60,1.40,0.00,,,,,,,,,,,,,,,,,,,,,,,,,,,,,,,,,,,,,0.80,1.20,0.00,0.08,,,,,,,,,,,,,,,,,,,,,,,,,,,,,,,,,,,,,,,,,,,,,,,,,,,,
Tự học võ tại nhà Taekwondo #4 - Learn Taekwondo At Home - Taekwondo 태권도 - VinKungfu.mp4,Đá gập vòng (trái),hook_kick,4,488.10,490.30,489.13,chân trái,1,7.17,2.17,5.00,,,,,2.00,1.60,1.40,0.00,,,,,,,,,,,,,,,,,,,,,,,,,,,,,,,,,,,,,1.08,0.84,0.23,0.02,,,,,,,,,,,,,,,,,,,,,,,,,,,,,,,,,,,,,,,,,,,,,,,,,,,,
Tự học võ tại nhà Taekwondo #4 - Learn Taekwondo At Home - Taekwondo 태권도 - VinKungfu.mp4,Đá gập vòng (trái),hook_kick,5,490.90,493.10,491.90,chân trái,1,7.81,2.81,5.00,,,,,2.00,1.60,1.40,0.00,,,,,,,,,,,,,,,,,,,,,,,,,,,,,,,,,,,,,1.60,0.85,0.26,0.10,,,,,,,,,,,,,,,,,,,,,,,,,,,,,,,,,,,,,,,,,,,,,,,,,,,,
Tự học võ tại nhà Taekwondo #4 - Learn Taekwondo At Home - Taekwondo 태권도 - VinKungfu.mp4,Đá gập vòng (trái),hook_kick,6,493.90,495.57,494.50,chân trái,1,7.44,2.44,5.00,,,,,2.00,1.60,1.40,0.00,,,,,,,,,,,,,,,,,,,,,,,,,,,,,,,,,,,,,0.80,0.84,0.80,0.00,,,,,,,,,,,,,,,,,,,,,,,,,,,,,,,,,,,,,,,,,,,,,,,,,,,,
Tự học võ tại nhà Taekwondo #4 - Learn Taekwondo At Home - Taekwondo 태권도 - VinKungfu.mp4,Đá gập vòng (trái),hook_kick,7,495.57,497.13,496.13,chân trái,1,7.46,2.46,5.00,,,,,2.00,1.60,1.40,0.00,,,,,,,,,,,,,,,,,,,,,,,,,,,,,,,,,,,,,0.80,0.86,0.80,0.00,,,,,,,,,,,,,,,,,,,,,,,,,,,,,,,,,,,,,,,,,,,,,,,,,,,,
Tự học võ tại nhà Taekwondo #4 - Learn Taekwondo At Home - Taekwondo 태권도 - VinKungfu.mp4,Đá gập vòng (trái),hook_kick,8,497.13,498.87,497.67,chân trái,1,7.44,2.44,5.00,,,,,2.00,1.60,1.40,0.00,,,,,,,,,,,,,,,,,,,,,,,,,,,,,,,,,,,,,0.80,0.84,0.80,0.00,,,,,,,,,,,,,,,,,,,,,,,,,,,,,,,,,,,,,,,,,,,,,,,,,,,,
Tự học võ tại nhà Taekwondo #4 - Learn Taekwondo At Home - Taekwondo 태권도 - VinKungfu.mp4,Đá gập vòng (trái),hook_kick,9,498.90,500.37,499.40,chân trái,1,7.56,2.56,5.00,,,,,2.00,1.60,1.40,0.00,,,,,,,,,,,,,,,,,,,,,,,,,,,,,,,,,,,,,0.80,0.84,0.80,0.12,,,,,,,,,,,,,,,,,,,,,,,,,,,,,,,,,,,,,,,,,,,,,,,,,,,,
Tự học võ tại nhà Taekwondo #4 - Learn Taekwondo At Home - Taekwondo 태권도 - VinKungfu.mp4,Đá gập vòng (trái),hook_kick,10,500.37,502.30,501.27,chân trái,1,7.51,2.51,5.00,,,,,2.00,1.60,1.40,0.00,,,,,,,,,,,,,,,,,,,,,,,,,,,,,,,,,,,,,0.80,0.84,0.80,0.07,,,,,,,,,,,,,,,,,,,,,,,,,,,,,,,,,,,,,,,,,,,,,,,,,,,,
Tự học võ tại nhà Taekwondo #4 - Learn Taekwondo At Home - Taekwondo 태권도 - VinKungfu.mp4,Đá gập vòng (trái),hook_kick,11,502.30,504.07,502.83,chân trái,1,7.69,2.69,5.00,,,,,2.00,1.60,1.40,0.00,,,,,,,,,,,,,,,,,,,,,,,,,,,,,,,,,,,,,0.80,0.95,0.80,0.14,,,,,,,,,,,,,,,,,,,,,,,,,,,,,,,,,,,,,,,,,,,,,,,,,,,,
Tự học võ tại nhà Taekwondo #4 - Learn Taekwondo At Home - Taekwondo 태권도 - VinKungfu.mp4,Đá gập vòng (trái),hook_kick,12,504.63,506.73,505.57,chân trái,1,7.77,2.77,5.00,,,,,2.00,1.60,1.40,0.00,,,,,,,,,,,,,,,,,,,,,,,,,,,,,,,,,,,,,0.80,1.03,0.80,0.14,,,,,,,,,,,,,,,,,,,,,,,,,,,,,,,,,,,,,,,,,,,,,,,,,,,,
Tự học võ tại nhà Taekwondo #4 - Learn Taekwondo At Home - Taekwondo 태권도 - VinKungfu.mp4,Đá ức ngang (phải),push,1,240.00,241.73,241.63,chân phải,1,5.99,1.50,4.49,,,,,2.00,1.60,0.89,0.00,,,,,,,,,,,,,,,,,,,,,,,,,,,,,,,,,,,,,,,,,0.96,0.54,0.00,0.00,,,,,,,,,,,,,,,,,,,,,,,,,,,,,,,,,,,,,,,,,,,,,,,,
Tự học võ tại nhà Taekwondo #4 - Learn Taekwondo At Home - Taekwondo 태권도 - VinKungfu.mp4,Đá ức ngang (phải),push,2,241.73,243.57,243.40,chân phải,1,6.08,1.50,4.58,,,,,2.00,1.60,0.98,0.00,,,,,,,,,,,,,,,,,,,,,,,,,,,,,,,,,,,,,,,,,0.96,0.54,0.00,0.00,,,,,,,,,,,,,,,,,,,,,,,,,,,,,,,,,,,,,,,,,,,,,,,,
Tự học võ tại nhà Taekwondo #4 - Learn Taekwondo At Home - Taekwondo 태권도 - VinKungfu.mp4,Đá ức ngang (phải),push,3,243.57,245.63,243.67,chân phải,1,5.57,1.03,4.54,,,,,2.00,1.60,0.94,0.00,,,,,,,,,,,,,,,,,,,,,,,,,,,,,,,,,,,,,,,,,0.41,0.54,0.00,0.08,,,,,,,,,,,,,,,,,,,,,,,,,,,,,,,,,,,,,,,,,,,,,,,,
Tự học võ tại nhà Taekwondo #4 - Learn Taekwondo At Home - Taekwondo 태권도 - VinKungfu.mp4,Đá ức ngang (phải),push,4,246.07,248.00,246.70,chân phải,1,6.59,1.59,5.00,,,,,2.00,1.60,1.40,0.00,,,,,,,,,,,,,,,,,,,,,,,,,,,,,,,,,,,,,,,,,0.11,0.54,0.80,0.14,,,,,,,,,,,,,,,,,,,,,,,,,,,,,,,,,,,,,,,,,,,,,,,,
Tự học võ tại nhà Taekwondo #4 - Learn Taekwondo At Home - Taekwondo 태권도 - VinKungfu.mp4,Đá ức ngang (phải),push,5,248.70,250.90,249.63,chân phải,1,5.89,0.89,5.00,,,,,2.00,1.60,1.40,0.00,,,,,,,,,,,,,,,,,,,,,,,,,,,,,,,,,,,,,,,,,0.26,0.54,0.00,0.09,,,,,,,,,,,,,,,,,,,,,,,,,,,,,,,,,,,,,,,,,,,,,,,,
Tự học võ tại nhà Taekwondo #4 - Learn Taekwondo At Home - Taekwondo 태권도 - VinKungfu.mp4,Đá ức ngang (phải),push,6,251.47,253.30,251.97,chân phải,1,6.85,1.85,5.00,,,,,2.00,1.60,1.40,0.00,,,,,,,,,,,,,,,,,,,,,,,,,,,,,,,,,,,,,,,,,0.37,0.54,0.80,0.14,,,,,,,,,,,,,,,,,,,,,,,,,,,,,,,,,,,,,,,,,,,,,,,,
Tự học võ tại nhà Taekwondo #4 - Learn Taekwondo At Home - Taekwondo 태권도 - VinKungfu.mp4,Đá ức ngang (phải),push,7,253.30,255.03,254.00,chân phải,1,7.87,2.87,5.00,,,,,2.00,1.60,1.40,0.00,,,,,,,,,,,,,,,,,,,,,,,,,,,,,,,,,,,,,,,,,1.39,0.54,0.80,0.14,,,,,,,,,,,,,,,,,,,,,,,,,,,,,,,,,,,,,,,,,,,,,,,,
Tự học võ tại nhà Taekwondo #4 - Learn Taekwondo At Home - Taekwondo 태권도 - VinKungfu.mp4,Đá ức ngang (phải),push,8,255.03,257.13,255.87,chân phải,1,7.40,2.40,5.00,,,,,2.00,1.60,1.40,0.00,,,,,,,,,,,,,,,,,,,,,,,,,,,,,,,,,,,,,,,,,1.60,0.54,0.26,0.00,,,,,,,,,,,,,,,,,,,,,,,,,,,,,,,,,,,,,,,,,,,,,,,,
Tự học võ tại nhà Taekwondo #4 - Learn Taekwondo At Home - Taekwondo 태권도 - VinKungfu.mp4,Đá ức ngang (phải),push,9,257.23,258.83,258.03,chân phải,1,7.94,2.94,5.00,,,,,2.00,1.60,1.40,0.00,,,,,,,,,,,,,,,,,,,,,,,,,,,,,,,,,,,,,,,,,1.60,0.54,0.80,0.00,,,,,,,,,,,,,,,,,,,,,,,,,,,,,,,,,,,,,,,,,,,,,,,,
Tự học võ tại nhà Taekwondo #4 - Learn Taekwondo At Home - Taekwondo 태권도 - VinKungfu.mp4,Đá ức ngang (phải),push,10,258.90,261.10,259.80,chân phải,1,7.94,2.94,5.00,,,,,2.00,1.60,1.40,0.00,,,,,,,,,,,,,,,,,,,,,,,,,,,,,,,,,,,,,,,,,1.60,0.54,0.80,0.00,,,,,,,,,,,,,,,,,,,,,,,,,,,,,,,,,,,,,,,,,,,,,,,,
Tự học võ tại nhà Taekwondo #4 - Learn Taekwondo At Home - Taekwondo 태권도 - VinKungfu.mp4,Đá ức ngang (phải),push,11,261.23,262.73,261.70,chân phải,1,7.89,2.89,5.00,,,,,2.00,1.60,1.40,0.00,,,,,,,,,,,,,,,,,,,,,,,,,,,,,,,,,,,,,,,,,1.60,0.49,0.80,0.00,,,,,,,,,,,,,,,,,,,,,,,,,,,,,,,,,,,,,,,,,,,,,,,,
Tự học võ tại nhà Taekwondo #4 - Learn Taekwondo At Home - Taekwondo 태권도 - VinKungfu.mp4,Đá ức ngang (phải),push,12,262.73,264.53,263.60,chân phải,1,7.89,2.89,5.00,,,,,2.00,1.60,1.40,0.00,,,,,,,,,,,,,,,,,,,,,,,,,,,,,,,,,,,,,,,,,1.60,0.54,0.75,0.00,,,,,,,,,,,,,,,,,,,,,,,,,,,,,,,,,,,,,,,,,,,,,,,,
Tự học võ tại nhà Taekwondo #4 - Learn Taekwondo At Home - Taekwondo 태권도 - VinKungfu.mp4,Đá ức ngang (phải),push,13,264.60,266.80,265.50,chân phải,1,7.94,2.94,5.00,,,,,2.00,1.60,1.40,0.00,,,,,,,,,,,,,,,,,,,,,,,,,,,,,,,,,,,,,,,,,1.60,0.54,0.80,0.00,,,,,,,,,,,,,,,,,,,,,,,,,,,,,,,,,,,,,,,,,,,,,,,,
Tự học võ tại nhà Taekwondo #4 - Learn Taekwondo At Home - Taekwondo 태권도 - VinKungfu.mp4,Đá ức ngang (phải),push,1,570.00,571.30,571.17,chân phải,1,5.46,0.54,4.92,,,,,2.00,1.60,1.32,0.00,,,,,,,,,,,,,,,,,,,,,,,,,,,,,,,,,,,,,,,,,0.00,0.54,0.00,0.00,,,,,,,,,,,,,,,,,,,,,,,,,,,,,,,,,,,,,,,,,,,,,,,,
Tự học võ tại nhà Taekwondo #4 - Learn Taekwondo At Home - Taekwondo 태권도 - VinKungfu.mp4,Đá ức ngang (phải),push,2,571.30,573.10,573.00,chân phải,1,6.38,1.85,4.53,,,,,2.00,1.60,0.93,0.00,,,,,,,,,,,,,,,,,,,,,,,,,,,,,,,,,,,,,,,,,1.31,0.54,0.00,0.00,,,,,,,,,,,,,,,,,,,,,,,,,,,,,,,,,,,,,,,,,,,,,,,,
Tự học võ tại nhà Taekwondo #4 - Learn Taekwondo At Home - Taekwondo 태권도 - VinKungfu.mp4,Đá ức ngang (phải),push,3,573.10,575.03,575.03,chân phải,1,5.08,0.54,4.54,,,,,2.00,1.60,0.94,0.00,,,,,,,,,,,,,,,,,,,,,,,,,,,,,,,,,,,,,,,,,0.00,0.54,0.00,0.00,,,,,,,,,,,,,,,,,,,,,,,,,,,,,,,,,,,,,,,,,,,,,,,,
Tự học võ tại nhà Taekwondo #4 - Learn Taekwondo At Home - Taekwondo 태권도 - VinKungfu.mp4,Đá ức ngang (phải),push,4,575.67,577.57,576.27,chân phải,1,6.48,1.48,5.00,,,,,2.00,1.60,1.40,0.00,,,,,,,,,,,,,,,,,,,,,,,,,,,,,,,,,,,,,,,,,0.00,0.54,0.80,0.14,,,,,,,,,,,,,,,,,,,,,,,,,,,,,,,,,,,,,,,,,,,,,,,,
Tự học võ tại nhà Taekwondo #4 - Learn Taekwondo At Home - Taekwondo 태권도 - VinKungfu.mp4,Đá ức ngang (phải),push,5,578.27,580.47,579.23,chân phải,1,5.85,0.85,5.00,,,,,2.00,1.60,1.40,0.00,,,,,,,,,,,,,,,,,,,,,,,,,,,,,,,,,,,,,,,,,0.26,0.54,0.00,0.05,,,,,,,,,,,,,,,,,,,,,,,,,,,,,,,,,,,,,,,,,,,,,,,,
Tự học võ tại nhà Taekwondo #4 - Learn Taekwondo At Home - Taekwondo 태권도 - VinKungfu.mp4,Đá ức ngang (phải),push,6,581.03,582.87,581.53,chân phải,1,7.94,2.94,5.00,,,,,2.00,1.60,1.40,0.00,,,,,,,,,,,,,,,,,,,,,,,,,,,,,,,,,,,,,,,,,1.60,0.54,0.80,0.00,,,,,,,,,,,,,,,,,,,,,,,,,,,,,,,,,,,,,,,,,,,,,,,,
Tự học võ tại nhà Taekwondo #4 - Learn Taekwondo At Home - Taekwondo 태권도 - VinKungfu.mp4,Đá ức ngang (phải),push,7,582.87,584.60,583.43,chân phải,1,6.95,1.95,5.00,,,,,2.00,1.60,1.40,0.00,,,,,,,,,,,,,,,,,,,,,,,,,,,,,,,,,,,,,,,,,0.47,0.54,0.80,0.14,,,,,,,,,,,,,,,,,,,,,,,,,,,,,,,,,,,,,,,,,,,,,,,,
Tự học võ tại nhà Taekwondo #4 - Learn Taekwondo At Home - Taekwondo 태권도 - VinKungfu.mp4,Đá ức ngang (phải),push,8,584.60,586.70,585.40,chân phải,1,7.39,2.39,5.00,,,,,2.00,1.60,1.40,0.00,,,,,,,,,,,,,,,,,,,,,,,,,,,,,,,,,,,,,,,,,1.60,0.54,0.25,0.00,,,,,,,,,,,,,,,,,,,,,,,,,,,,,,,,,,,,,,,,,,,,,,,,
Tự học võ tại nhà Taekwondo #4 - Learn Taekwondo At Home - Taekwondo 태권도 - VinKungfu.mp4,Đá ức ngang (phải),push,9,586.77,588.43,587.60,chân phải,1,7.94,2.94,5.00,,,,,2.00,1.60,1.40,0.00,,,,,,,,,,,,,,,,,,,,,,,,,,,,,,,,,,,,,,,,,1.60,0.54,0.80,0.00,,,,,,,,,,,,,,,,,,,,,,,,,,,,,,,,,,,,,,,,,,,,,,,,
Tự học võ tại nhà Taekwondo #4 - Learn Taekwondo At Home - Taekwondo 태권도 - VinKungfu.mp4,Đá ức ngang (phải),push,10,588.47,590.67,589.37,chân phải,1,7.94,2.94,5.00,,,,,2.00,1.60,1.40,0.00,,,,,,,,,,,,,,,,,,,,,,,,,,,,,,,,,,,,,,,,,1.60,0.54,0.80,0.00,,,,,,,,,,,,,,,,,,,,,,,,,,,,,,,,,,,,,,,,,,,,,,,,
Tự học võ tại nhà Taekwondo #4 - Learn Taekwondo At Home - Taekwondo 태권도 - VinKungfu.mp4,Đá ức ngang (phải),push,11,590.80,592.33,591.27,chân phải,1,7.86,2.86,5.00,,,,,2.00,1.60,1.40,0.00,,,,,,,,,,,,,,,,,,,,,,,,,,,,,,,,,,,,,,,,,1.60,0.46,0.80,0.00,,,,,,,,,,,,,,,,,,,,,,,,,,,,,,,,,,,,,,,,,,,,,,,,
Tự học võ tại nhà Taekwondo #4 - Learn Taekwondo At Home - Taekwondo 태권도 - VinKungfu.mp4,Đá ức ngang (phải),push,12,592.33,594.17,593.17,chân phải,1,7.94,2.94,5.00,,,,,2.00,1.60,1.40,0.00,,,,,,,,,,,,,,,,,,,,,,,,,,,,,,,,,,,,,,,,,1.60,0.54,0.80,0.00,,,,,,,,,,,,,,,,,,,,,,,,,,,,,,,,,,,,,,,,,,,,,,,,
Tự học võ tại nhà Taekwondo #4 - Learn Taekwondo At Home - Taekwondo 태권도 - VinKungfu.mp4,Đá ức ngang (phải),push,13,594.20,596.23,595.23,chân phải,1,7.94,2.94,5.00,,,,,2.00,1.60,1.40,0.00,,,,,,,,,,,,,,,,,,,,,,,,,,,,,,,,,,,,,,,,,1.60,0.54,0.80,0.00,,,,,,,,,,,,,,,,,,,,,,,,,,,,,,,,,,,,,,,,,,,,,,,,
Tự học võ tại nhà Taekwondo #4 - Learn Taekwondo At Home - Taekwondo 태권도 - VinKungfu.mp4,Đá ức ngang (phải),push,14,596.23,596.97,596.43,chân phải,1,6.13,1.13,5.00,,,,,2.00,1.60,1.40,0.00,,,,,,,,,,,,,,,,,,,,,,,,,,,,,,,,,,,,,,,,,0.59,0.54,0.00,0.00,,,,,,,,,,,,,,,,,,,,,,,,,,,,,,,,,,,,,,,,,,,,,,,,
Tự học võ tại nhà Taekwondo #4 - Learn Taekwondo At Home - Taekwondo 태권도 - VinKungfu.mp4,Đấm móc (trái),hook,1,287.00,288.67,288.10,tay trái,1,6.95,2.39,4.56,,,,,,,,,,,,,,,,,,,,,1.28,0.71,0.00,0.40,1.64,0.51,1.40,1.00,,,,,,,,,,,,,,,,,,,,,,,,,,,,,,,,,,,,,,,,,,,,,,,,,,,,,,,,,,,,,,,,,,,,,,,,
Tự học võ tại nhà Taekwondo #4 - Learn Taekwondo At Home - Taekwondo 태권도 - VinKungfu.mp4,Đấm móc (trái),hook,2,288.67,289.40,289.10,tay trái,1,7.17,2.70,4.47,,,,,,,,,,,,,,,,,,,,,1.24,1.06,0.00,0.40,1.33,0.94,1.40,0.79,,,,,,,,,,,,,,,,,,,,,,,,,,,,,,,,,,,,,,,,,,,,,,,,,,,,,,,,,,,,,,,,,,,,,,,,
Tự học võ tại nhà Taekwondo #4 - Learn Taekwondo At Home - Taekwondo 태권도 - VinKungfu.mp4,Đấm móc (trái),hook,3,289.40,290.43,289.97,tay trái,1,7.19,3.12,4.07,,,,,,,,,,,,,,,,,,,,,1.59,0.64,0.49,0.40,1.57,0.62,0.93,0.96,,,,,,,,,,,,,,,,,,,,,,,,,,,,,,,,,,,,,,,,,,,,,,,,,,,,,,,,,,,,,,,,,,,,,,,,Video bắt đầu gần như ngay khi ra đòn — tư thế thủ ban đầu đo không chắc chắn.
Tự học võ tại nhà Taekwondo #4 - Learn Taekwondo At Home - Taekwondo 태권도 - VinKungfu.mp4,Đấm móc (trái),hook,4,290.43,291.20,290.87,tay trái,1,8.60,3.84,4.76,,,,,,,,,,,,,,,,,,,,,1.53,1.11,0.80,0.40,1.45,0.95,1.36,1.00,,,,,,,,,,,,,,,,,,,,,,,,,,,,,,,,,,,,,,,,,,,,,,,,,,,,,,,,,,,,,,,,,,,,,,,,
Tự học võ tại nhà Taekwondo #4 - Learn Taekwondo At Home - Taekwondo 태권도 - VinKungfu.mp4,Đấm móc (trái),hook,5,291.20,292.00,291.70,tay trái,1,9.39,3.60,5.78,,,,,,,,,,,,,,,,,,,,,1.32,1.20,,0.36,1.83,1.60,1.36,1.00,,,,,,,,,,,,,,,,,,,,,,,,,,,,,,,,,,,,,,,,,,,,,,,,,,,,,,,,,,,,,,,,,,,,,,,,"Video kết thúc trước khi thu tay — hạng mục thu tay không tính, điểm Chính xác quy đổi theo tỉ lệ."
Tự học võ tại nhà Taekwondo #4 - Learn Taekwondo At Home - Taekwondo 태권도 - VinKungfu.mp4,Đấm móc (trái),hook,6,292.00,293.00,292.67,tay trái,1,9.38,3.93,5.45,,,,,,,,,,,,,,,,,,,,,1.60,1.20,0.80,0.33,1.83,1.60,1.02,1.00,,,,,,,,,,,,,,,,,,,,,,,,,,,,,,,,,,,,,,,,,,,,,,,,,,,,,,,,,,,,,,,,,,,,,,,,
Tự học võ tại nhà Taekwondo #4 - Learn Taekwondo At Home - Taekwondo 태권도 - VinKungfu.mp4,Đấm móc (trái),hook,7,293.00,293.73,293.43,tay trái,1,9.07,3.88,5.19,,,,,,,,,,,,,,,,,,,,,1.56,1.20,0.80,0.32,1.42,1.40,1.40,0.97,,,,,,,,,,,,,,,,,,,,,,,,,,,,,,,,,,,,,,,,,,,,,,,,,,,,,,,,,,,,,,,,,,,,,,,,
Tự học võ tại nhà Taekwondo #4 - Learn Taekwondo At Home - Taekwondo 태권도 - VinKungfu.mp4,Đấm móc (trái),hook,8,293.73,294.57,294.23,tay trái,1,9.60,3.93,5.66,,,,,,,,,,,,,,,,,,,,,1.59,1.20,0.80,0.34,2.00,1.39,1.40,0.88,,,,,,,,,,,,,,,,,,,,,,,,,,,,,,,,,,,,,,,,,,,,,,,,,,,,,,,,,,,,,,,,,,,,,,,,
Tự học võ tại nhà Taekwondo #4 - Learn Taekwondo At Home - Taekwondo 태권도 - VinKungfu.mp4,Đấm móc (trái),hook,9,294.57,295.30,295.03,tay trái,1,9.40,3.91,5.48,,,,,,,,,,,,,,,,,,,,,1.60,1.19,0.80,0.33,1.64,1.48,1.36,1.00,,,,,,,,,,,,,,,,,,,,,,,,,,,,,,,,,,,,,,,,,,,,,,,,,,,,,,,,,,,,,,,,,,,,,,,,
Tự học võ tại nhà Taekwondo #4 - Learn Taekwondo At Home - Taekwondo 태권도 - VinKungfu.mp4,Đấm móc (trái),hook,10,295.30,296.20,295.80,tay trái,1,9.13,3.74,5.39,,,,,,,,,,,,,,,,,,,,,1.55,1.07,0.80,0.32,1.89,1.15,1.36,1.00,,,,,,,,,,,,,,,,,,,,,,,,,,,,,,,,,,,,,,,,,,,,,,,,,,,,,,,,,,,,,,,,,,,,,,,,
Tự học võ tại nhà Taekwondo #4 - Learn Taekwondo At Home - Taekwondo 태권도 - VinKungfu.mp4,Đấm móc (trái),hook,11,296.20,297.13,296.70,tay trái,1,7.98,3.26,4.72,,,,,,,,,,,,,,,,,,,,,1.38,0.74,0.80,0.34,1.49,0.83,1.40,1.00,,,,,,,,,,,,,,,,,,,,,,,,,,,,,,,,,,,,,,,,,,,,,,,,,,,,,,,,,,,,,,,,,,,,,,,,
Tự học võ tại nhà Taekwondo #4 - Learn Taekwondo At Home - Taekwondo 태권도 - VinKungfu.mp4,Đấm móc (trái),hook,12,297.13,298.03,297.60,tay trái,1,8.57,3.09,5.48,,,,,,,,,,,,,,,,,,,,,1.60,,0.43,0.13,1.97,,,0.77,,,,,,,,,,,,,,,,,,,,,,,,,,,,,,,,,,,,,,,,,,,,,,,,,,,,,,,,,,,,,,,,,,,,,,,,Video bắt đầu gần như ngay khi ra đòn — tư thế thủ ban đầu đo không chắc chắn. | Video bắt đầu giữa động tác — các mục xoay thân/thời gian ra đòn không tính.
Tự học võ tại nhà Taekwondo #4 - Learn Taekwondo At Home - Taekwondo 태권도 - VinKungfu.mp4,Đấm móc (trái),hook,13,298.03,298.73,298.43,tay trái,1,9.48,3.56,5.92,,,,,,,,,,,,,,,,,,,,,1.41,1.20,,0.24,1.96,1.60,1.36,1.00,,,,,,,,,,,,,,,,,,,,,,,,,,,,,,,,,,,,,,,,,,,,,,,,,,,,,,,,,,,,,,,,,,,,,,,,"Video bắt đầu gần như ngay khi ra đòn — tư thế thủ ban đầu đo không chắc chắn. | Video kết thúc trước khi thu tay — hạng mục thu tay không tính, điểm Chính xác quy đổi theo tỉ lệ."
Tự học võ tại nhà Taekwondo #4 - Learn Taekwondo At Home - Taekwondo 태권도 - VinKungfu.mp4,Đấm móc (trái),hook,14,298.73,299.63,299.27,tay trái,1,8.27,3.45,4.83,,,,,,,,,,,,,,,,,,,,,1.48,0.98,,0.30,1.88,0.93,1.02,1.00,,,,,,,,,,,,,,,,,,,,,,,,,,,,,,,,,,,,,,,,,,,,,,,,,,,,,,,,,,,,,,,,,,,,,,,,"Video bắt đầu gần như ngay khi ra đòn — tư thế thủ ban đầu đo không chắc chắn. | Video kết thúc trước khi thu tay — hạng mục thu tay không tính, điểm Chính xác quy đổi theo tỉ lệ."
Tự học võ tại nhà Taekwondo #4 - Learn Taekwondo At Home - Taekwondo 태권도 - VinKungfu.mp4,Đấm móc (trái),hook,15,299.63,300.40,300.07,tay trái,1,8.90,3.50,5.40,,,,,,,,,,,,,,,,,,,,,1.42,0.93,0.80,0.35,1.70,1.34,1.36,1.00,,,,,,,,,,,,,,,,,,,,,,,,,,,,,,,,,,,,,,,,,,,,,,,,,,,,,,,,,,,,,,,,,,,,,,,,
Tự học võ tại nhà Taekwondo #4 - Learn Taekwondo At Home - Taekwondo 태권도 - VinKungfu.mp4,Đấm móc (trái),hook,16,300.40,301.27,300.83,tay trái,1,7.49,3.38,4.11,,,,,,,,,,,,,,,,,,,,,1.16,,0.80,0.40,1.22,,,0.83,,,,,,,,,,,,,,,,,,,,,,,,,,,,,,,,,,,,,,,,,,,,,,,,,,,,,,,,,,,,,,,,,,,,,,,,Video bắt đầu gần như ngay khi ra đòn — tư thế thủ ban đầu đo không chắc chắn. | Video bắt đầu giữa động tác — các mục xoay thân/thời gian ra đòn không tính.
Tự học võ tại nhà Taekwondo #4 - Learn Taekwondo At Home - Taekwondo 태권도 - VinKungfu.mp4,Đấm móc (trái),hook,17,301.27,302.03,301.67,tay trái,1,6.90,3.12,3.77,,,,,,,,,,,,,,,,,,,,,1.39,0.53,0.80,0.40,0.90,0.61,1.40,0.87,,,,,,,,,,,,,,,,,,,,,,,,,,,,,,,,,,,,,,,,,,,,,,,,,,,,,,,,,,,,,,,,,,,,,,,,
Tự học võ tại nhà Taekwondo #4 - Learn Taekwondo At Home - Taekwondo 태권도 - VinKungfu.mp4,Đấm móc (trái),hook,18,302.03,302.77,302.47,tay trái,1,7.03,2.70,4.33,,,,,,,,,,,,,,,,,,,,,1.57,0.19,,0.40,1.67,0.26,1.40,1.00,,,,,,,,,,,,,,,,,,,,,,,,,,,,,,,,,,,,,,,,,,,,,,,,,,,,,,,,,,,,,,,,,,,,,,,,"Video kết thúc trước khi thu tay — hạng mục thu tay không tính, điểm Chính xác quy đổi theo tỉ lệ."
Tự học võ tại nhà Taekwondo #4 - Learn Taekwondo At Home - Taekwondo 태권도 - VinKungfu.mp4,Đấm móc (trái),hook,19,302.77,303.57,303.27,tay trái,1,7.02,2.93,4.10,,,,,,,,,,,,,,,,,,,,,1.60,0.13,0.80,0.40,2.00,0.11,1.36,0.63,,,,,,,,,,,,,,,,,,,,,,,,,,,,,,,,,,,,,,,,,,,,,,,,,,,,,,,,,,,,,,,,,,,,,,,,
Tự học võ tại nhà Taekwondo #4 - Learn Taekwondo At Home - Taekwondo 태권도 - VinKungfu.mp4,Đấm móc (trái),hook,20,303.57,304.40,304.07,tay trái,1,6.20,2.83,3.37,,,,,,,,,,,,,,,,,,,,,1.60,0.04,0.80,0.39,1.17,0.02,1.40,0.78,,,,,,,,,,,,,,,,,,,,,,,,,,,,,,,,,,,,,,,,,,,,,,,,,,,,,,,,,,,,,,,,,,,,,,,,
Tự học võ tại nhà Taekwondo #4 - Learn Taekwondo At Home - Taekwondo 태권도 - VinKungfu.mp4,Đấm móc (trái),hook,21,304.40,305.30,304.87,tay trái,1,6.39,3.03,3.36,,,,,,,,,,,,,,,,,,,,,1.60,0.27,0.80,0.36,0.80,0.38,1.40,0.78,,,,,,,,,,,,,,,,,,,,,,,,,,,,,,,,,,,,,,,,,,,,,,,,,,,,,,,,,,,,,,,,,,,,,,,,
Tự học võ tại nhà Taekwondo #4 - Learn Taekwondo At Home - Taekwondo 태권도 - VinKungfu.mp4,Đấm móc (trái),hook,22,305.30,306.07,305.70,tay trái,1,6.39,2.71,3.68,,,,,,,,,,,,,,,,,,,,,1.46,0.09,0.80,0.36,1.30,0.06,1.40,0.92,,,,,,,,,,,,,,,,,,,,,,,,,,,,,,,,,,,,,,,,,,,,,,,,,,,,,,,,,,,,,,,,,,,,,,,,
Tự học võ tại nhà Taekwondo #4 - Learn Taekwondo At Home - Taekwondo 태권도 - VinKungfu.mp4,Đấm móc (trái),hook,23,306.07,306.90,306.47,tay trái,1,7.37,2.98,4.39,,,,,,,,,,,,,,,,,,,,,1.41,0.42,0.80,0.34,1.56,0.54,1.40,0.89,,,,,,,,,,,,,,,,,,,,,,,,,,,,,,,,,,,,,,,,,,,,,,,,,,,,,,,,,,,,,,,,,,,,,,,,
Tự học võ tại nhà Taekwondo #4 - Learn Taekwondo At Home - Taekwondo 태권도 - VinKungfu.mp4,Đấm móc (trái),hook,24,306.90,307.67,307.33,tay trái,1,7.21,2.99,4.23,,,,,,,,,,,,,,,,,,,,,1.57,0.25,0.80,0.37,1.79,0.22,1.40,0.82,,,,,,,,,,,,,,,,,,,,,,,,,,,,,,,,,,,,,,,,,,,,,,,,,,,,,,,,,,,,,,,,,,,,,,,,
Tự học võ tại nhà Taekwondo #4 - Learn Taekwondo At Home - Taekwondo 태권도 - VinKungfu.mp4,Đấm móc (trái),hook,25,307.67,308.47,308.10,tay trái,1,7.40,2.90,4.50,,,,,,,,,,,,,,,,,,,,,1.55,0.40,,0.36,1.60,0.50,1.40,1.00,,,,,,,,,,,,,,,,,,,,,,,,,,,,,,,,,,,,,,,,,,,,,,,,,,,,,,,,,,,,,,,,,,,,,,,,"Video kết thúc trước khi thu tay — hạng mục thu tay không tính, điểm Chính xác quy đổi theo tỉ lệ."
Tự học võ tại nhà Taekwondo #4 - Learn Taekwondo At Home - Taekwondo 태권도 - VinKungfu.mp4,Đấm móc (trái),hook,26,308.47,309.20,308.90,tay trái,1,6.85,2.83,4.02,,,,,,,,,,,,,,,,,,,,,1.31,0.34,0.80,0.38,1.41,0.36,1.40,0.85,,,,,,,,,,,,,,,,,,,,,,,,,,,,,,,,,,,,,,,,,,,,,,,,,,,,,,,,,,,,,,,,,,,,,,,,
Tự học võ tại nhà Taekwondo #4 - Learn Taekwondo At Home - Taekwondo 태권도 - VinKungfu.mp4,Đấm móc (trái),hook,27,309.20,310.07,309.73,tay trái,1,7.08,2.74,4.34,,,,,,,,,,,,,,,,,,,,,1.60,0.22,,0.37,1.93,0.01,1.40,1.00,,,,,,,,,,,,,,,,,,,,,,,,,,,,,,,,,,,,,,,,,,,,,,,,,,,,,,,,,,,,,,,,,,,,,,,,"Video kết thúc trước khi thu tay — hạng mục thu tay không tính, điểm Chính xác quy đổi theo tỉ lệ."
Tự học võ tại nhà Taekwondo #4 - Learn Taekwondo At Home - Taekwondo 태권도 - VinKungfu.mp4,Đấm móc (trái),hook,28,310.07,310.97,310.53,tay trái,1,6.57,3.04,3.53,,,,,,,,,,,,,,,,,,,,,1.39,0.45,0.80,0.40,0.99,0.38,1.40,0.76,,,,,,,,,,,,,,,,,,,,,,,,,,,,,,,,,,,,,,,,,,,,,,,,,,,,,,,,,,,,,,,,,,,,,,,,
Tự học võ tại nhà Taekwondo #4 - Learn Taekwondo At Home - Taekwondo 태권도 - VinKungfu.mp4,Đấm móc (trái),hook,1,616.63,618.23,617.67,tay trái,1,7.67,3.12,4.55,,,,,,,,,,,,,,,,,,,,,1.32,0.60,0.80,0.40,1.56,0.59,1.40,1.00,,,,,,,,,,,,,,,,,,,,,,,,,,,,,,,,,,,,,,,,,,,,,,,,,,,,,,,,,,,,,,,,,,,,,,,,
Tự học võ tại nhà Taekwondo #4 - Learn Taekwondo At Home - Taekwondo 태권도 - VinKungfu.mp4,Đấm móc (trái),hook,2,618.23,618.97,618.67,tay trái,1,6.96,2.64,4.32,,,,,,,,,,,,,,,,,,,,,1.20,1.03,0.00,0.40,1.34,0.87,1.40,0.71,,,,,,,,,,,,,,,,,,,,,,,,,,,,,,,,,,,,,,,,,,,,,,,,,,,,,,,,,,,,,,,,,,,,,,,,
Tự học võ tại nhà Taekwondo #4 - Learn Taekwondo At Home - Taekwondo 태권도 - VinKungfu.mp4,Đấm móc (trái),hook,3,618.97,620.00,619.53,tay trái,1,6.95,3.05,3.90,,,,,,,,,,,,,,,,,,,,,1.52,0.66,0.46,0.40,1.49,0.48,0.93,1.00,,,,,,,,,,,,,,,,,,,,,,,,,,,,,,,,,,,,,,,,,,,,,,,,,,,,,,,,,,,,,,,,,,,,,,,,Video bắt đầu gần như ngay khi ra đòn — tư thế thủ ban đầu đo không chắc chắn.
Tự học võ tại nhà Taekwondo #4 - Learn Taekwondo At Home - Taekwondo 태권도 - VinKungfu.mp4,Đấm móc (trái),hook,4,620.00,620.77,620.43,tay trái,1,8.82,3.84,4.98,,,,,,,,,,,,,,,,,,,,,1.55,1.09,0.80,0.40,1.65,0.98,1.36,1.00,,,,,,,,,,,,,,,,,,,,,,,,,,,,,,,,,,,,,,,,,,,,,,,,,,,,,,,,,,,,,,,,,,,,,,,,
Tự học võ tại nhà Taekwondo #4 - Learn Taekwondo At Home - Taekwondo 태권도 - VinKungfu.mp4,Đấm móc (trái),hook,5,620.77,621.57,621.27,tay trái,1,9.40,3.59,5.81,,,,,,,,,,,,,,,,,,,,,1.32,1.20,,0.35,1.85,1.60,1.36,1.00,,,,,,,,,,,,,,,,,,,,,,,,,,,,,,,,,,,,,,,,,,,,,,,,,,,,,,,,,,,,,,,,,,,,,,,,"Video kết thúc trước khi thu tay — hạng mục thu tay không tính, điểm Chính xác quy đổi theo tỉ lệ."
Tự học võ tại nhà Taekwondo #4 - Learn Taekwondo At Home - Taekwondo 태권도 - VinKungfu.mp4,Đấm móc (trái),hook,6,621.57,622.57,622.23,tay trái,1,9.26,3.90,5.36,,,,,,,,,,,,,,,,,,,,,1.60,1.20,0.80,0.30,1.83,1.60,0.93,1.00,,,,,,,,,,,,,,,,,,,,,,,,,,,,,,,,,,,,,,,,,,,,,,,,,,,,,,,,,,,,,,,,,,,,,,,,
Tự học võ tại nhà Taekwondo #4 - Learn Taekwondo At Home - Taekwondo 태권도 - VinKungfu.mp4,Đấm móc (trái),hook,7,622.57,623.30,623.00,tay trái,1,8.96,3.88,5.08,,,,,,,,,,,,,,,,,,,,,1.57,1.20,0.80,0.32,1.36,1.32,1.40,1.00,,,,,,,,,,,,,,,,,,,,,,,,,,,,,,,,,,,,,,,,,,,,,,,,,,,,,,,,,,,,,,,,,,,,,,,,
Tự học võ tại nhà Taekwondo #4 - Learn Taekwondo At Home - Taekwondo 태권도 - VinKungfu.mp4,Đấm móc (trái),hook,8,623.30,624.10,623.80,tay trái,1,9.66,3.94,5.72,,,,,,,,,,,,,,,,,,,,,1.59,1.20,0.80,0.35,2.00,1.49,1.40,0.83,,,,,,,,,,,,,,,,,,,,,,,,,,,,,,,,,,,,,,,,,,,,,,,,,,,,,,,,,,,,,,,,,,,,,,,,
Tự học võ tại nhà Taekwondo #4 - Learn Taekwondo At Home - Taekwondo 태권도 - VinKungfu.mp4,Đấm móc (trái),hook,9,624.10,624.87,624.60,tay trái,1,9.67,3.91,5.76,,,,,,,,,,,,,,,,,,,,,1.60,1.20,0.78,0.33,1.87,1.50,1.40,0.99,,,,,,,,,,,,,,,,,,,,,,,,,,,,,,,,,,,,,,,,,,,,,,,,,,,,,,,,,,,,,,,,,,,,,,,,
Tự học võ tại nhà Taekwondo #4 - Learn Taekwondo At Home - Taekwondo 태권도 - VinKungfu.mp4,Đấm móc (trái),hook,10,624.87,625.77,625.37,tay trái,1,9.00,3.79,5.21,,,,,,,,,,,,,,,,,,,,,1.55,1.14,0.80,0.30,1.77,1.16,1.27,1.00,,,,,,,,,,,,,,,,,,,,,,,,,,,,,,,,,,,,,,,,,,,,,,,,,,,,,,,,,,,,,,,,,,,,,,,,
Tự học võ tại nhà Taekwondo #4 - Learn Taekwondo At Home - Taekwondo 태권도 - VinKungfu.mp4,Đấm móc (trái),hook,11,625.77,626.70,626.27,tay trái,1,8.26,3.29,4.97,,,,,,,,,,,,,,,,,,,,,1.38,0.78,0.80,0.34,1.70,0.87,1.40,1.00,,,,,,,,,,,,,,,,,,,,,,,,,,,,,,,,,,,,,,,,,,,,,,,,,,,,,,,,,,,,,,,,,,,,,,,,
Tự học võ tại nhà Taekwondo #4 - Learn Taekwondo At Home - Taekwondo 태권도 - VinKungfu.mp4,Đấm móc (trái),hook,12,626.70,627.60,627.17,tay trái,1,8.76,3.09,5.67,,,,,,,,,,,,,,,,,,,,,1.60,,0.43,0.13,1.95,,,0.88,,,,,,,,,,,,,,,,,,,,,,,,,,,,,,,,,,,,,,,,,,,,,,,,,,,,,,,,,,,,,,,,,,,,,,,,Video bắt đầu gần như ngay khi ra đòn — tư thế thủ ban đầu đo không chắc chắn. | Video bắt đầu giữa động tác — các mục xoay thân/thời gian ra đòn không tính.
Tự học võ tại nhà Taekwondo #4 - Learn Taekwondo At Home - Taekwondo 태권도 - VinKungfu.mp4,Đấm móc (trái),hook,13,627.60,628.30,628.00,tay trái,1,9.51,3.55,5.96,,,,,,,,,,,,,,,,,,,,,1.41,1.20,,0.23,2.00,1.60,1.36,1.00,,,,,,,,,,,,,,,,,,,,,,,,,,,,,,,,,,,,,,,,,,,,,,,,,,,,,,,,,,,,,,,,,,,,,,,,"Video bắt đầu gần như ngay khi ra đòn — tư thế thủ ban đầu đo không chắc chắn. | Video kết thúc trước khi thu tay — hạng mục thu tay không tính, điểm Chính xác quy đổi theo tỉ lệ."
Tự học võ tại nhà Taekwondo #4 - Learn Taekwondo At Home - Taekwondo 태권도 - VinKungfu.mp4,Đấm móc (trái),hook,14,628.30,629.23,628.83,tay trái,1,7.59,3.02,4.57,,,,,,,,,,,,,,,,,,,,,1.46,0.96,0.20,0.39,1.74,0.88,1.02,0.93,,,,,,,,,,,,,,,,,,,,,,,,,,,,,,,,,,,,,,,,,,,,,,,,,,,,,,,,,,,,,,,,,,,,,,,,Video bắt đầu gần như ngay khi ra đòn — tư thế thủ ban đầu đo không chắc chắn.
Tự học võ tại nhà Taekwondo #4 - Learn Taekwondo At Home - Taekwondo 태권도 - VinKungfu.mp4,Đấm móc (trái),hook,15,629.23,630.03,629.63,tay trái,1,9.25,3.56,5.69,,,,,,,,,,,,,,,,,,,,,1.43,0.95,0.80,0.38,1.85,1.45,1.40,1.00,,,,,,,,,,,,,,,,,,,,,,,,,,,,,,,,,,,,,,,,,,,,,,,,,,,,,,,,,,,,,,,,,,,,,,,,
Tự học võ tại nhà Taekwondo #4 - Learn Taekwondo At Home - Taekwondo 태권도 - VinKungfu.mp4,Đấm móc (trái),hook,16,630.03,630.83,630.40,tay trái,1,8.11,3.50,4.61,,,,,,,,,,,,,,,,,,,,,1.25,,0.80,0.40,1.30,,,1.00,,,,,,,,,,,,,,,,,,,,,,,,,,,,,,,,,,,,,,,,,,,,,,,,,,,,,,,,,,,,,,,,,,,,,,,,Video bắt đầu gần như ngay khi ra đòn — tư thế thủ ban đầu đo không chắc chắn. | Video bắt đầu giữa động tác — các mục xoay thân/thời gian ra đòn không tính.
Tự học võ tại nhà Taekwondo #4 - Learn Taekwondo At Home - Taekwondo 태권도 - VinKungfu.mp4,Đấm móc (trái),hook,17,630.83,631.60,631.23,tay trái,1,6.92,3.08,3.84,,,,,,,,,,,,,,,,,,,,,1.44,0.44,0.80,0.40,0.97,0.55,1.40,0.92,,,,,,,,,,,,,,,,,,,,,,,,,,,,,,,,,,,,,,,,,,,,,,,,,,,,,,,,,,,,,,,,,,,,,,,,
Tự học võ tại nhà Taekwondo #4 - Learn Taekwondo At Home - Taekwondo 태권도 - VinKungfu.mp4,Đấm móc (trái),hook,18,631.60,632.33,632.03,tay trái,1,7.08,2.88,4.20,,,,,,,,,,,,,,,,,,,,,1.60,0.15,0.73,0.40,1.61,0.19,1.40,1.00,,,,,,,,,,,,,,,,,,,,,,,,,,,,,,,,,,,,,,,,,,,,,,,,,,,,,,,,,,,,,,,,,,,,,,,,
Tự học võ tại nhà Taekwondo #4 - Learn Taekwondo At Home - Taekwondo 태권도 - VinKungfu.mp4,Đấm móc (trái),hook,19,632.33,633.17,632.83,tay trái,1,6.99,2.95,4.04,,,,,,,,,,,,,,,,,,,,,1.60,0.15,0.80,0.40,1.99,0.02,1.36,0.67,,,,,,,,,,,,,,,,,,,,,,,,,,,,,,,,,,,,,,,,,,,,,,,,,,,,,,,,,,,,,,,,,,,,,,,,
Tự học võ tại nhà Taekwondo #4 - Learn Taekwondo At Home - Taekwondo 태권도 - VinKungfu.mp4,Đấm móc (trái),hook,20,633.17,634.03,633.63,tay trái,1,6.54,2.82,3.72,,,,,,,,,,,,,,,,,,,,,1.57,0.06,0.80,0.39,1.32,0.00,1.40,1.00,,,,,,,,,,,,,,,,,,,,,,,,,,,,,,,,,,,,,,,,,,,,,,,,,,,,,,,,,,,,,,,,,,,,,,,,
Tự học võ tại nhà Taekwondo #4 - Learn Taekwondo At Home - Taekwondo 태권도 - VinKungfu.mp4,Đấm móc (trái),hook,21,634.03,634.87,634.43,tay trái,1,6.31,3.00,3.31,,,,,,,,,,,,,,,,,,,,,1.60,0.24,0.80,0.36,0.84,0.33,1.40,0.74,,,,,,,,,,,,,,,,,,,,,,,,,,,,,,,,,,,,,,,,,,,,,,,,,,,,,,,,,,,,,,,,,,,,,,,,
Tự học võ tại nhà Taekwondo #4 - Learn Taekwondo At Home - Taekwondo 태권도 - VinKungfu.mp4,Đấm móc (trái),hook,22,634.87,635.63,635.27,tay trái,1,6.32,2.76,3.57,,,,,,,,,,,,,,,,,,,,,1.48,0.12,0.80,0.36,1.17,0.05,1.40,0.95,,,,,,,,,,,,,,,,,,,,,,,,,,,,,,,,,,,,,,,,,,,,,,,,,,,,,,,,,,,,,,,,,,,,,,,,
Tự học võ tại nhà Taekwondo #4 - Learn Taekwondo At Home - Taekwondo 태권도 - VinKungfu.mp4,Đấm móc (trái),hook,23,635.63,636.37,636.03,tay trái,1,7.29,3.04,4.25,,,,,,,,,,,,,,,,,,,,,1.45,0.44,0.80,0.35,1.48,0.50,1.40,0.87,,,,,,,,,,,,,,,,,,,,,,,,,,,,,,,,,,,,,,,,,,,,,,,,,,,,,,,,,,,,,,,,,,,,,,,,
Tự học võ tại nhà Taekwondo #4 - Learn Taekwondo At Home - Taekwondo 태권도 - VinKungfu.mp4,Đấm móc (trái),hook,24,636.37,637.27,636.90,tay trái,1,7.09,2.98,4.11,,,,,,,,,,,,,,,,,,,,,1.57,0.24,0.80,0.37,1.65,0.22,1.40,0.84,,,,,,,,,,,,,,,,,,,,,,,,,,,,,,,,,,,,,,,,,,,,,,,,,,,,,,,,,,,,,,,,,,,,,,,,
Tự học võ tại nhà Taekwondo #4 - Learn Taekwondo At Home - Taekwondo 태권도 - VinKungfu.mp4,Đấm móc (trái),hook,25,637.27,638.03,637.67,tay trái,1,7.30,2.86,4.44,,,,,,,,,,,,,,,,,,,,,1.56,0.36,,0.36,1.52,0.52,1.40,1.00,,,,,,,,,,,,,,,,,,,,,,,,,,,,,,,,,,,,,,,,,,,,,,,,,,,,,,,,,,,,,,,,,,,,,,,,"Video kết thúc trước khi thu tay — hạng mục thu tay không tính, điểm Chính xác quy đổi theo tỉ lệ."
Tự học võ tại nhà Taekwondo #4 - Learn Taekwondo At Home - Taekwondo 태권도 - VinKungfu.mp4,Đấm móc (trái),hook,26,638.03,638.77,638.47,tay trái,1,6.90,2.85,4.05,,,,,,,,,,,,,,,,,,,,,1.28,0.39,0.80,0.39,1.35,0.39,1.40,0.91,,,,,,,,,,,,,,,,,,,,,,,,,,,,,,,,,,,,,,,,,,,,,,,,,,,,,,,,,,,,,,,,,,,,,,,,
Tự học võ tại nhà Taekwondo #4 - Learn Taekwondo At Home - Taekwondo 태권도 - VinKungfu.mp4,Đấm móc (trái),hook,27,638.77,639.63,639.30,tay trái,1,7.18,2.70,4.49,,,,,,,,,,,,,,,,,,,,,1.60,0.19,,0.36,1.99,0.09,1.40,1.00,,,,,,,,,,,,,,,,,,,,,,,,,,,,,,,,,,,,,,,,,,,,,,,,,,,,,,,,,,,,,,,,,,,,,,,,"Video kết thúc trước khi thu tay — hạng mục thu tay không tính, điểm Chính xác quy đổi theo tỉ lệ."
Tự học võ tại nhà Taekwondo #4 - Learn Taekwondo At Home - Taekwondo 태권도 - VinKungfu.mp4,Đấm móc (trái),hook,28,639.63,640.40,640.10,tay trái,1,6.62,3.07,3.56,,,,,,,,,,,,,,,,,,,,,1.41,0.46,0.80,0.40,0.98,0.44,1.40,0.74,,,,,,,,,,,,,,,,,,,,,,,,,,,,,,,,,,,,,,,,,,,,,,,,,,,,,,,,,,,,,,,,,,,,,,,,
Tự học võ tại nhà Taekwondo #4 - Learn Taekwondo At Home - Taekwondo 태권도 - VinKungfu.mp4,Đấm móc (trái),hook,29,640.40,640.97,640.87,tay trái,1,7.38,3.06,4.32,,,,,,,,,,,,,,,,,,,,,1.60,0.45,,0.40,1.63,0.30,1.40,1.00,,,,,,,,,,,,,,,,,,,,,,,,,,,,,,,,,,,,,,,,,,,,,,,,,,,,,,,,,,,,,,,,,,,,,,,,"Video kết thúc trước khi thu tay — hạng mục thu tay không tính, điểm Chính xác quy đổi theo tỉ lệ."
Tự học võ tại nhà Taekwondo #4 - Learn Taekwondo At Home - Taekwondo 태권도 - VinKungfu.mp4,Nhảy đá hất chân (phải),front,1,336.10,338.20,337.43,chân phải,1,7.10,2.10,5.00,,,,,2.00,1.60,1.40,0.00,,,,,,,,,0.64,1.20,0.26,0.00,,,,,,,,,,,,,,,,,,,,,,,,,,,,,,,,,,,,,,,,,,,,,,,,,,,,,,,,,,,,,,,,,,,,,,,,,,,,,,,,
Tự học võ tại nhà Taekwondo #4 - Learn Taekwondo At Home - Taekwondo 태권도 - VinKungfu.mp4,Nhảy đá hất chân (phải),front,2,338.20,339.63,339.63,chân phải,1,6.59,1.59,5.00,,,,,2.00,1.60,1.40,0.00,,,,,,,,,0.00,1.20,0.39,0.00,,,,,,,,,,,,,,,,,,,,,,,,,,,,,,,,,,,,,,,,,,,,,,,,,,,,,,,,,,,,,,,,,,,,,,,,,,,,,,,,
Tự học võ tại nhà Taekwondo #4 - Learn Taekwondo At Home - Taekwondo 태권도 - VinKungfu.mp4,Nhảy đá hất chân (phải),front,3,339.63,340.33,340.27,chân phải,1,7.08,2.08,5.00,,,,,2.00,1.60,1.40,0.00,,,,,,,,,0.96,1.12,0.00,0.00,,,,,,,,,,,,,,,,,,,,,,,,,,,,,,,,,,,,,,,,,,,,,,,,,,,,,,,,,,,,,,,,,,,,,,,,,,,,,,,,
Tự học võ tại nhà Taekwondo #4 - Learn Taekwondo At Home - Taekwondo 태권도 - VinKungfu.mp4,Nhảy đá hất chân (phải),front,4,341.03,342.37,341.67,chân phải,1,5.96,1.27,4.69,,,,,2.00,1.60,1.09,0.00,,,,,,,,,0.07,1.00,0.19,0.00,,,,,,,,,,,,,,,,,,,,,,,,,,,,,,,,,,,,,,,,,,,,,,,,,,,,,,,,,,,,,,,,,,,,,,,,,,,,,,,,
Tự học võ tại nhà Taekwondo #4 - Learn Taekwondo At Home - Taekwondo 태권도 - VinKungfu.mp4,Nhảy đá hất chân (phải),front,5,342.40,344.47,344.40,chân phải,1,6.20,1.20,5.00,,,,,2.00,1.60,1.40,0.00,,,,,,,,,0.00,1.20,0.00,0.00,,,,,,,,,,,,,,,,,,,,,,,,,,,,,,,,,,,,,,,,,,,,,,,,,,,,,,,,,,,,,,,,,,,,,,,,,,,,,,,,
Tự học võ tại nhà Taekwondo #4 - Learn Taekwondo At Home - Taekwondo 태권도 - VinKungfu.mp4,Nhảy đá hất chân (phải),front,6,344.47,345.67,345.10,chân phải,1,5.14,1.42,3.72,,,,,2.00,1.60,0.12,0.00,,,,,,,,,0.37,0.58,0.47,0.00,,,,,,,,,,,,,,,,,,,,,,,,,,,,,,,,,,,,,,,,,,,,,,,,,,,,,,,,,,,,,,,,,,,,,,,,,,,,,,,,
Tự học võ tại nhà Taekwondo #4 - Learn Taekwondo At Home - Taekwondo 태권도 - VinKungfu.mp4,Nhảy đá hất chân (phải),front,7,346.43,348.50,347.37,chân phải,1,8.37,3.37,5.00,,,,,2.00,1.60,1.40,0.00,,,,,,,,,1.54,1.20,0.63,0.00,,,,,,,,,,,,,,,,,,,,,,,,,,,,,,,,,,,,,,,,,,,,,,,,,,,,,,,,,,,,,,,,,,,,,,,,,,,,,,,,
Tự học võ tại nhà Taekwondo #4 - Learn Taekwondo At Home - Taekwondo 태권도 - VinKungfu.mp4,Nhảy đá hất chân (phải),front,8,348.50,349.93,348.80,chân phải,1,8.60,3.60,5.00,,,,,2.00,1.60,1.40,0.00,,,,,,,,,1.60,1.20,0.80,0.00,,,,,,,,,,,,,,,,,,,,,,,,,,,,,,,,,,,,,,,,,,,,,,,,,,,,,,,,,,,,,,,,,,,,,,,,,,,,,,,,
Tự học võ tại nhà Taekwondo #4 - Learn Taekwondo At Home - Taekwondo 태권도 - VinKungfu.mp4,Nhảy đá hất chân (phải),front,9,350.00,351.33,350.93,chân phải,1,8.56,3.56,5.00,,,,,2.00,1.60,1.40,0.00,,,,,,,,,1.60,1.16,0.80,0.00,,,,,,,,,,,,,,,,,,,,,,,,,,,,,,,,,,,,,,,,,,,,,,,,,,,,,,,,,,,,,,,,,,,,,,,,,,,,,,,,
Tự học võ tại nhà Taekwondo #4 - Learn Taekwondo At Home - Taekwondo 태권도 - VinKungfu.mp4,Nhảy đá hất chân (phải),front,10,352.13,353.47,353.07,chân phải,1,7.70,2.70,5.00,,,,,2.00,1.60,1.40,0.00,,,,,,,,,1.09,1.20,0.41,0.00,,,,,,,,,,,,,,,,,,,,,,,,,,,,,,,,,,,,,,,,,,,,,,,,,,,,,,,,,,,,,,,,,,,,,,,,,,,,,,,,
Tự học võ tại nhà Taekwondo #4 - Learn Taekwondo At Home - Taekwondo 태권도 - VinKungfu.mp4,Nhảy đá hất chân (phải),front,11,354.20,356.23,355.83,chân phải,1,7.16,2.16,5.00,,,,,2.00,1.60,1.40,0.00,,,,,,,,,0.96,1.20,0.00,0.00,,,,,,,,,,,,,,,,,,,,,,,,,,,,,,,,,,,,,,,,,,,,,,,,,,,,,,,,,,,,,,,,,,,,,,,,,,,,,,,,
Tự học võ tại nhà Taekwondo #4 - Learn Taekwondo At Home - Taekwondo 태권도 - VinKungfu.mp4,Nhảy đá hất chân (phải),front,12,356.23,356.97,356.57,chân phải,1,8.53,3.53,5.00,,,,,2.00,1.60,1.40,0.00,,,,,,,,,1.59,1.14,0.80,0.00,,,,,,,,,,,,,,,,,,,,,,,,,,,,,,,,,,,,,,,,,,,,,,,,,,,,,,,,,,,,,,,,,,,,,,,,,,,,,,,,
Tự học võ tại nhà Taekwondo #4 - Learn Taekwondo At Home - Taekwondo 태권도 - VinKungfu.mp4,Nhảy đá hất chân (phải),front,1,665.70,667.77,667.00,chân phải,1,7.22,2.22,5.00,,,,,2.00,1.60,1.40,0.00,,,,,,,,,0.64,1.20,0.38,0.00,,,,,,,,,,,,,,,,,,,,,,,,,,,,,,,,,,,,,,,,,,,,,,,,,,,,,,,,,,,,,,,,,,,,,,,,,,,,,,,,
Tự học võ tại nhà Taekwondo #4 - Learn Taekwondo At Home - Taekwondo 태권도 - VinKungfu.mp4,Nhảy đá hất chân (phải),front,2,667.77,669.20,669.20,chân phải,1,6.54,1.54,5.00,,,,,2.00,1.60,1.40,0.00,,,,,,,,,0.00,1.20,0.34,0.00,,,,,,,,,,,,,,,,,,,,,,,,,,,,,,,,,,,,,,,,,,,,,,,,,,,,,,,,,,,,,,,,,,,,,,,,,,,,,,,,
Tự học võ tại nhà Taekwondo #4 - Learn Taekwondo At Home - Taekwondo 태권도 - VinKungfu.mp4,Nhảy đá hất chân (phải),front,3,669.20,669.90,669.83,chân phải,1,7.08,2.08,5.00,,,,,2.00,1.60,1.40,0.00,,,,,,,,,0.96,1.12,0.00,0.00,,,,,,,,,,,,,,,,,,,,,,,,,,,,,,,,,,,,,,,,,,,,,,,,,,,,,,,,,,,,,,,,,,,,,,,,,,,,,,,,
Tự học võ tại nhà Taekwondo #4 - Learn Taekwondo At Home - Taekwondo 태권도 - VinKungfu.mp4,Nhảy đá hất chân (phải),front,4,670.60,671.93,671.20,chân phải,1,4.74,0.70,4.05,,,,,2.00,1.60,0.45,0.00,,,,,,,,,0.00,0.70,0.00,0.00,,,,,,,,,,,,,,,,,,,,,,,,,,,,,,,,,,,,,,,,,,,,,,,,,,,,,,,,,,,,,,,,,,,,,,,,,,,,,,,,
Tự học võ tại nhà Taekwondo #4 - Learn Taekwondo At Home - Taekwondo 태권도 - VinKungfu.mp4,Nhảy đá hất chân (phải),front,5,671.97,674.03,673.93,chân phải,1,6.20,1.20,5.00,,,,,2.00,1.60,1.40,0.00,,,,,,,,,0.00,1.20,0.00,0.00,,,,,,,,,,,,,,,,,,,,,,,,,,,,,,,,,,,,,,,,,,,,,,,,,,,,,,,,,,,,,,,,,,,,,,,,,,,,,,,,
Tự học võ tại nhà Taekwondo #4 - Learn Taekwondo At Home - Taekwondo 태권도 - VinKungfu.mp4,Nhảy đá hất chân (phải),front,6,674.03,675.23,674.67,chân phải,1,4.99,1.31,3.68,,,,,2.00,1.60,0.08,0.00,,,,,,,,,0.28,0.56,0.47,0.00,,,,,,,,,,,,,,,,,,,,,,,,,,,,,,,,,,,,,,,,,,,,,,,,,,,,,,,,,,,,,,,,,,,,,,,,,,,,,,,,
Tự học võ tại nhà Taekwondo #4 - Learn Taekwondo At Home - Taekwondo 태권도 - VinKungfu.mp4,Nhảy đá hất chân (phải),front,7,676.00,678.07,676.93,chân phải,1,8.35,3.35,5.00,,,,,2.00,1.60,1.40,0.00,,,,,,,,,1.54,1.20,0.61,0.00,,,,,,,,,,,,,,,,,,,,,,,,,,,,,,,,,,,,,,,,,,,,,,,,,,,,,,,,,,,,,,,,,,,,,,,,,,,,,,,,
Tự học võ tại nhà Taekwondo #4 - Learn Taekwondo At Home - Taekwondo 태권도 - VinKungfu.mp4,Nhảy đá hất chân (phải),front,8,678.07,679.50,678.43,chân phải,1,8.55,3.55,5.00,,,,,2.00,1.60,1.40,0.00,,,,,,,,,1.60,1.15,0.80,0.00,,,,,,,,,,,,,,,,,,,,,,,,,,,,,,,,,,,,,,,,,,,,,,,,,,,,,,,,,,,,,,,,,,,,,,,,,,,,,,,,
Tự học võ tại nhà Taekwondo #4 - Learn Taekwondo At Home - Taekwondo 태권도 - VinKungfu.mp4,Nhảy đá hất chân (phải),front,9,679.57,680.90,679.83,chân phải,1,8.47,3.47,5.00,,,,,2.00,1.60,1.40,0.00,,,,,,,,,1.60,1.07,0.80,0.00,,,,,,,,,,,,,,,,,,,,,,,,,,,,,,,,,,,,,,,,,,,,,,,,,,,,,,,,,,,,,,,,,,,,,,,,,,,,,,,,
Tự học võ tại nhà Taekwondo #4 - Learn Taekwondo At Home - Taekwondo 태권도 - VinKungfu.mp4,Nhảy đá hất chân (phải),front,10,681.70,683.03,682.63,chân phải,1,7.69,2.69,5.00,,,,,2.00,1.60,1.40,0.00,,,,,,,,,1.09,1.20,0.40,0.00,,,,,,,,,,,,,,,,,,,,,,,,,,,,,,,,,,,,,,,,,,,,,,,,,,,,,,,,,,,,,,,,,,,,,,,,,,,,,,,,
Tự học võ tại nhà Taekwondo #4 - Learn Taekwondo At Home - Taekwondo 태권도 - VinKungfu.mp4,Nhảy đá hất chân (phải),front,11,683.77,685.80,685.40,chân phải,1,7.16,2.16,5.00,,,,,2.00,1.60,1.40,0.00,,,,,,,,,0.96,1.20,0.00,0.00,,,,,,,,,,,,,,,,,,,,,,,,,,,,,,,,,,,,,,,,,,,,,,,,,,,,,,,,,,,,,,,,,,,,,,,,,,,,,,,,
Tự học võ tại nhà Taekwondo #4 - Learn Taekwondo At Home - Taekwondo 태권도 - VinKungfu.mp4,Nhảy đá hất chân (phải),front,12,685.80,686.97,686.13,chân phải,1,7.74,2.74,5.00,,,,,2.00,1.60,1.40,0.00,,,,,,,,,1.59,1.15,0.00,0.00,,,,,,,,,,,,,,,,,,,,,,,,,,,,,,,,,,,,,,,,,,,,,,,,,,,,,,,,,,,,,,,,,,,,,,,,,,,,,,,,
Tự học võ tại nhà Taekwondo #5 - Learn Taekwondo At Home - Taekwondo 태권도 - VinKungfu.mp4,Đá sau (trái),back,1,158.37,160.57,159.57,chân trái,1,8.30,3.30,5.00,,,,,2.00,1.60,1.40,0.00,,,,,,,,,,,,,,,,,,,,,,,,,,,,,1.22,1.20,0.74,0.14,,,,,,,,,,,,,,,,,,,,,,,,,,,,,,,,,,,,,,,,,,,,,,,,,,,,,,,,,,,,
Tự học võ tại nhà Taekwondo #5 - Learn Taekwondo At Home - Taekwondo 태권도 - VinKungfu.mp4,Đá sau (trái),back,2,161.87,164.07,164.03,chân trái,1,6.97,1.97,5.00,,,,,2.00,1.60,1.40,0.00,,,,,,,,,,,,,,,,,,,,,,,,,,,,,0.64,1.20,0.00,0.13,,,,,,,,,,,,,,,,,,,,,,,,,,,,,,,,,,,,,,,,,,,,,,,,,,,,,,,,,,,,
Tự học võ tại nhà Taekwondo #5 - Learn Taekwondo At Home - Taekwondo 태권도 - VinKungfu.mp4,Đá sau (trái),back,3,164.37,165.93,165.30,chân trái,1,7.55,2.55,5.00,,,,,2.00,1.60,1.40,0.00,,,,,,,,,,,,,,,,,,,,,,,,,,,,,0.79,1.20,0.56,0.00,,,,,,,,,,,,,,,,,,,,,,,,,,,,,,,,,,,,,,,,,,,,,,,,,,,,,,,,,,,,
Tự học võ tại nhà Taekwondo #5 - Learn Taekwondo At Home - Taekwondo 태권도 - VinKungfu.mp4,Đá sau (trái),back,4,165.93,167.63,166.87,chân trái,1,8.40,3.40,5.00,,,,,2.00,1.60,1.40,0.00,,,,,,,,,,,,,,,,,,,,,,,,,,,,,1.40,1.20,0.80,0.00,,,,,,,,,,,,,,,,,,,,,,,,,,,,,,,,,,,,,,,,,,,,,,,,,,,,,,,,,,,,
Tự học võ tại nhà Taekwondo #5 - Learn Taekwondo At Home - Taekwondo 태권도 - VinKungfu.mp4,Đá sau (trái),back,5,167.63,169.27,168.47,chân trái,1,8.64,3.64,5.00,,,,,2.00,1.60,1.40,0.00,,,,,,,,,,,,,,,,,,,,,,,,,,,,,1.60,1.20,0.80,0.04,,,,,,,,,,,,,,,,,,,,,,,,,,,,,,,,,,,,,,,,,,,,,,,,,,,,,,,,,,,,
Tự học võ tại nhà Taekwondo #5 - Learn Taekwondo At Home - Taekwondo 태권도 - VinKungfu.mp4,Đá sau (trái),back,6,169.40,171.37,170.43,chân trái,1,8.70,3.70,5.00,,,,,2.00,1.60,1.40,0.00,,,,,,,,,,,,,,,,,,,,,,,,,,,,,1.60,1.20,0.80,0.10,,,,,,,,,,,,,,,,,,,,,,,,,,,,,,,,,,,,,,,,,,,,,,,,,,,,,,,,,,,,
Tự học võ tại nhà Taekwondo #5 - Learn Taekwondo At Home - Taekwondo 태권도 - VinKungfu.mp4,Đá sau (trái),back,7,171.37,172.70,172.13,chân trái,1,8.43,3.43,5.00,,,,,2.00,1.60,1.40,0.00,,,,,,,,,,,,,,,,,,,,,,,,,,,,,1.43,1.20,0.80,0.00,,,,,,,,,,,,,,,,,,,,,,,,,,,,,,,,,,,,,,,,,,,,,,,,,,,,,,,,,,,,
Tự học võ tại nhà Taekwondo #5 - Learn Taekwondo At Home - Taekwondo 태권도 - VinKungfu.mp4,Đá sau (trái),back,8,174.00,175.83,175.07,chân trái,1,8.45,3.45,5.00,,,,,2.00,1.60,1.40,0.00,,,,,,,,,,,,,,,,,,,,,,,,,,,,,1.37,1.20,0.80,0.08,,,,,,,,,,,,,,,,,,,,,,,,,,,,,,,,,,,,,,,,,,,,,,,,,,,,,,,,,,,,
Tự học võ tại nhà Taekwondo #5 - Learn Taekwondo At Home - Taekwondo 태권도 - VinKungfu.mp4,Đá sau (trái),back,9,175.83,177.17,176.37,chân trái,1,8.65,3.65,5.00,,,,,2.00,1.60,1.40,0.00,,,,,,,,,,,,,,,,,,,,,,,,,,,,,1.51,1.20,0.80,0.14,,,,,,,,,,,,,,,,,,,,,,,,,,,,,,,,,,,,,,,,,,,,,,,,,,,,,,,,,,,,
Tự học võ tại nhà Taekwondo #5 - Learn Taekwondo At Home - Taekwondo 태권도 - VinKungfu.mp4,Đá sau (trái),back,10,177.17,178.90,178.13,chân trái,1,8.00,3.00,5.00,,,,,2.00,1.60,1.40,0.00,,,,,,,,,,,,,,,,,,,,,,,,,,,,,0.86,1.20,0.80,0.14,,,,,,,,,,,,,,,,,,,,,,,,,,,,,,,,,,,,,,,,,,,,,,,,,,,,,,,,,,,,
Tự học võ tại nhà Taekwondo #5 - Learn Taekwondo At Home - Taekwondo 태권도 - VinKungfu.mp4,Đá sau (trái),back,11,178.90,180.63,179.63,chân trái,1,7.78,2.78,5.00,,,,,2.00,1.60,1.40,0.00,,,,,,,,,,,,,,,,,,,,,,,,,,,,,0.64,1.20,0.80,0.14,,,,,,,,,,,,,,,,,,,,,,,,,,,,,,,,,,,,,,,,,,,,,,,,,,,,,,,,,,,,
Tự học võ tại nhà Taekwondo #5 - Learn Taekwondo At Home - Taekwondo 태권도 - VinKungfu.mp4,Đá sau (trái),back,12,180.63,182.10,181.37,chân trái,1,8.74,3.74,5.00,,,,,2.00,1.60,1.40,0.00,,,,,,,,,,,,,,,,,,,,,,,,,,,,,1.60,1.20,0.80,0.14,,,,,,,,,,,,,,,,,,,,,,,,,,,,,,,,,,,,,,,,,,,,,,,,,,,,,,,,,,,,
Tự học võ tại nhà Taekwondo #5 - Learn Taekwondo At Home - Taekwondo 태권도 - VinKungfu.mp4,Đá sau (trái),back,13,182.10,183.70,183.07,chân trái,1,8.63,3.63,5.00,,,,,2.00,1.60,1.40,0.00,,,,,,,,,,,,,,,,,,,,,,,,,,,,,1.49,1.20,0.80,0.14,,,,,,,,,,,,,,,,,,,,,,,,,,,,,,,,,,,,,,,,,,,,,,,,,,,,,,,,,,,,
Tự học võ tại nhà Taekwondo #5 - Learn Taekwondo At Home - Taekwondo 태권도 - VinKungfu.mp4,Đá sau (trái),back,14,183.70,184.97,184.70,chân trái,1,7.49,2.49,5.00,,,,,2.00,1.60,1.40,0.00,,,,,,,,,,,,,,,,,,,,,,,,,,,,,0.64,1.20,0.51,0.14,,,,,,,,,,,,,,,,,,,,,,,,,,,,,,,,,,,,,,,,,,,,,,,,,,,,,,,,,,,,
Tự học võ tại nhà Taekwondo #5 - Learn Taekwondo At Home - Taekwondo 태권도 - VinKungfu.mp4,Đá sau (trái),back,1,488.00,490.10,489.10,chân trái,1,8.36,3.36,5.00,,,,,2.00,1.60,1.40,0.00,,,,,,,,,,,,,,,,,,,,,,,,,,,,,1.22,1.20,0.80,0.14,,,,,,,,,,,,,,,,,,,,,,,,,,,,,,,,,,,,,,,,,,,,,,,,,,,,,,,,,,,,
Tự học võ tại nhà Taekwondo #5 - Learn Taekwondo At Home - Taekwondo 태권도 - VinKungfu.mp4,Đá sau (trái),back,2,491.40,493.60,492.43,chân trái,1,7.78,2.78,5.00,,,,,2.00,1.60,1.40,0.00,,,,,,,,,,,,,,,,,,,,,,,,,,,,,1.31,1.20,0.16,0.11,,,,,,,,,,,,,,,,,,,,,,,,,,,,,,,,,,,,,,,,,,,,,,,,,,,,,,,,,,,,
Tự học võ tại nhà Taekwondo #5 - Learn Taekwondo At Home - Taekwondo 태권도 - VinKungfu.mp4,Đá sau (trái),back,3,493.90,495.47,494.83,chân trái,1,7.94,2.94,5.00,,,,,2.00,1.60,1.40,0.00,,,,,,,,,,,,,,,,,,,,,,,,,,,,,1.05,1.20,0.55,0.14,,,,,,,,,,,,,,,,,,,,,,,,,,,,,,,,,,,,,,,,,,,,,,,,,,,,,,,,,,,,
Tự học võ tại nhà Taekwondo #5 - Learn Taekwondo At Home - Taekwondo 태권도 - VinKungfu.mp4,Đá sau (trái),back,4,495.47,497.17,496.40,chân trái,1,8.35,3.35,5.00,,,,,2.00,1.60,1.40,0.00,,,,,,,,,,,,,,,,,,,,,,,,,,,,,1.35,1.20,0.80,0.00,,,,,,,,,,,,,,,,,,,,,,,,,,,,,,,,,,,,,,,,,,,,,,,,,,,,,,,,,,,,
Tự học võ tại nhà Taekwondo #5 - Learn Taekwondo At Home - Taekwondo 태권도 - VinKungfu.mp4,Đá sau (trái),back,5,497.17,498.80,498.00,chân trái,1,8.65,3.65,5.00,,,,,2.00,1.60,1.40,0.00,,,,,,,,,,,,,,,,,,,,,,,,,,,,,1.60,1.20,0.80,0.05,,,,,,,,,,,,,,,,,,,,,,,,,,,,,,,,,,,,,,,,,,,,,,,,,,,,,,,,,,,,
Tự học võ tại nhà Taekwondo #5 - Learn Taekwondo At Home - Taekwondo 태권도 - VinKungfu.mp4,Đá sau (trái),back,6,498.93,500.90,499.97,chân trái,1,8.70,3.70,5.00,,,,,2.00,1.60,1.40,0.00,,,,,,,,,,,,,,,,,,,,,,,,,,,,,1.60,1.20,0.80,0.10,,,,,,,,,,,,,,,,,,,,,,,,,,,,,,,,,,,,,,,,,,,,,,,,,,,,,,,,,,,,
Tự học võ tại nhà Taekwondo #5 - Learn Taekwondo At Home - Taekwondo 태권도 - VinKungfu.mp4,Đá sau (trái),back,7,500.90,502.23,501.63,chân trái,1,8.43,3.43,5.00,,,,,2.00,1.60,1.40,0.00,,,,,,,,,,,,,,,,,,,,,,,,,,,,,1.43,1.20,0.80,0.00,,,,,,,,,,,,,,,,,,,,,,,,,,,,,,,,,,,,,,,,,,,,,,,,,,,,,,,,,,,,
Tự học võ tại nhà Taekwondo #5 - Learn Taekwondo At Home - Taekwondo 태권도 - VinKungfu.mp4,Đá sau (trái),back,8,503.53,505.33,504.60,chân trái,1,8.41,3.41,5.00,,,,,2.00,1.60,1.40,0.00,,,,,,,,,,,,,,,,,,,,,,,,,,,,,1.32,1.20,0.80,0.09,,,,,,,,,,,,,,,,,,,,,,,,,,,,,,,,,,,,,,,,,,,,,,,,,,,,,,,,,,,,
Tự học võ tại nhà Taekwondo #5 - Learn Taekwondo At Home - Taekwondo 태권도 - VinKungfu.mp4,Đá sau (trái),back,9,505.33,506.67,505.90,chân trái,1,8.70,3.70,5.00,,,,,2.00,1.60,1.40,0.00,,,,,,,,,,,,,,,,,,,,,,,,,,,,,1.56,1.20,0.80,0.14,,,,,,,,,,,,,,,,,,,,,,,,,,,,,,,,,,,,,,,,,,,,,,,,,,,,,,,,,,,,
Tự học võ tại nhà Taekwondo #5 - Learn Taekwondo At Home - Taekwondo 태권도 - VinKungfu.mp4,Đá sau (trái),back,10,506.67,508.43,507.43,chân trái,1,8.65,3.65,5.00,,,,,2.00,1.60,1.40,0.00,,,,,,,,,,,,,,,,,,,,,,,,,,,,,1.51,1.20,0.80,0.14,,,,,,,,,,,,,,,,,,,,,,,,,,,,,,,,,,,,,,,,,,,,,,,,,,,,,,,,,,,,
Tự học võ tại nhà Taekwondo #5 - Learn Taekwondo At Home - Taekwondo 태권도 - VinKungfu.mp4,Đá sau (trái),back,11,508.43,510.17,509.13,chân trái,1,8.45,3.45,5.00,,,,,2.00,1.60,1.40,0.00,,,,,,,,,,,,,,,,,,,,,,,,,,,,,1.31,1.20,0.80,0.14,,,,,,,,,,,,,,,,,,,,,,,,,,,,,,,,,,,,,,,,,,,,,,,,,,,,,,,,,,,,
Tự học võ tại nhà Taekwondo #5 - Learn Taekwondo At Home - Taekwondo 태권도 - VinKungfu.mp4,Đá sau (trái),back,12,510.17,511.77,510.90,chân trái,1,8.74,3.74,5.00,,,,,2.00,1.60,1.40,0.00,,,,,,,,,,,,,,,,,,,,,,,,,,,,,1.60,1.20,0.80,0.14,,,,,,,,,,,,,,,,,,,,,,,,,,,,,,,,,,,,,,,,,,,,,,,,,,,,,,,,,,,,
Tự học võ tại nhà Taekwondo #5 - Learn Taekwondo At Home - Taekwondo 태권도 - VinKungfu.mp4,Đá sau (trái),back,13,511.77,513.20,512.47,chân trái,1,8.64,3.64,5.00,,,,,2.00,1.60,1.40,0.00,,,,,,,,,,,,,,,,,,,,,,,,,,,,,1.50,1.20,0.80,0.14,,,,,,,,,,,,,,,,,,,,,,,,,,,,,,,,,,,,,,,,,,,,,,,,,,,,,,,,,,,,
Tự học võ tại nhà Taekwondo #5 - Learn Taekwondo At Home - Taekwondo 태권도 - VinKungfu.mp4,Đá sau (trái),back,14,513.20,514.97,514.20,chân trái,1,7.78,2.78,5.00,,,,,2.00,1.60,1.40,0.00,,,,,,,,,,,,,,,,,,,,,,,,,,,,,0.64,1.20,0.80,0.14,,,,,,,,,,,,,,,,,,,,,,,,,,,,,,,,,,,,,,,,,,,,,,,,,,,,,,,,,,,,
Tự học võ tại nhà Taekwondo #5 - Learn Taekwondo At Home - Taekwondo 태권도 - VinKungfu.mp4,Nhảy hất chân (trái),front,1,206.83,208.93,206.93,chân trái,1,4.70,1.10,3.60,,,,,2.00,1.60,0.00,0.00,,,,,,,,,0.47,0.52,0.00,0.12,,,,,,,,,,,,,,,,,,,,,,,,,,,,,,,,,,,,,,,,,,,,,,,,,,,,,,,,,,,,,,,,,,,,,,,,,,,,,,,,
Tự học võ tại nhà Taekwondo #5 - Learn Taekwondo At Home - Taekwondo 태권도 - VinKungfu.mp4,Nhảy hất chân (trái),front,2,208.93,209.73,209.67,chân trái,1,5.10,1.50,3.60,,,,,2.00,1.60,0.00,0.00,,,,,,,,,0.96,0.54,0.00,0.00,,,,,,,,,,,,,,,,,,,,,,,,,,,,,,,,,,,,,,,,,,,,,,,,,,,,,,,,,,,,,,,,,,,,,,,,,,,,,,,,
Tự học võ tại nhà Taekwondo #5 - Learn Taekwondo At Home - Taekwondo 태권도 - VinKungfu.mp4,Nhảy hất chân (trái),front,3,209.83,211.20,211.13,chân trái,1,4.14,0.54,3.60,,,,,2.00,1.60,0.00,0.00,,,,,,,,,0.00,0.54,0.00,0.00,,,,,,,,,,,,,,,,,,,,,,,,,,,,,,,,,,,,,,,,,,,,,,,,,,,,,,,,,,,,,,,,,,,,,,,,,,,,,,,,
Tự học võ tại nhà Taekwondo #5 - Learn Taekwondo At Home - Taekwondo 태권도 - VinKungfu.mp4,Nhảy hất chân (trái),front,4,211.33,212.67,212.63,chân trái,1,4.19,0.56,3.63,,,,,2.00,1.60,0.03,0.00,,,,,,,,,0.00,0.56,0.00,0.00,,,,,,,,,,,,,,,,,,,,,,,,,,,,,,,,,,,,,,,,,,,,,,,,,,,,,,,,,,,,,,,,,,,,,,,,,,,,,,,,
Tự học võ tại nhà Taekwondo #5 - Learn Taekwondo At Home - Taekwondo 태권도 - VinKungfu.mp4,Nhảy hất chân (trái),front,5,212.80,214.87,213.33,chân trái,1,4.53,0.67,3.87,,,,,2.00,1.60,0.27,0.00,,,,,,,,,0.00,0.67,0.00,0.00,,,,,,,,,,,,,,,,,,,,,,,,,,,,,,,,,,,,,,,,,,,,,,,,,,,,,,,,,,,,,,,,,,,,,,,,,,,,,,,,
Tự học võ tại nhà Taekwondo #5 - Learn Taekwondo At Home - Taekwondo 태권도 - VinKungfu.mp4,Nhảy hất chân (trái),front,6,214.87,215.63,215.57,chân trái,1,5.06,1.46,3.60,,,,,2.00,1.60,0.00,0.00,,,,,,,,,0.92,0.54,0.00,0.00,,,,,,,,,,,,,,,,,,,,,,,,,,,,,,,,,,,,,,,,,,,,,,,,,,,,,,,,,,,,,,,,,,,,,,,,,,,,,,,,
Tự học võ tại nhà Taekwondo #5 - Learn Taekwondo At Home - Taekwondo 태권도 - VinKungfu.mp4,Nhảy hất chân (trái),front,7,215.73,217.80,216.67,chân trái,1,7.16,2.16,5.00,,,,,2.00,1.60,1.40,0.00,,,,,,,,,0.96,1.20,0.00,0.00,,,,,,,,,,,,,,,,,,,,,,,,,,,,,,,,,,,,,,,,,,,,,,,,,,,,,,,,,,,,,,,,,,,,,,,,,,,,,,,,
Tự học võ tại nhà Taekwondo #5 - Learn Taekwondo At Home - Taekwondo 태권도 - VinKungfu.mp4,Nhảy hất chân (trái),front,8,217.80,218.50,218.17,chân phải,1,6.54,2.94,3.60,,,,,2.00,1.60,0.00,0.00,,,,,,,,,1.60,0.54,0.80,0.00,,,,,,,,,,,,,,,,,,,,,,,,,,,,,,,,,,,,,,,,,,,,,,,,,,,,,,,,,,,,,,,,,,,,,,,,,,,,,,,,
Tự học võ tại nhà Taekwondo #5 - Learn Taekwondo At Home - Taekwondo 태권도 - VinKungfu.mp4,Nhảy hất chân (trái),front,9,218.50,219.27,218.90,chân trái,1,8.56,3.56,5.00,,,,,2.00,1.60,1.40,0.00,,,,,,,,,1.56,1.20,0.80,0.00,,,,,,,,,,,,,,,,,,,,,,,,,,,,,,,,,,,,,,,,,,,,,,,,,,,,,,,,,,,,,,,,,,,,,,,,,,,,,,,,
Tự học võ tại nhà Taekwondo #5 - Learn Taekwondo At Home - Taekwondo 태권도 - VinKungfu.mp4,Nhảy hất chân (trái),front,10,219.27,220.73,219.53,chân phải,1,7.66,2.66,5.00,,,,,2.00,1.60,1.40,0.00,,,,,,,,,1.46,1.20,0.00,0.00,,,,,,,,,,,,,,,,,,,,,,,,,,,,,,,,,,,,,,,,,,,,,,,,,,,,,,,,,,,,,,,,,,,,,,,,,,,,,,,,
Tự học võ tại nhà Taekwondo #5 - Learn Taekwondo At Home - Taekwondo 태권도 - VinKungfu.mp4,Nhảy hất chân (trái),front,11,220.73,222.33,221.17,chân trái,1,8.60,3.60,5.00,,,,,2.00,1.60,1.40,0.00,,,,,,,,,1.60,1.20,0.80,0.00,,,,,,,,,,,,,,,,,,,,,,,,,,,,,,,,,,,,,,,,,,,,,,,,,,,,,,,,,,,,,,,,,,,,,,,,,,,,,,,,
Tự học võ tại nhà Taekwondo #5 - Learn Taekwondo At Home - Taekwondo 태권도 - VinKungfu.mp4,Nhảy hất chân (trái),front,12,222.93,224.43,223.33,chân trái,1,8.60,3.60,5.00,,,,,2.00,1.60,1.40,0.00,,,,,,,,,1.60,1.20,0.80,0.00,,,,,,,,,,,,,,,,,,,,,,,,,,,,,,,,,,,,,,,,,,,,,,,,,,,,,,,,,,,,,,,,,,,,,,,,,,,,,,,,
Tự học võ tại nhà Taekwondo #5 - Learn Taekwondo At Home - Taekwondo 태권도 - VinKungfu.mp4,Nhảy hất chân (trái),front,13,224.43,225.20,224.80,chân trái,1,8.20,3.20,5.00,,,,,2.00,1.60,1.40,0.00,,,,,,,,,1.20,1.20,0.80,0.00,,,,,,,,,,,,,,,,,,,,,,,,,,,,,,,,,,,,,,,,,,,,,,,,,,,,,,,,,,,,,,,,,,,,,,,,,,,,,,,,
Tự học võ tại nhà Taekwondo #5 - Learn Taekwondo At Home - Taekwondo 태권도 - VinKungfu.mp4,Nhảy hất chân (trái),front,14,225.30,227.37,227.03,chân trái,1,7.16,2.16,5.00,,,,,2.00,1.60,1.40,0.00,,,,,,,,,0.96,1.20,0.00,0.00,,,,,,,,,,,,,,,,,,,,,,,,,,,,,,,,,,,,,,,,,,,,,,,,,,,,,,,,,,,,,,,,,,,,,,,,,,,,,,,,
Tự học võ tại nhà Taekwondo #5 - Learn Taekwondo At Home - Taekwondo 태권도 - VinKungfu.mp4,Nhảy hất chân (trái),front,15,227.37,228.97,227.73,chân trái,1,8.45,3.45,5.00,,,,,2.00,1.60,1.40,0.00,,,,,,,,,1.60,1.20,0.65,0.00,,,,,,,,,,,,,,,,,,,,,,,,,,,,,,,,,,,,,,,,,,,,,,,,,,,,,,,,,,,,,,,,,,,,,,,,,,,,,,,,
Tự học võ tại nhà Taekwondo #5 - Learn Taekwondo At Home - Taekwondo 태권도 - VinKungfu.mp4,Nhảy hất chân (trái),front,16,229.50,230.97,230.50,chân trái,1,7.19,2.19,5.00,,,,,2.00,1.60,1.40,0.00,,,,,,,,,0.96,1.20,0.03,0.00,,,,,,,,,,,,,,,,,,,,,,,,,,,,,,,,,,,,,,,,,,,,,,,,,,,,,,,,,,,,,,,,,,,,,,,,,,,,,,,,
Tự học võ tại nhà Taekwondo #5 - Learn Taekwondo At Home - Taekwondo 태권도 - VinKungfu.mp4,Nhảy hất chân (trái),front,1,536.37,538.57,536.47,chân trái,1,4.35,0.75,3.60,,,,,2.00,1.60,0.00,0.00,,,,,,,,,0.03,0.54,0.12,0.06,,,,,,,,,,,,,,,,,,,,,,,,,,,,,,,,,,,,,,,,,,,,,,,,,,,,,,,,,,,,,,,,,,,,,,,,,,,,,,,,
Tự học võ tại nhà Taekwondo #5 - Learn Taekwondo At Home - Taekwondo 태권도 - VinKungfu.mp4,Nhảy hất chân (trái),front,2,539.27,540.83,540.67,chân trái,1,4.91,1.31,3.60,,,,,2.00,1.60,0.00,0.00,,,,,,,,,0.77,0.54,0.00,0.00,,,,,,,,,,,,,,,,,,,,,,,,,,,,,,,,,,,,,,,,,,,,,,,,,,,,,,,,,,,,,,,,,,,,,,,,,,,,,,,,
Tự học võ tại nhà Taekwondo #5 - Learn Taekwondo At Home - Taekwondo 태권도 - VinKungfu.mp4,Nhảy hất chân (trái),front,3,541.43,542.20,542.17,chân trái,1,4.74,1.10,3.64,,,,,2.00,1.60,0.04,0.00,,,,,,,,,0.49,0.56,0.00,0.05,,,,,,,,,,,,,,,,,,,,,,,,,,,,,,,,,,,,,,,,,,,,,,,,,,,,,,,,,,,,,,,,,,,,,,,,,,,,,,,,
Tự học võ tại nhà Taekwondo #5 - Learn Taekwondo At Home - Taekwondo 태권도 - VinKungfu.mp4,Nhảy hất chân (trái),front,4,542.33,544.40,542.87,chân trái,1,4.75,0.73,4.01,,,,,2.00,1.60,0.41,0.00,,,,,,,,,0.00,0.73,0.00,0.00,,,,,,,,,,,,,,,,,,,,,,,,,,,,,,,,,,,,,,,,,,,,,,,,,,,,,,,,,,,,,,,,,,,,,,,,,,,,,,,,
Tự học võ tại nhà Taekwondo #5 - Learn Taekwondo At Home - Taekwondo 태권도 - VinKungfu.mp4,Nhảy hất chân (trái),front,5,544.40,545.13,545.10,chân trái,1,5.10,1.50,3.60,,,,,2.00,1.60,0.00,0.00,,,,,,,,,0.96,0.52,0.00,0.01,,,,,,,,,,,,,,,,,,,,,,,,,,,,,,,,,,,,,,,,,,,,,,,,,,,,,,,,,,,,,,,,,,,,,,,,,,,,,,,,
Tự học võ tại nhà Taekwondo #5 - Learn Taekwondo At Home - Taekwondo 태권도 - VinKungfu.mp4,Nhảy hất chân (trái),front,6,545.27,547.33,546.20,chân trái,1,7.70,2.70,5.00,,,,,2.00,1.60,1.40,0.00,,,,,,,,,1.50,1.20,0.00,0.00,,,,,,,,,,,,,,,,,,,,,,,,,,,,,,,,,,,,,,,,,,,,,,,,,,,,,,,,,,,,,,,,,,,,,,,,,,,,,,,,
Tự học võ tại nhà Taekwondo #5 - Learn Taekwondo At Home - Taekwondo 태권도 - VinKungfu.mp4,Nhảy hất chân (trái),front,7,547.37,548.80,547.67,chân trái,1,8.60,3.60,5.00,,,,,2.00,1.60,1.40,0.00,,,,,,,,,1.60,1.20,0.80,0.00,,,,,,,,,,,,,,,,,,,,,,,,,,,,,,,,,,,,,,,,,,,,,,,,,,,,,,,,,,,,,,,,,,,,,,,,,,,,,,,,
Tự học võ tại nhà Taekwondo #5 - Learn Taekwondo At Home - Taekwondo 태권도 - VinKungfu.mp4,Nhảy hất chân (trái),front,8,548.80,550.27,549.90,chân phải,1,8.58,3.58,5.00,,,,,2.00,1.60,1.40,0.00,,,,,,,,,1.58,1.20,0.80,0.00,,,,,,,,,,,,,,,,,,,,,,,,,,,,,,,,,,,,,,,,,,,,,,,,,,,,,,,,,,,,,,,,,,,,,,,,,,,,,,,,
Tự học võ tại nhà Taekwondo #5 - Learn Taekwondo At Home - Taekwondo 태권도 - VinKungfu.mp4,Nhảy hất chân (trái),front,9,550.27,551.70,550.70,chân trái,1,8.60,3.60,5.00,,,,,2.00,1.60,1.40,0.00,,,,,,,,,1.60,1.20,0.80,0.00,,,,,,,,,,,,,,,,,,,,,,,,,,,,,,,,,,,,,,,,,,,,,,,,,,,,,,,,,,,,,,,,,,,,,,,,,,,,,,,,
Tự học võ tại nhà Taekwondo #5 - Learn Taekwondo At Home - Taekwondo 태권도 - VinKungfu.mp4,Nhảy hất chân (trái),front,10,551.70,553.33,552.87,chân trái,1,8.59,3.59,5.00,,,,,2.00,1.60,1.40,0.00,,,,,,,,,1.59,1.20,0.80,0.00,,,,,,,,,,,,,,,,,,,,,,,,,,,,,,,,,,,,,,,,,,,,,,,,,,,,,,,,,,,,,,,,,,,,,,,,,,,,,,,,
Tự học võ tại nhà Taekwondo #5 - Learn Taekwondo At Home - Taekwondo 태권도 - VinKungfu.mp4,Nhảy hất chân (trái),front,11,553.97,554.73,554.33,chân trái,1,8.18,3.18,5.00,,,,,2.00,1.60,1.40,0.00,,,,,,,,,1.18,1.20,0.80,0.00,,,,,,,,,,,,,,,,,,,,,,,,,,,,,,,,,,,,,,,,,,,,,,,,,,,,,,,,,,,,,,,,,,,,,,,,,,,,,,,,
Tự học võ tại nhà Taekwondo #5 - Learn Taekwondo At Home - Taekwondo 태권도 - VinKungfu.mp4,Nhảy hất chân (trái),front,12,554.83,556.90,555.67,chân phải,1,7.55,2.55,5.00,,,,,2.00,1.60,1.40,0.00,,,,,,,,,1.35,1.20,0.00,0.00,,,,,,,,,,,,,,,,,,,,,,,,,,,,,,,,,,,,,,,,,,,,,,,,,,,,,,,,,,,,,,,,,,,,,,,,,,,,,,,,
Tự học võ tại nhà Taekwondo #5 - Learn Taekwondo At Home - Taekwondo 태권도 - VinKungfu.mp4,Nhảy hất chân (trái),front,13,556.90,558.50,557.27,chân trái,1,8.44,3.44,5.00,,,,,2.00,1.60,1.40,0.00,,,,,,,,,1.60,1.20,0.64,0.00,,,,,,,,,,,,,,,,,,,,,,,,,,,,,,,,,,,,,,,,,,,,,,,,,,,,,,,,,,,,,,,,,,,,,,,,,,,,,,,,
Tự học võ tại nhà Taekwondo #5 - Learn Taekwondo At Home - Taekwondo 태권도 - VinKungfu.mp4,Nhảy hất chân (trái),front,14,558.53,559.60,559.23,chân trái,1,8.53,3.53,5.00,,,,,2.00,1.60,1.40,0.00,,,,,,,,,1.53,1.20,0.80,0.00,,,,,,,,,,,,,,,,,,,,,,,,,,,,,,,,,,,,,,,,,,,,,,,,,,,,,,,,,,,,,,,,,,,,,,,,,,,,,,,,
Tự học võ tại nhà Taekwondo #5 - Learn Taekwondo At Home - Taekwondo 태권도 - VinKungfu.mp4,Nhảy hất chân (trái),front,15,559.73,560.97,560.67,chân phải,1,6.20,1.20,5.00,,,,,2.00,1.60,1.40,0.00,,,,,,,,,0.00,1.20,0.00,0.00,,,,,,,,,,,,,,,,,,,,,,,,,,,,,,,,,,,,,,,,,,,,,,,,,,,,,,,,,,,,,,,,,,,,,,,,,,,,,,,,
Tự học võ tại nhà Taekwondo #5 - Learn Taekwondo At Home - Taekwondo 태권도 - VinKungfu.mp4,Đá ức chân (trái),push,1,338.00,339.73,339.47,chân trái,1,4.89,0.54,4.35,,,,,2.00,1.60,0.75,0.00,,,,,,,,,,,,,,,,,,,,,,,,,,,,,,,,,,,,,,,,,0.00,0.54,0.00,0.00,,,,,,,,,,,,,,,,,,,,,,,,,,,,,,,,,,,,,,,,,,,,,,,,
Tự học võ tại nhà Taekwondo #5 - Learn Taekwondo At Home - Taekwondo 태권도 - VinKungfu.mp4,Đá ức chân (trái),push,2,339.73,341.07,339.77,chân trái,1,5.52,1.04,4.49,,,,,2.00,1.60,0.89,0.00,,,,,,,,,,,,,,,,,,,,,,,,,,,,,,,,,,,,,,,,,0.36,0.54,0.00,0.14,,,,,,,,,,,,,,,,,,,,,,,,,,,,,,,,,,,,,,,,,,,,,,,,
Tự học võ tại nhà Taekwondo #5 - Learn Taekwondo At Home - Taekwondo 태권도 - VinKungfu.mp4,Đá ức chân (trái),push,3,341.07,342.67,341.13,chân trái,1,4.25,0.65,3.60,,,,,2.00,1.60,0.00,0.00,,,,,,,,,,,,,,,,,,,,,,,,,,,,,,,,,,,,,,,,,0.00,0.53,0.00,0.12,,,,,,,,,,,,,,,,,,,,,,,,,,,,,,,,,,,,,,,,,,,,,,,,
Tự học võ tại nhà Taekwondo #5 - Learn Taekwondo At Home - Taekwondo 태권도 - VinKungfu.mp4,Đá ức chân (trái),push,4,342.67,344.10,343.83,chân trái,1,5.15,1.07,4.08,,,,,2.00,1.60,0.48,0.00,,,,,,,,,,,,,,,,,,,,,,,,,,,,,,,,,,,,,,,,,0.53,0.54,0.00,0.00,,,,,,,,,,,,,,,,,,,,,,,,,,,,,,,,,,,,,,,,,,,,,,,,
Tự học võ tại nhà Taekwondo #5 - Learn Taekwondo At Home - Taekwondo 태권도 - VinKungfu.mp4,Đá ức chân (trái),push,5,344.10,345.67,344.60,chân trái,1,7.27,2.27,5.00,,,,,2.00,1.60,1.40,0.00,,,,,,,,,,,,,,,,,,,,,,,,,,,,,,,,,,,,,,,,,0.96,0.54,0.77,0.00,,,,,,,,,,,,,,,,,,,,,,,,,,,,,,,,,,,,,,,,,,,,,,,,
Tự học võ tại nhà Taekwondo #5 - Learn Taekwondo At Home - Taekwondo 태권도 - VinKungfu.mp4,Đá ức chân (trái),push,6,345.67,347.13,346.00,chân phải,1,6.39,1.39,5.00,,,,,2.00,1.60,1.40,0.00,,,,,,,,,,,,,,,,,,,,,,,,,,,,,,,,,,,,,,,,,0.96,0.43,0.00,0.00,,,,,,,,,,,,,,,,,,,,,,,,,,,,,,,,,,,,,,,,,,,,,,,,
Tự học võ tại nhà Taekwondo #5 - Learn Taekwondo At Home - Taekwondo 태권도 - VinKungfu.mp4,Đá ức chân (trái),push,7,347.13,348.90,347.83,chân trái,1,7.70,2.70,5.00,,,,,2.00,1.60,1.40,0.00,,,,,,,,,,,,,,,,,,,,,,,,,,,,,,,,,,,,,,,,,1.60,0.46,0.51,0.14,,,,,,,,,,,,,,,,,,,,,,,,,,,,,,,,,,,,,,,,,,,,,,,,
Tự học võ tại nhà Taekwondo #5 - Learn Taekwondo At Home - Taekwondo 태권도 - VinKungfu.mp4,Đá ức chân (trái),push,8,348.90,350.60,349.47,chân trái,1,8.03,3.03,5.00,,,,,2.00,1.60,1.40,0.00,,,,,,,,,,,,,,,,,,,,,,,,,,,,,,,,,,,,,,,,,1.55,0.54,0.80,0.14,,,,,,,,,,,,,,,,,,,,,,,,,,,,,,,,,,,,,,,,,,,,,,,,
Tự học võ tại nhà Taekwondo #5 - Learn Taekwondo At Home - Taekwondo 태권도 - VinKungfu.mp4,Đá ức chân (trái),push,9,350.60,352.13,351.27,chân trái,1,7.44,2.44,5.00,,,,,2.00,1.60,1.40,0.00,,,,,,,,,,,,,,,,,,,,,,,,,,,,,,,,,,,,,,,,,0.96,0.54,0.80,0.14,,,,,,,,,,,,,,,,,,,,,,,,,,,,,,,,,,,,,,,,,,,,,,,,
Tự học võ tại nhà Taekwondo #5 - Learn Taekwondo At Home - Taekwondo 태권도 - VinKungfu.mp4,Đá ức chân (trái),push,10,352.13,353.83,352.80,chân phải,1,7.91,2.91,5.00,,,,,2.00,1.60,1.40,0.00,,,,,,,,,,,,,,,,,,,,,,,,,,,,,,,,,,,,,,,,,1.60,0.51,0.80,0.00,,,,,,,,,,,,,,,,,,,,,,,,,,,,,,,,,,,,,,,,,,,,,,,,
Tự học võ tại nhà Taekwondo #5 - Learn Taekwondo At Home - Taekwondo 태권도 - VinKungfu.mp4,Đá ức chân (trái),push,11,354.30,356.27,355.17,chân trái,1,7.94,2.94,5.00,,,,,2.00,1.60,1.40,0.00,,,,,,,,,,,,,,,,,,,,,,,,,,,,,,,,,,,,,,,,,1.60,0.54,0.80,0.00,,,,,,,,,,,,,,,,,,,,,,,,,,,,,,,,,,,,,,,,,,,,,,,,
Tự học võ tại nhà Taekwondo #5 - Learn Taekwondo At Home - Taekwondo 태권도 - VinKungfu.mp4,Đá ức chân (trái),push,12,356.27,357.87,356.87,chân trái,1,7.57,2.57,5.00,,,,,2.00,1.60,1.40,0.00,,,,,,,,,,,,,,,,,,,,,,,,,,,,,,,,,,,,,,,,,1.09,0.54,0.80,0.14,,,,,,,,,,,,,,,,,,,,,,,,,,,,,,,,,,,,,,,,,,,,,,,,
Tự học võ tại nhà Taekwondo #5 - Learn Taekwondo At Home - Taekwondo 태권도 - VinKungfu.mp4,Đá ức chân (trái),push,13,357.87,359.40,358.63,chân trái,1,7.93,2.93,5.00,,,,,2.00,1.60,1.40,0.00,,,,,,,,,,,,,,,,,,,,,,,,,,,,,,,,,,,,,,,,,1.53,0.46,0.80,0.14,,,,,,,,,,,,,,,,,,,,,,,,,,,,,,,,,,,,,,,,,,,,,,,,
Tự học võ tại nhà Taekwondo #5 - Learn Taekwondo At Home - Taekwondo 태권도 - VinKungfu.mp4,Đá ức chân (trái),push,14,359.40,361.13,360.93,chân trái,1,4.65,1.05,3.60,,,,,2.00,1.60,0.00,0.00,,,,,,,,,,,,,,,,,,,,,,,,,,,,,,,,,,,,,,,,,0.37,0.54,0.00,0.14,,,,,,,,,,,,,,,,,,,,,,,,,,,,,,,,,,,,,,,,,,,,,,,,
Tự học võ tại nhà Taekwondo #5 - Learn Taekwondo At Home - Taekwondo 태권도 - VinKungfu.mp4,Đá ức chân (trái),push,15,361.13,362.87,362.67,chân trái,1,4.78,0.54,4.24,,,,,2.00,1.60,0.64,0.00,,,,,,,,,,,,,,,,,,,,,,,,,,,,,,,,,,,,,,,,,0.00,0.54,0.00,0.00,,,,,,,,,,,,,,,,,,,,,,,,,,,,,,,,,,,,,,,,,,,,,,,,
Tự học võ tại nhà Taekwondo #5 - Learn Taekwondo At Home - Taekwondo 태권도 - VinKungfu.mp4,Đá ức chân (trái),push,16,362.87,364.80,363.30,chân phải,1,6.32,1.32,5.00,,,,,2.00,1.60,1.40,0.00,,,,,,,,,,,,,,,,,,,,,,,,,,,,,,,,,,,,,,,,,0.96,0.36,0.00,0.00,,,,,,,,,,,,,,,,,,,,,,,,,,,,,,,,,,,,,,,,,,,,,,,,
Tự học võ tại nhà Taekwondo #5 - Learn Taekwondo At Home - Taekwondo 태권도 - VinKungfu.mp4,Đá ức chân (trái),push,1,668.00,669.27,669.00,chân trái,1,5.77,1.12,4.66,,,,,2.00,1.60,1.06,0.00,,,,,,,,,,,,,,,,,,,,,,,,,,,,,,,,,,,,,,,,,0.46,0.54,0.00,0.12,,,,,,,,,,,,,,,,,,,,,,,,,,,,,,,,,,,,,,,,,,,,,,,,
Tự học võ tại nhà Taekwondo #5 - Learn Taekwondo At Home - Taekwondo 태권도 - VinKungfu.mp4,Đá ức chân (trái),push,2,669.27,670.63,669.30,chân trái,1,5.27,1.05,4.22,,,,,2.00,1.60,0.62,0.00,,,,,,,,,,,,,,,,,,,,,,,,,,,,,,,,,,,,,,,,,0.37,0.54,0.00,0.14,,,,,,,,,,,,,,,,,,,,,,,,,,,,,,,,,,,,,,,,,,,,,,,,
Tự học võ tại nhà Taekwondo #5 - Learn Taekwondo At Home - Taekwondo 태권도 - VinKungfu.mp4,Đá ức chân (trái),push,3,670.63,672.23,670.67,chân trái,1,4.54,0.94,3.60,,,,,2.00,1.60,0.00,0.00,,,,,,,,,,,,,,,,,,,,,,,,,,,,,,,,,,,,,,,,,0.27,0.53,0.00,0.14,,,,,,,,,,,,,,,,,,,,,,,,,,,,,,,,,,,,,,,,,,,,,,,,
Tự học võ tại nhà Taekwondo #5 - Learn Taekwondo At Home - Taekwondo 태권도 - VinKungfu.mp4,Đá ức chân (trái),push,4,672.23,673.67,673.37,chân trái,1,5.08,1.14,3.95,,,,,2.00,1.60,0.35,0.00,,,,,,,,,,,,,,,,,,,,,,,,,,,,,,,,,,,,,,,,,0.56,0.54,0.00,0.04,,,,,,,,,,,,,,,,,,,,,,,,,,,,,,,,,,,,,,,,,,,,,,,,
Tự học võ tại nhà Taekwondo #5 - Learn Taekwondo At Home - Taekwondo 태권도 - VinKungfu.mp4,Đá ức chân (trái),push,5,673.67,675.20,674.13,chân trái,1,7.76,2.76,5.00,,,,,2.00,1.60,1.40,0.00,,,,,,,,,,,,,,,,,,,,,,,,,,,,,,,,,,,,,,,,,1.60,0.25,0.77,0.14,,,,,,,,,,,,,,,,,,,,,,,,,,,,,,,,,,,,,,,,,,,,,,,,
Tự học võ tại nhà Taekwondo #5 - Learn Taekwondo At Home - Taekwondo 태권도 - VinKungfu.mp4,Đá ức chân (trái),push,6,675.20,676.67,675.53,chân phải,1,6.35,1.35,5.00,,,,,2.00,1.60,1.40,0.00,,,,,,,,,,,,,,,,,,,,,,,,,,,,,,,,,,,,,,,,,0.96,0.39,0.00,0.00,,,,,,,,,,,,,,,,,,,,,,,,,,,,,,,,,,,,,,,,,,,,,,,,
Tự học võ tại nhà Taekwondo #5 - Learn Taekwondo At Home - Taekwondo 태권도 - VinKungfu.mp4,Đá ức chân (trái),push,7,676.67,678.43,677.07,chân phải,1,6.65,1.65,5.00,,,,,2.00,1.60,1.40,0.00,,,,,,,,,,,,,,,,,,,,,,,,,,,,,,,,,,,,,,,,,1.19,0.46,0.00,0.00,,,,,,,,,,,,,,,,,,,,,,,,,,,,,,,,,,,,,,,,,,,,,,,,
Tự học võ tại nhà Taekwondo #5 - Learn Taekwondo At Home - Taekwondo 태권도 - VinKungfu.mp4,Đá ức chân (trái),push,8,678.43,680.13,679.00,chân trái,1,7.94,2.94,5.00,,,,,2.00,1.60,1.40,0.00,,,,,,,,,,,,,,,,,,,,,,,,,,,,,,,,,,,,,,,,,1.60,0.54,0.80,0.00,,,,,,,,,,,,,,,,,,,,,,,,,,,,,,,,,,,,,,,,,,,,,,,,
Tự học võ tại nhà Taekwondo #5 - Learn Taekwondo At Home - Taekwondo 태권도 - VinKungfu.mp4,Đá ức chân (trái),push,9,680.13,681.67,680.77,chân trái,1,7.94,2.94,5.00,,,,,2.00,1.60,1.40,0.00,,,,,,,,,,,,,,,,,,,,,,,,,,,,,,,,,,,,,,,,,1.60,0.54,0.80,0.00,,,,,,,,,,,,,,,,,,,,,,,,,,,,,,,,,,,,,,,,,,,,,,,,
Tự học võ tại nhà Taekwondo #5 - Learn Taekwondo At Home - Taekwondo 태권도 - VinKungfu.mp4,Đá ức chân (trái),push,10,681.67,683.40,682.30,chân phải,1,7.88,2.88,5.00,,,,,2.00,1.60,1.40,0.00,,,,,,,,,,,,,,,,,,,,,,,,,,,,,,,,,,,,,,,,,1.60,0.48,0.80,0.00,,,,,,,,,,,,,,,,,,,,,,,,,,,,,,,,,,,,,,,,,,,,,,,,
Tự học võ tại nhà Taekwondo #5 - Learn Taekwondo At Home - Taekwondo 태권도 - VinKungfu.mp4,Đá ức chân (trái),push,11,683.83,685.83,684.70,chân trái,1,7.94,2.94,5.00,,,,,2.00,1.60,1.40,0.00,,,,,,,,,,,,,,,,,,,,,,,,,,,,,,,,,,,,,,,,,1.60,0.54,0.80,0.00,,,,,,,,,,,,,,,,,,,,,,,,,,,,,,,,,,,,,,,,,,,,,,,,
Tự học võ tại nhà Taekwondo #5 - Learn Taekwondo At Home - Taekwondo 태권도 - VinKungfu.mp4,Đá ức chân (trái),push,12,685.83,687.40,686.40,chân trái,1,7.94,2.94,5.00,,,,,2.00,1.60,1.40,0.00,,,,,,,,,,,,,,,,,,,,,,,,,,,,,,,,,,,,,,,,,1.60,0.54,0.80,0.00,,,,,,,,,,,,,,,,,,,,,,,,,,,,,,,,,,,,,,,,,,,,,,,,
Tự học võ tại nhà Taekwondo #5 - Learn Taekwondo At Home - Taekwondo 태권도 - VinKungfu.mp4,Đá ức chân (trái),push,13,687.40,688.90,688.20,chân trái,1,7.93,2.93,5.00,,,,,2.00,1.60,1.40,0.00,,,,,,,,,,,,,,,,,,,,,,,,,,,,,,,,,,,,,,,,,1.60,0.54,0.79,0.00,,,,,,,,,,,,,,,,,,,,,,,,,,,,,,,,,,,,,,,,,,,,,,,,
Tự học võ tại nhà Taekwondo #5 - Learn Taekwondo At Home - Taekwondo 태권도 - VinKungfu.mp4,Đá ức chân (trái),push,14,688.90,690.70,690.47,chân trái,1,4.70,1.10,3.60,,,,,2.00,1.60,0.00,0.00,,,,,,,,,,,,,,,,,,,,,,,,,,,,,,,,,,,,,,,,,0.42,0.54,0.00,0.14,,,,,,,,,,,,,,,,,,,,,,,,,,,,,,,,,,,,,,,,,,,,,,,,
Tự học võ tại nhà Taekwondo #5 - Learn Taekwondo At Home - Taekwondo 태권도 - VinKungfu.mp4,Đá ức chân (trái),push,15,690.70,692.40,692.20,chân trái,1,4.85,0.54,4.31,,,,,2.00,1.60,0.71,0.00,,,,,,,,,,,,,,,,,,,,,,,,,,,,,,,,,,,,,,,,,0.00,0.54,0.00,0.00,,,,,,,,,,,,,,,,,,,,,,,,,,,,,,,,,,,,,,,,,,,,,,,,
Tự học võ tại nhà Taekwondo #5 - Learn Taekwondo At Home - Taekwondo 태권도 - VinKungfu.mp4,Đá ức chân (trái),push,16,692.40,693.77,692.87,chân phải,1,6.30,1.30,5.00,,,,,2.00,1.60,1.40,0.00,,,,,,,,,,,,,,,,,,,,,,,,,,,,,,,,,,,,,,,,,0.96,0.34,0.00,0.00,,,,,,,,,,,,,,,,,,,,,,,,,,,,,,,,,,,,,,,,,,,,,,,,
Tự học võ tại nhà Taekwondo #5 - Learn Taekwondo At Home - Taekwondo 태권도 - VinKungfu.mp4,Đá ức chân (trái),push,17,693.77,694.97,694.57,chân trái,1,7.37,2.37,5.00,,,,,2.00,1.60,1.40,0.00,,,,,,,,,,,,,,,,,,,,,,,,,,,,,,,,,,,,,,,,,1.60,0.54,0.23,0.00,,,,,,,,,,,,,,,,,,,,,,,,,,,,,,,,,,,,,,,,,,,,,,,,
Tự học võ tại nhà Taekwondo #6 - Learn Taekwondo At Home - Taekwondo 태권도 - VinKungfu.mp4,Đá vòng cầu (phải),roundhouse,1,188.00,189.83,188.60,chân phải,1,7.17,2.17,5.00,0.18,1.18,0.80,0.00,2.00,1.60,1.40,0.00,,,,,,,,,,,,,,,,,,,,,,,,,,,,,,,,,,,,,,,,,,,,,,,,,,,,,,,,,,,,,,,,,,,,,,,,,,,,,,,,,,,,,,,,,,,,
Tự học võ tại nhà Taekwondo #6 - Learn Taekwondo At Home - Taekwondo 태권도 - VinKungfu.mp4,Đá vòng cầu (phải),roundhouse,2,190.90,193.00,191.20,chân phải,1,6.81,1.81,5.00,0.12,1.20,0.33,0.16,2.00,1.60,1.40,0.00,,,,,,,,,,,,,,,,,,,,,,,,,,,,,,,,,,,,,,,,,,,,,,,,,,,,,,,,,,,,,,,,,,,,,,,,,,,,,,,,,,,,,,,,,,,,
Tự học võ tại nhà Taekwondo #6 - Learn Taekwondo At Home - Taekwondo 태권도 - VinKungfu.mp4,Đá vòng cầu (phải),roundhouse,3,193.30,195.00,193.53,chân phải,1,6.21,1.59,4.62,0.47,0.96,0.00,0.16,2.00,1.60,1.02,0.00,,,,,,,,,,,,,,,,,,,,,,,,,,,,,,,,,,,,,,,,,,,,,,,,,,,,,,,,,,,,,,,,,,,,,,,,,,,,,,,,,,,,,,,,,,,,
Tự học võ tại nhà Taekwondo #6 - Learn Taekwondo At Home - Taekwondo 태권도 - VinKungfu.mp4,Đá vòng cầu (phải),roundhouse,4,195.20,197.40,197.17,chân phải,1,6.37,1.37,5.00,0.01,1.20,0.00,0.16,2.00,1.60,1.40,0.00,,,,,,,,,,,,,,,,,,,,,,,,,,,,,,,,,,,,,,,,,,,,,,,,,,,,,,,,,,,,,,,,,,,,,,,,,,,,,,,,,,,,,,,,,,,,
Tự học võ tại nhà Taekwondo #6 - Learn Taekwondo At Home - Taekwondo 태권도 - VinKungfu.mp4,Đá vòng cầu (phải),roundhouse,5,198.80,201.00,199.70,chân phải,1,8.71,3.71,5.00,1.60,1.20,0.75,0.16,2.00,1.60,1.40,0.00,,,,,,,,,,,,,,,,,,,,,,,,,,,,,,,,,,,,,,,,,,,,,,,,,,,,,,,,,,,,,,,,,,,,,,,,,,,,,,,,,,,,,,,,,,,,
Tự học võ tại nhà Taekwondo #6 - Learn Taekwondo At Home - Taekwondo 태권도 - VinKungfu.mp4,Đá vòng cầu (phải),roundhouse,6,201.83,203.60,202.40,chân phải,1,8.60,3.60,5.00,1.60,1.20,0.80,0.00,2.00,1.60,1.40,0.00,,,,,,,,,,,,,,,,,,,,,,,,,,,,,,,,,,,,,,,,,,,,,,,,,,,,,,,,,,,,,,,,,,,,,,,,,,,,,,,,,,,,,,,,,,,,
Tự học võ tại nhà Taekwondo #6 - Learn Taekwondo At Home - Taekwondo 태권도 - VinKungfu.mp4,Đá vòng cầu (phải),roundhouse,7,203.90,206.10,204.80,chân phải,1,8.55,3.55,5.00,1.57,1.20,0.79,0.00,2.00,1.60,1.40,0.00,,,,,,,,,,,,,,,,,,,,,,,,,,,,,,,,,,,,,,,,,,,,,,,,,,,,,,,,,,,,,,,,,,,,,,,,,,,,,,,,,,,,,,,,,,,,
Tự học võ tại nhà Taekwondo #6 - Learn Taekwondo At Home - Taekwondo 태권도 - VinKungfu.mp4,Đá vòng cầu (phải),roundhouse,8,206.63,208.70,207.40,chân phải,1,8.10,3.10,5.00,1.55,1.20,0.19,0.16,2.00,1.60,1.40,0.00,,,,,,,,,,,,,,,,,,,,,,,,,,,,,,,,,,,,,,,,,,,,,,,,,,,,,,,,,,,,,,,,,,,,,,,,,,,,,,,,,,,,,,,,,,,,
Tự học võ tại nhà Taekwondo #6 - Learn Taekwondo At Home - Taekwondo 태권도 - VinKungfu.mp4,Đá vòng cầu (phải),roundhouse,9,209.30,211.50,210.20,chân phải,1,8.45,3.45,5.00,1.45,1.20,0.80,0.00,2.00,1.60,1.40,0.00,,,,,,,,,,,,,,,,,,,,,,,,,,,,,,,,,,,,,,,,,,,,,,,,,,,,,,,,,,,,,,,,,,,,,,,,,,,,,,,,,,,,,,,,,,,,
Tự học võ tại nhà Taekwondo #6 - Learn Taekwondo At Home - Taekwondo 태권도 - VinKungfu.mp4,Đá vòng cầu (phải),roundhouse,10,212.50,214.70,212.57,chân phải,1,6.49,1.49,5.00,0.45,0.88,0.00,0.16,2.00,1.60,1.40,0.00,,,,,,,,,,,,,,,,,,,,,,,,,,,,,,,,,,,,,,,,,,,,,,,,,,,,,,,,,,,,,,,,,,,,,,,,,,,,,,,,,,,,,,,,,,,,
Tự học võ tại nhà Taekwondo #6 - Learn Taekwondo At Home - Taekwondo 태권도 - VinKungfu.mp4,Đá vòng cầu (phải),roundhouse,1,517.07,519.27,518.03,chân phải,1,7.14,2.14,5.00,0.18,1.16,0.80,0.00,2.00,1.60,1.40,0.00,,,,,,,,,,,,,,,,,,,,,,,,,,,,,,,,,,,,,,,,,,,,,,,,,,,,,,,,,,,,,,,,,,,,,,,,,,,,,,,,,,,,,,,,,,,,
Tự học võ tại nhà Taekwondo #6 - Learn Taekwondo At Home - Taekwondo 태권도 - VinKungfu.mp4,Đá vòng cầu (phải),roundhouse,2,520.33,522.40,520.63,chân phải,1,6.80,1.80,5.00,0.13,1.20,0.31,0.16,2.00,1.60,1.40,0.00,,,,,,,,,,,,,,,,,,,,,,,,,,,,,,,,,,,,,,,,,,,,,,,,,,,,,,,,,,,,,,,,,,,,,,,,,,,,,,,,,,,,,,,,,,,,
Tự học võ tại nhà Taekwondo #6 - Learn Taekwondo At Home - Taekwondo 태권도 - VinKungfu.mp4,Đá vòng cầu (phải),roundhouse,3,522.40,523.13,522.97,chân phải,1,6.33,1.33,5.00,0.00,1.17,0.00,0.16,2.00,1.60,1.40,0.00,,,,,,,,,,,,,,,,,,,,,,,,,,,,,,,,,,,,,,,,,,,,,,,,,,,,,,,,,,,,,,,,,,,,,,,,,,,,,,,,,,,,,,,,,,,,
Tự học võ tại nhà Taekwondo #6 - Learn Taekwondo At Home - Taekwondo 태권도 - VinKungfu.mp4,Đá vòng cầu (phải),roundhouse,4,523.13,524.43,523.20,chân phải,1,6.01,1.47,4.54,0.48,0.99,0.00,0.00,2.00,1.60,0.94,0.00,,,,,,,,,,,,,,,,,,,,,,,,,,,,,,,,,,,,,,,,,,,,,,,,,,,,,,,,,,,,,,,,,,,,,,,,,,,,,,,,,,,,,,,,,,,,
Tự học võ tại nhà Taekwondo #6 - Learn Taekwondo At Home - Taekwondo 태권도 - VinKungfu.mp4,Đá vòng cầu (phải),roundhouse,5,524.63,526.83,526.13,chân phải,1,6.36,1.36,5.00,0.00,1.20,0.00,0.16,2.00,1.60,1.40,0.00,,,,,,,,,,,,,,,,,,,,,,,,,,,,,,,,,,,,,,,,,,,,,,,,,,,,,,,,,,,,,,,,,,,,,,,,,,,,,,,,,,,,,,,,,,,,
Tự học võ tại nhà Taekwondo #6 - Learn Taekwondo At Home - Taekwondo 태권도 - VinKungfu.mp4,Đá vòng cầu (phải),roundhouse,6,528.30,530.43,529.13,chân phải,1,8.67,3.67,5.00,1.55,1.20,0.75,0.16,2.00,1.60,1.40,0.00,,,,,,,,,,,,,,,,,,,,,,,,,,,,,,,,,,,,,,,,,,,,,,,,,,,,,,,,,,,,,,,,,,,,,,,,,,,,,,,,,,,,,,,,,,,,
Tự học võ tại nhà Taekwondo #6 - Learn Taekwondo At Home - Taekwondo 태권도 - VinKungfu.mp4,Đá vòng cầu (phải),roundhouse,7,531.27,533.03,531.83,chân phải,1,8.60,3.60,5.00,1.60,1.20,0.80,0.00,2.00,1.60,1.40,0.00,,,,,,,,,,,,,,,,,,,,,,,,,,,,,,,,,,,,,,,,,,,,,,,,,,,,,,,,,,,,,,,,,,,,,,,,,,,,,,,,,,,,,,,,,,,,
Tự học võ tại nhà Taekwondo #6 - Learn Taekwondo At Home - Taekwondo 태권도 - VinKungfu.mp4,Đá vòng cầu (phải),roundhouse,8,533.33,535.53,534.23,chân phải,1,8.55,3.55,5.00,1.56,1.20,0.79,0.00,2.00,1.60,1.40,0.00,,,,,,,,,,,,,,,,,,,,,,,,,,,,,,,,,,,,,,,,,,,,,,,,,,,,,,,,,,,,,,,,,,,,,,,,,,,,,,,,,,,,,,,,,,,,
Tự học võ tại nhà Taekwondo #6 - Learn Taekwondo At Home - Taekwondo 태권도 - VinKungfu.mp4,Đá vòng cầu (phải),roundhouse,9,536.00,538.13,536.83,chân phải,1,8.13,3.13,5.00,1.56,1.20,0.21,0.16,2.00,1.60,1.40,0.00,,,,,,,,,,,,,,,,,,,,,,,,,,,,,,,,,,,,,,,,,,,,,,,,,,,,,,,,,,,,,,,,,,,,,,,,,,,,,,,,,,,,,,,,,,,,
Tự học võ tại nhà Taekwondo #6 - Learn Taekwondo At Home - Taekwondo 태권도 - VinKungfu.mp4,Đá vòng cầu (phải),roundhouse,10,538.73,540.93,539.63,chân phải,1,8.03,3.03,5.00,1.03,1.20,0.80,0.00,2.00,1.60,1.40,0.00,,,,,,,,,,,,,,,,,,,,,,,,,,,,,,,,,,,,,,,,,,,,,,,,,,,,,,,,,,,,,,,,,,,,,,,,,,,,,,,,,,,,,,,,,,,,
Tự học võ tại nhà Taekwondo #6 - Learn Taekwondo At Home - Taekwondo 태권도 - VinKungfu.mp4,Đá vòng cầu (phải),roundhouse,11,541.87,542.97,542.03,chân phải,1,6.56,1.56,5.00,0.42,1.14,0.00,0.00,2.00,1.60,1.40,0.00,,,,,,,,,,,,,,,,,,,,,,,,,,,,,,,,,,,,,,,,,,,,,,,,,,,,,,,,,,,,,,,,,,,,,,,,,,,,,,,,,,,,,,,,,,,,
Tự học võ tại nhà Taekwondo #6 - Learn Taekwondo At Home - Taekwondo 태권도 - VinKungfu.mp4,Đấm trái – phải (thẳng),straight,1,232.00,233.37,,tay phải,0,,,,,,,,,,,,,,,,,,,,,,,,,,,,,,,,,,,,,,,,,,,,,,,,,,,,,,,,,,,,,,,,,,,,,,,,,,,,,,,,,,,,,,,,,,,,,,,,,,,,,,,"Không thấy một cú đấm trọn vẹn: video bắt đầu/kết thúc giữa động tác, không có cú đấm, hoặc góc quay (nghiêng hẳn/quay lưng) khiến không đo được tay. Nên quay chính diện hoặc chéo ~45°."
Tự học võ tại nhà Taekwondo #6 - Learn Taekwondo At Home - Taekwondo 태권도 - VinKungfu.mp4,Đấm trái – phải (thẳng),straight,2,232.93,234.73,234.57,tay phải,1,3.95,1.48,2.47,,,,,,,,,,,,,,,,,,,,,,,,0.40,0.90,0.63,0.68,0.26,,,,,,,,,,,,,,,,,,,,,,,,,0.00,0.78,,,,,,,,,,,,,,,,,,,,,,,,,,,,,,,,,,,,,,,,,,,,,,"Video kết thúc trước khi thu tay — hạng mục thu tay không tính, điểm Chính xác quy đổi theo tỉ lệ."
Tự học võ tại nhà Taekwondo #6 - Learn Taekwondo At Home - Taekwondo 태권도 - VinKungfu.mp4,Đấm trái – phải (thẳng),straight,3,233.80,235.60,235.60,tay phải,1,4.36,1.41,2.95,,,,,,,,,,,,,,,,,,,,,,,,0.40,1.75,0.25,0.93,0.02,,,,,,,,,,,,,,,,,,,,,,,,,0.00,0.73,,,,,,,,,,,,,,,,,,,,,,,,,,,,,,,,,,,,,,,,,,,,,,"Video kết thúc trước khi thu tay — hạng mục thu tay không tính, điểm Chính xác quy đổi theo tỉ lệ."
Tự học võ tại nhà Taekwondo #6 - Learn Taekwondo At Home - Taekwondo 태권도 - VinKungfu.mp4,Đấm trái – phải (thẳng),straight,4,234.47,236.27,,tay trái,0,,,,,,,,,,,,,,,,,,,,,,,,,,,,,,,,,,,,,,,,,,,,,,,,,,,,,,,,,,,,,,,,,,,,,,,,,,,,,,,,,,,,,,,,,,,,,,,,,,,,,,,"Không thấy một cú đấm trọn vẹn: video bắt đầu/kết thúc giữa động tác, không có cú đấm, hoặc góc quay (nghiêng hẳn/quay lưng) khiến không đo được tay. Nên quay chính diện hoặc chéo ~45°."
Tự học võ tại nhà Taekwondo #6 - Learn Taekwondo At Home - Taekwondo 태권도 - VinKungfu.mp4,Đấm trái – phải (thẳng),straight,5,235.43,237.23,237.03,tay trái,1,4.27,2.85,1.42,,,,,,,,,,,,,,,,,,,,,,,0.80,0.40,0.46,0.96,0.00,0.00,,,,,,,,,,,,,,,,,,,,,,,,,0.48,1.17,,,,,,,,,,,,,,,,,,,,,,,,,,,,,,,,,,,,,,,,,,,,,,
Tự học võ tại nhà Taekwondo #6 - Learn Taekwondo At Home - Taekwondo 태권도 - VinKungfu.mp4,Đấm trái – phải (thẳng),straight,6,236.53,238.33,237.03,tay trái,1,5.55,2.97,2.58,,,,,,,,,,,,,,,,,,,,,,,0.80,0.40,0.29,,,1.00,,,,,,,,,,,,,,,,,,,,,,,,,0.57,1.20,,,,,,,,,,,,,,,,,,,,,,,,,,,,,,,,,,,,,,,,,,,,,,Video bắt đầu gần như ngay khi ra đòn — tư thế thủ ban đầu đo không chắc chắn. | Video bắt đầu giữa động tác — các mục xoay thân/thời gian ra đòn không tính.
Tự học võ tại nhà Taekwondo #6 - Learn Taekwondo At Home - Taekwondo 태권도 - VinKungfu.mp4,Đấm trái – phải (thẳng),straight,7,237.60,239.40,239.40,tay phải,1,7.10,2.61,4.49,,,,,,,,,,,,,,,,,,,,,,,,0.40,1.70,1.42,1.10,0.27,,,,,,,,,,,,,,,,,,,,,,,,,0.49,1.20,,,,,,,,,,,,,,,,,,,,,,,,,,,,,,,,,,,,,,,,,,,,,,"Video kết thúc trước khi thu tay — hạng mục thu tay không tính, điểm Chính xác quy đổi theo tỉ lệ."
Tự học võ tại nhà Taekwondo #6 - Learn Taekwondo At Home - Taekwondo 태권도 - VinKungfu.mp4,Đấm trái – phải (thẳng),straight,8,238.13,239.93,239.43,tay phải,1,7.45,3.12,4.33,,,,,,,,,,,,,,,,,,,,,,,0.80,0.36,1.67,1.42,1.02,0.21,,,,,,,,,,,,,,,,,,,,,,,,,0.76,1.20,,,,,,,,,,,,,,,,,,,,,,,,,,,,,,,,,,,,,,,,,,,,,,
Tự học võ tại nhà Taekwondo #6 - Learn Taekwondo At Home - Taekwondo 태권도 - VinKungfu.mp4,Đấm trái – phải (thẳng),straight,9,238.63,240.43,239.43,tay phải,1,7.48,3.12,4.36,,,,,,,,,,,,,,,,,,,,,,,0.80,0.36,1.71,1.42,1.02,0.21,,,,,,,,,,,,,,,,,,,,,,,,,0.76,1.20,,,,,,,,,,,,,,,,,,,,,,,,,,,,,,,,,,,,,,,,,,,,,,
Tự học võ tại nhà Taekwondo #6 - Learn Taekwondo At Home - Taekwondo 태권도 - VinKungfu.mp4,Đấm trái – phải (thẳng),straight,10,239.80,241.60,240.57,tay phải,1,8.47,3.40,5.06,,,,,,,,,,,,,,,,,,,,,,,0.80,0.40,1.23,1.44,1.40,1.00,,,,,,,,,,,,,,,,,,,,,,,,,1.00,1.20,,,,,,,,,,,,,,,,,,,,,,,,,,,,,,,,,,,,,,,,,,,,,,
Tự học võ tại nhà Taekwondo #6 - Learn Taekwondo At Home - Taekwondo 태권도 - VinKungfu.mp4,Đấm trái – phải (thẳng),straight,11,240.73,242.53,241.53,tay phải,1,7.59,2.80,4.78,,,,,,,,,,,,,,,,,,,,,,,0.80,0.35,1.33,1.05,1.40,1.00,,,,,,,,,,,,,,,,,,,,,,,,,0.45,1.20,,,,,,,,,,,,,,,,,,,,,,,,,,,,,,,,,,,,,,,,,,,,,,
Tự học võ tại nhà Taekwondo #6 - Learn Taekwondo At Home - Taekwondo 태권도 - VinKungfu.mp4,Đấm trái – phải (thẳng),straight,12,254.27,256.07,256.03,tay phải,1,7.94,2.54,5.40,,,,,,,,,,,,,,,,,,,,,,,,0.21,1.40,1.60,1.40,1.00,,,,,,,,,,,,,,,,,,,,,,,,,0.62,1.20,,,,,,,,,,,,,,,,,,,,,,,,,,,,,,,,,,,,,,,,,,,,,,"Video kết thúc trước khi thu tay — hạng mục thu tay không tính, điểm Chính xác quy đổi theo tỉ lệ."
Tự học võ tại nhà Taekwondo #6 - Learn Taekwondo At Home - Taekwondo 태권도 - VinKungfu.mp4,Đấm trái – phải (thẳng),straight,13,255.37,257.17,257.10,tay phải,1,5.99,2.65,3.34,,,,,,,,,,,,,,,,,,,,,,,,0.30,1.27,1.60,0.00,0.47,,,,,,,,,,,,,,,,,,,,,,,,,0.63,1.20,,,,,,,,,,,,,,,,,,,,,,,,,,,,,,,,,,,,,,,,,,,,,,"Video kết thúc trước khi thu tay — hạng mục thu tay không tính, điểm Chính xác quy đổi theo tỉ lệ."
Tự học võ tại nhà Taekwondo #6 - Learn Taekwondo At Home - Taekwondo 태권도 - VinKungfu.mp4,Đấm trái – phải (thẳng),straight,14,256.43,258.23,257.10,tay phải,1,7.62,3.02,4.61,,,,,,,,,,,,,,,,,,,,,,,0.72,0.32,1.25,1.60,0.76,0.99,,,,,,,,,,,,,,,,,,,,,,,,,0.77,1.20,,,,,,,,,,,,,,,,,,,,,,,,,,,,,,,,,,,,,,,,,,,,,,
Tự học võ tại nhà Taekwondo #6 - Learn Taekwondo At Home - Taekwondo 태권도 - VinKungfu.mp4,Đấm trái – phải (thẳng),straight,1,562.00,563.23,,tay phải,0,,,,,,,,,,,,,,,,,,,,,,,,,,,,,,,,,,,,,,,,,,,,,,,,,,,,,,,,,,,,,,,,,,,,,,,,,,,,,,,,,,,,,,,,,,,,,,,,,,,,,,,"Không thấy một cú đấm trọn vẹn: video bắt đầu/kết thúc giữa động tác, không có cú đấm, hoặc góc quay (nghiêng hẳn/quay lưng) khiến không đo được tay. Nên quay chính diện hoặc chéo ~45°."
Tự học võ tại nhà Taekwondo #6 - Learn Taekwondo At Home - Taekwondo 태권도 - VinKungfu.mp4,Đấm trái – phải (thẳng),straight,2,562.07,563.87,563.73,tay phải,1,4.82,1.57,3.25,,,,,,,,,,,,,,,,,,,,,,,0.00,0.40,0.92,0.76,1.36,0.22,,,,,,,,,,,,,,,,,,,,,,,,,0.26,0.91,,,,,,,,,,,,,,,,,,,,,,,,,,,,,,,,,,,,,,,,,,,,,,
Tự học võ tại nhà Taekwondo #6 - Learn Taekwondo At Home - Taekwondo 태권도 - VinKungfu.mp4,Đấm trái – phải (thẳng),straight,3,562.80,564.60,,tay trái,0,,,,,,,,,,,,,,,,,,,,,,,,,,,,,,,,,,,,,,,,,,,,,,,,,,,,,,,,,,,,,,,,,,,,,,,,,,,,,,,,,,,,,,,,,,,,,,,,,,,,,,,"Không thấy một cú đấm trọn vẹn: video bắt đầu/kết thúc giữa động tác, không có cú đấm, hoặc góc quay (nghiêng hẳn/quay lưng) khiến không đo được tay. Nên quay chính diện hoặc chéo ~45°."
Tự học võ tại nhà Taekwondo #6 - Learn Taekwondo At Home - Taekwondo 태권도 - VinKungfu.mp4,Đấm trái – phải (thẳng),straight,4,563.90,565.70,,tay trái,0,,,,,,,,,,,,,,,,,,,,,,,,,,,,,,,,,,,,,,,,,,,,,,,,,,,,,,,,,,,,,,,,,,,,,,,,,,,,,,,,,,,,,,,,,,,,,,,,,,,,,,,"Không thấy một cú đấm trọn vẹn: video bắt đầu/kết thúc giữa động tác, không có cú đấm, hoặc góc quay (nghiêng hẳn/quay lưng) khiến không đo được tay. Nên quay chính diện hoặc chéo ~45°."
Tự học võ tại nhà Taekwondo #6 - Learn Taekwondo At Home - Taekwondo 태권도 - VinKungfu.mp4,Đấm trái – phải (thẳng),straight,5,564.87,566.67,566.47,tay trái,1,4.19,2.83,1.36,,,,,,,,,,,,,,,,,,,,,,,0.80,0.40,0.46,0.90,0.00,0.00,,,,,,,,,,,,,,,,,,,,,,,,,0.48,1.14,,,,,,,,,,,,,,,,,,,,,,,,,,,,,,,,,,,,,,,,,,,,,,
Tự học võ tại nhà Taekwondo #6 - Learn Taekwondo At Home - Taekwondo 태권도 - VinKungfu.mp4,Đấm trái – phải (thẳng),straight,6,565.70,567.50,566.47,tay trái,1,5.49,2.97,2.52,,,,,,,,,,,,,,,,,,,,,,,0.80,0.39,0.30,0.90,0.59,0.74,,,,,,,,,,,,,,,,,,,,,,,,,0.64,1.14,,,,,,,,,,,,,,,,,,,,,,,,,,,,,,,,,,,,,,,,,,,,,,
Tự học võ tại nhà Taekwondo #6 - Learn Taekwondo At Home - Taekwondo 태권도 - VinKungfu.mp4,Đấm trái – phải (thẳng),straight,7,566.40,568.20,566.90,tay phải,1,7.35,2.25,5.10,,,,,,,,,,,,,,,,,,,,,,,0.80,0.40,1.95,1.15,1.36,0.64,,,,,,,,,,,,,,,,,,,,,,,,,0.02,1.04,,,,,,,,,,,,,,,,,,,,,,,,,,,,,,,,,,,,,,,,,,,,,,
Tự học võ tại nhà Taekwondo #6 - Learn Taekwondo At Home - Taekwondo 태권도 - VinKungfu.mp4,Đấm trái – phải (thẳng),straight,8,567.03,568.83,568.83,tay phải,1,7.27,2.54,4.73,,,,,,,,,,,,,,,,,,,,,,,,0.40,1.71,1.60,1.10,0.32,,,,,,,,,,,,,,,,,,,,,,,,,0.43,1.20,,,,,,,,,,,,,,,,,,,,,,,,,,,,,,,,,,,,,,,,,,,,,,"Video kết thúc trước khi thu tay — hạng mục thu tay không tính, điểm Chính xác quy đổi theo tỉ lệ."
Tự học võ tại nhà Taekwondo #6 - Learn Taekwondo At Home - Taekwondo 태권도 - VinKungfu.mp4,Đấm trái – phải (thẳng),straight,9,567.57,569.37,568.87,tay phải,1,7.65,3.08,4.57,,,,,,,,,,,,,,,,,,,,,,,0.80,0.36,1.69,1.60,1.02,0.26,,,,,,,,,,,,,,,,,,,,,,,,,0.72,1.20,,,,,,,,,,,,,,,,,,,,,,,,,,,,,,,,,,,,,,,,,,,,,,
Tự học võ tại nhà Taekwondo #6 - Learn Taekwondo At Home - Taekwondo 태권도 - VinKungfu.mp4,Đấm trái – phải (thẳng),straight,10,568.07,569.87,568.87,tay phải,1,7.68,3.08,4.60,,,,,,,,,,,,,,,,,,,,,,,0.80,0.36,1.72,1.60,1.02,0.26,,,,,,,,,,,,,,,,,,,,,,,,,0.72,1.20,,,,,,,,,,,,,,,,,,,,,,,,,,,,,,,,,,,,,,,,,,,,,,
Tự học võ tại nhà Taekwondo #6 - Learn Taekwondo At Home - Taekwondo 태권도 - VinKungfu.mp4,Đấm trái – phải (thẳng),straight,11,569.20,571.00,570.00,tay phải,1,8.76,3.47,5.29,,,,,,,,,,,,,,,,,,,,,,,0.80,0.40,1.29,1.60,1.40,1.00,,,,,,,,,,,,,,,,,,,,,,,,,1.07,1.20,,,,,,,,,,,,,,,,,,,,,,,,,,,,,,,,,,,,,,,,,,,,,,
Tự học võ tại nhà Taekwondo #6 - Learn Taekwondo At Home - Taekwondo 태권도 - VinKungfu.mp4,Đấm trái – phải (thẳng),straight,12,570.17,571.97,570.97,tay phải,1,7.33,2.81,4.52,,,,,,,,,,,,,,,,,,,,,,,0.80,0.35,1.50,0.77,1.40,0.85,,,,,,,,,,,,,,,,,,,,,,,,,0.46,1.20,,,,,,,,,,,,,,,,,,,,,,,,,,,,,,,,,,,,,,,,,,,,,,
Tự học võ tại nhà Taekwondo #6 - Learn Taekwondo At Home - Taekwondo 태권도 - VinKungfu.mp4,Đấm trái – phải (thẳng),straight,13,583.67,585.47,585.47,tay phải,1,5.92,2.38,3.54,,,,,,,,,,,,,,,,,,,,,,,,0.18,1.70,1.60,0.00,0.24,,,,,,,,,,,,,,,,,,,,,,,,,0.52,1.20,,,,,,,,,,,,,,,,,,,,,,,,,,,,,,,,,,,,,,,,,,,,,,"Video kết thúc trước khi thu tay — hạng mục thu tay không tính, điểm Chính xác quy đổi theo tỉ lệ."
Tự học võ tại nhà Taekwondo #6 - Learn Taekwondo At Home - Taekwondo 태권도 - VinKungfu.mp4,Đấm trái – phải (thẳng),straight,14,584.17,585.97,585.13,tay trái,1,6.26,3.14,3.12,,,,,,,,,,,,,,,,,,,,,,,0.80,0.31,1.56,,,0.00,,,,,,,,,,,,,,,,,,,,,,,,,0.83,1.20,,,,,,,,,,,,,,,,,,,,,,,,,,,,,,,,,,,,,,,,,,,,,,Video bắt đầu gần như ngay khi ra đòn — tư thế thủ ban đầu đo không chắc chắn. | Video bắt đầu giữa động tác — các mục xoay thân/thời gian ra đòn không tính. | Cổ tay đấm bị che khuất nhiều — số đo kém tin cậy.
Tự học võ tại nhà Taekwondo #6 - Learn Taekwondo At Home - Taekwondo 태권도 - VinKungfu.mp4,Đấm trái – phải (thẳng),straight,15,584.83,586.63,586.53,tay phải,1,7.31,2.84,4.47,,,,,,,,,,,,,,,,,,,,,,,,0.30,1.42,1.60,0.85,0.61,,,,,,,,,,,,,,,,,,,,,,,,,0.77,1.20,,,,,,,,,,,,,,,,,,,,,,,,,,,,,,,,,,,,,,,,,,,,,,"Video kết thúc trước khi thu tay — hạng mục thu tay không tính, điểm Chính xác quy đổi theo tỉ lệ."
Tự học võ tại nhà Taekwondo #6 - Learn Taekwondo At Home - Taekwondo 태권도 - VinKungfu.mp4,Đấm trái – phải (thẳng),straight,16,585.83,587.63,586.53,tay phải,1,7.52,3.04,4.47,,,,,,,,,,,,,,,,,,,,,,,0.77,0.30,1.42,1.60,0.85,0.61,,,,,,,,,,,,,,,,,,,,,,,,,0.77,1.20,,,,,,,,,,,,,,,,,,,,,,,,,,,,,,,,,,,,,,,,,,,,,,
Tự học võ tại nhà Taekwondo #6 - Learn Taekwondo At Home - Taekwondo 태권도 - VinKungfu.mp4,Đấm trái – phải (thẳng),straight,17,587.70,588.97,,tay phải,0,,,,,,,,,,,,,,,,,,,,,,,,,,,,,,,,,,,,,,,,,,,,,,,,,,,,,,,,,,,,,,,,,,,,,,,,,,,,,,,,,,,,,,,,,,,,,,,,,,,,,,,"Không thấy một cú đấm trọn vẹn: video bắt đầu/kết thúc giữa động tác, không có cú đấm, hoặc góc quay (nghiêng hẳn/quay lưng) khiến không đo được tay. Nên quay chính diện hoặc chéo ~45°."
Tự học võ tại nhà Taekwondo #6 - Learn Taekwondo At Home - Taekwondo 태권도 - VinKungfu.mp4,Bước gạt thấp (phải),low_block,1,278.00,278.33,,tay trái,0,,,,,,,,,,,,,,,,,,,,,,,,,,,,,,,,,,,,,,,,,,,,,,,,,,,,,,,,,,,,,,,,,,,,,,,,,,,,,,,,,,,,,,,,,,,,,,,,,,,,,,,"Không thấy một động tác trọn vẹn: video bắt đầu/kết thúc giữa động tác, hoặc góc quay khiến không đo được tay. Nên quay chính diện hoặc chéo ~45°."
Tự học võ tại nhà Taekwondo #6 - Learn Taekwondo At Home - Taekwondo 태권도 - VinKungfu.mp4,Bước gạt thấp (phải),low_block,2,278.33,279.60,,tay phải,0,,,,,,,,,,,,,,,,,,,,,,,,,,,,,,,,,,,,,,,,,,,,,,,,,,,,,,,,,,,,,,,,,,,,,,,,,,,,,,,,,,,,,,,,,,,,,,,,,,,,,,,"Không thấy một động tác trọn vẹn: video bắt đầu/kết thúc giữa động tác, hoặc góc quay khiến không đo được tay. Nên quay chính diện hoặc chéo ~45°."
Tự học võ tại nhà Taekwondo #6 - Learn Taekwondo At Home - Taekwondo 태권도 - VinKungfu.mp4,Bước gạt thấp (phải),low_block,3,279.60,281.13,,tay phải,0,,,,,,,,,,,,,,,,,,,,,,,,,,,,,,,,,,,,,,,,,,,,,,,,,,,,,,,,,,,,,,,,,,,,,,,,,,,,,,,,,,,,,,,,,,,,,,,,,,,,,,,"Không thấy một động tác trọn vẹn: video bắt đầu/kết thúc giữa động tác, hoặc góc quay khiến không đo được tay. Nên quay chính diện hoặc chéo ~45°."
Tự học võ tại nhà Taekwondo #6 - Learn Taekwondo At Home - Taekwondo 태권도 - VinKungfu.mp4,Bước gạt thấp (phải),low_block,4,281.13,282.67,281.47,tay phải,1,8.48,3.65,4.83,,,,,,,,,,,,,2.00,0.43,1.40,1.00,,,,,,,,,,,,,,,,,,,,,,,,,1.60,0.93,0.80,0.32,,,,,,,,,,,,,,,,,,,,,,,,,,,,,,,,,,,,,,,,,,,,,,,,,,,,,,,,
Tự học võ tại nhà Taekwondo #6 - Learn Taekwondo At Home - Taekwondo 태권도 - VinKungfu.mp4,Bước gạt thấp (phải),low_block,5,283.13,284.43,283.43,tay phải,1,8.22,3.63,4.59,,,,,,,,,,,,,2.00,0.19,1.40,1.00,,,,,,,,,,,,,,,,,,,,,,,,,1.60,0.94,0.80,0.29,,,,,,,,,,,,,,,,,,,,,,,,,,,,,,,,,,,,,,,,,,,,,,,,,,,,,,,,
Tự học võ tại nhà Taekwondo #6 - Learn Taekwondo At Home - Taekwondo 태권도 - VinKungfu.mp4,Bước gạt thấp (phải),low_block,6,284.43,286.53,285.30,tay phải,1,8.07,3.65,4.42,,,,,,,,,,,,,2.00,0.02,1.40,1.00,,,,,,,,,,,,,,,,,,,,,,,,,1.60,0.93,0.80,0.32,,,,,,,,,,,,,,,,,,,,,,,,,,,,,,,,,,,,,,,,,,,,,,,,,,,,,,,,
Tự học võ tại nhà Taekwondo #6 - Learn Taekwondo At Home - Taekwondo 태권도 - VinKungfu.mp4,Bước gạt thấp (phải),low_block,7,286.87,289.00,287.80,tay phải,1,7.50,2.85,4.65,,,,,,,,,,,,,1.95,0.30,1.40,1.00,,,,,,,,,,,,,,,,,,,,,,,,,0.99,0.76,0.80,0.30,,,,,,,,,,,,,,,,,,,,,,,,,,,,,,,,,,,,,,,,,,,,,,,,,,,,,,,,
Tự học võ tại nhà Taekwondo #6 - Learn Taekwondo At Home - Taekwondo 태권도 - VinKungfu.mp4,Bước gạt thấp (phải),low_block,8,289.00,290.83,289.67,tay phải,1,8.10,2.63,5.47,,,,,,,,,,,,,2.00,1.07,1.40,1.00,,,,,,,,,,,,,,,,,,,,,,,,,0.86,0.67,0.80,0.30,,,,,,,,,,,,,,,,,,,,,,,,,,,,,,,,,,,,,,,,,,,,,,,,,,,,,,,,
Tự học võ tại nhà Taekwondo #6 - Learn Taekwondo At Home - Taekwondo 태권도 - VinKungfu.mp4,Bước gạt thấp (phải),low_block,9,290.83,292.83,291.67,tay phải,1,7.15,2.69,4.46,,,,,,,,,,,,,2.00,1.18,0.68,0.60,,,,,,,,,,,,,,,,,,,,,,,,,0.86,0.72,0.80,0.30,,,,,,,,,,,,,,,,,,,,,,,,,,,,,,,,,,,,,,,,,,,,,,,,,,,,,,,,
Tự học võ tại nhà Taekwondo #6 - Learn Taekwondo At Home - Taekwondo 태권도 - VinKungfu.mp4,Bước gạt thấp (phải),low_block,10,292.83,294.90,293.70,tay phải,1,7.40,2.89,4.51,,,,,,,,,,,,,1.84,0.27,1.40,1.00,,,,,,,,,,,,,,,,,,,,,,,,,1.01,0.78,0.80,0.30,,,,,,,,,,,,,,,,,,,,,,,,,,,,,,,,,,,,,,,,,,,,,,,,,,,,,,,,
Tự học võ tại nhà Taekwondo #6 - Learn Taekwondo At Home - Taekwondo 태권도 - VinKungfu.mp4,Bước gạt thấp (phải),low_block,11,294.90,296.13,295.60,tay phải,1,7.59,3.02,4.57,,,,,,,,,,,,,1.66,0.50,1.40,1.00,,,,,,,,,,,,,,,,,,,,,,,,,1.05,0.87,0.80,0.30,,,,,,,,,,,,,,,,,,,,,,,,,,,,,,,,,,,,,,,,,,,,,,,,,,,,,,,,
Tự học võ tại nhà Taekwondo #6 - Learn Taekwondo At Home - Taekwondo 태권도 - VinKungfu.mp4,Bước gạt thấp (phải),low_block,12,296.13,296.87,,tay phải,0,,,,,,,,,,,,,,,,,,,,,,,,,,,,,,,,,,,,,,,,,,,,,,,,,,,,,,,,,,,,,,,,,,,,,,,,,,,,,,,,,,,,,,,,,,,,,,,,,,,,,,,"Không thấy một động tác trọn vẹn: video bắt đầu/kết thúc giữa động tác, hoặc góc quay khiến không đo được tay. Nên quay chính diện hoặc chéo ~45°."
Tự học võ tại nhà Taekwondo #6 - Learn Taekwondo At Home - Taekwondo 태권도 - VinKungfu.mp4,Bước gạt thấp (phải),low_block,13,296.87,298.07,297.50,tay phải,1,7.83,2.82,5.01,,,,,,,,,,,,,1.78,0.83,1.40,1.00,,,,,,,,,,,,,,,,,,,,,,,,,0.90,0.81,0.80,0.30,,,,,,,,,,,,,,,,,,,,,,,,,,,,,,,,,,,,,,,,,,,,,,,,,,,,,,,,
Tự học võ tại nhà Taekwondo #6 - Learn Taekwondo At Home - Taekwondo 태권도 - VinKungfu.mp4,Bước gạt thấp (phải),low_block,14,298.07,299.60,299.40,tay trái,1,4.72,1.19,3.53,,,,,,,,,,,,,1.20,1.17,0.51,0.65,,,,,,,,,,,,,,,,,,,,,,,,,0.00,0.74,0.23,0.22,,,,,,,,,,,,,,,,,,,,,,,,,,,,,,,,,,,,,,,,,,,,,,,,,,,,,,,,
Tự học võ tại nhà Taekwondo #6 - Learn Taekwondo At Home - Taekwondo 태권도 - VinKungfu.mp4,Bước gạt thấp (phải),low_block,1,607.40,609.07,,tay phải,0,,,,,,,,,,,,,,,,,,,,,,,,,,,,,,,,,,,,,,,,,,,,,,,,,,,,,,,,,,,,,,,,,,,,,,,,,,,,,,,,,,,,,,,,,,,,,,,,,,,,,,,"Không thấy một động tác trọn vẹn: video bắt đầu/kết thúc giữa động tác, hoặc góc quay khiến không đo được tay. Nên quay chính diện hoặc chéo ~45°."
Tự học võ tại nhà Taekwondo #6 - Learn Taekwondo At Home - Taekwondo 태권도 - VinKungfu.mp4,Bước gạt thấp (phải),low_block,2,609.07,610.47,,tay phải,0,,,,,,,,,,,,,,,,,,,,,,,,,,,,,,,,,,,,,,,,,,,,,,,,,,,,,,,,,,,,,,,,,,,,,,,,,,,,,,,,,,,,,,,,,,,,,,,,,,,,,,,"Không thấy một động tác trọn vẹn: video bắt đầu/kết thúc giữa động tác, hoặc góc quay khiến không đo được tay. Nên quay chính diện hoặc chéo ~45°."
Tự học võ tại nhà Taekwondo #6 - Learn Taekwondo At Home - Taekwondo 태권도 - VinKungfu.mp4,Bước gạt thấp (phải),low_block,3,610.47,612.10,610.90,tay phải,1,8.52,3.53,4.99,,,,,,,,,,,,,2.00,0.59,1.40,1.00,,,,,,,,,,,,,,,,,,,,,,,,,1.60,0.99,0.63,0.32,,,,,,,,,,,,,,,,,,,,,,,,,,,,,,,,,,,,,,,,,,,,,,,,,,,,,,,,
Tự học võ tại nhà Taekwondo #6 - Learn Taekwondo At Home - Taekwondo 태권도 - VinKungfu.mp4,Bước gạt thấp (phải),low_block,4,612.50,613.90,612.87,tay phải,1,8.22,3.68,4.54,,,,,,,,,,,,,2.00,0.14,1.40,1.00,,,,,,,,,,,,,,,,,,,,,,,,,1.60,0.97,0.80,0.31,,,,,,,,,,,,,,,,,,,,,,,,,,,,,,,,,,,,,,,,,,,,,,,,,,,,,,,,
Tự học võ tại nhà Taekwondo #6 - Learn Taekwondo At Home - Taekwondo 태권도 - VinKungfu.mp4,Bước gạt thấp (phải),low_block,5,613.90,615.23,614.73,tay phải,1,8.03,3.63,4.40,,,,,,,,,,,,,2.00,0.00,1.40,1.00,,,,,,,,,,,,,,,,,,,,,,,,,1.60,0.90,0.80,0.34,,,,,,,,,,,,,,,,,,,,,,,,,,,,,,,,,,,,,,,,,,,,,,,,,,,,,,,,
Tự học võ tại nhà Taekwondo #6 - Learn Taekwondo At Home - Taekwondo 태권도 - VinKungfu.mp4,Bước gạt thấp (phải),low_block,6,615.23,616.30,,tay phải,0,,,,,,,,,,,,,,,,,,,,,,,,,,,,,,,,,,,,,,,,,,,,,,,,,,,,,,,,,,,,,,,,,,,,,,,,,,,,,,,,,,,,,,,,,,,,,,,,,,,,,,,"Không thấy một động tác trọn vẹn: video bắt đầu/kết thúc giữa động tác, hoặc góc quay khiến không đo được tay. Nên quay chính diện hoặc chéo ~45°."
Tự học võ tại nhà Taekwondo #6 - Learn Taekwondo At Home - Taekwondo 태권도 - VinKungfu.mp4,Bước gạt thấp (phải),low_block,7,616.37,618.43,617.23,tay phải,1,7.50,2.88,4.63,,,,,,,,,,,,,1.99,0.23,1.40,1.00,,,,,,,,,,,,,,,,,,,,,,,,,0.99,0.79,0.80,0.30,,,,,,,,,,,,,,,,,,,,,,,,,,,,,,,,,,,,,,,,,,,,,,,,,,,,,,,,
Tự học võ tại nhà Taekwondo #6 - Learn Taekwondo At Home - Taekwondo 태권도 - VinKungfu.mp4,Bước gạt thấp (phải),low_block,8,618.43,620.23,619.10,tay phải,1,8.10,2.70,5.40,,,,,,,,,,,,,1.96,1.04,1.40,1.00,,,,,,,,,,,,,,,,,,,,,,,,,0.88,0.72,0.80,0.30,,,,,,,,,,,,,,,,,,,,,,,,,,,,,,,,,,,,,,,,,,,,,,,,,,,,,,,,
Tự học võ tại nhà Taekwondo #6 - Learn Taekwondo At Home - Taekwondo 태권도 - VinKungfu.mp4,Bước gạt thấp (phải),low_block,9,620.23,622.27,621.10,tay phải,1,7.84,2.69,5.15,,,,,,,,,,,,,2.00,0.75,1.40,1.00,,,,,,,,,,,,,,,,,,,,,,,,,0.85,0.74,0.80,0.30,,,,,,,,,,,,,,,,,,,,,,,,,,,,,,,,,,,,,,,,,,,,,,,,,,,,,,,,
Tự học võ tại nhà Taekwondo #6 - Learn Taekwondo At Home - Taekwondo 태권도 - VinKungfu.mp4,Bước gạt thấp (phải),low_block,10,622.27,623.73,623.13,tay phải,1,7.36,2.86,4.50,,,,,,,,,,,,,1.89,0.21,1.40,1.00,,,,,,,,,,,,,,,,,,,,,,,,,0.97,0.79,0.80,0.30,,,,,,,,,,,,,,,,,,,,,,,,,,,,,,,,,,,,,,,,,,,,,,,,,,,,,,,,
Tự học võ tại nhà Taekwondo #6 - Learn Taekwondo At Home - Taekwondo 태권도 - VinKungfu.mp4,Bước gạt thấp (phải),low_block,11,623.73,624.33,,tay phải,0,,,,,,,,,,,,,,,,,,,,,,,,,,,,,,,,,,,,,,,,,,,,,,,,,,,,,,,,,,,,,,,,,,,,,,,,,,,,,,,,,,,,,,,,,,,,,,,,,,,,,,,"Không thấy một động tác trọn vẹn: video bắt đầu/kết thúc giữa động tác, hoặc góc quay khiến không đo được tay. Nên quay chính diện hoặc chéo ~45°."
Tự học võ tại nhà Taekwondo #6 - Learn Taekwondo At Home - Taekwondo 태권도 - VinKungfu.mp4,Bước gạt thấp (phải),low_block,12,624.33,625.57,625.03,tay phải,1,7.54,3.00,4.54,,,,,,,,,,,,,1.63,0.51,1.40,1.00,,,,,,,,,,,,,,,,,,,,,,,,,1.04,0.85,0.80,0.30,,,,,,,,,,,,,,,,,,,,,,,,,,,,,,,,,,,,,,,,,,,,,,,,,,,,,,,,
Tự học võ tại nhà Taekwondo #6 - Learn Taekwondo At Home - Taekwondo 태권도 - VinKungfu.mp4,Bước gạt thấp (phải),low_block,13,625.57,626.30,,tay phải,0,,,,,,,,,,,,,,,,,,,,,,,,,,,,,,,,,,,,,,,,,,,,,,,,,,,,,,,,,,,,,,,,,,,,,,,,,,,,,,,,,,,,,,,,,,,,,,,,,,,,,,,"Không thấy một động tác trọn vẹn: video bắt đầu/kết thúc giữa động tác, hoặc góc quay khiến không đo được tay. Nên quay chính diện hoặc chéo ~45°."
Tự học võ tại nhà Taekwondo #6 - Learn Taekwondo At Home - Taekwondo 태권도 - VinKungfu.mp4,Bước gạt thấp (phải),low_block,14,626.30,627.50,626.93,tay phải,1,8.44,2.78,5.66,,,,,,,,,,,,,1.82,1.43,1.40,1.00,,,,,,,,,,,,,,,,,,,,,,,,,0.91,0.81,0.76,0.30,,,,,,,,,,,,,,,,,,,,,,,,,,,,,,,,,,,,,,,,,,,,,,,,,,,,,,,,
Tự học võ tại nhà Taekwondo #6 - Learn Taekwondo At Home - Taekwondo 태권도 - VinKungfu.mp4,Bước gạt thấp (phải),low_block,15,627.50,629.03,,tay trái,0,,,,,,,,,,,,,,,,,,,,,,,,,,,,,,,,,,,,,,,,,,,,,,,,,,,,,,,,,,,,,,,,,,,,,,,,,,,,,,,,,,,,,,,,,,,,,,,,,,,,,,,"Không thấy một động tác trọn vẹn: video bắt đầu/kết thúc giữa động tác, hoặc góc quay khiến không đo được tay. Nên quay chính diện hoặc chéo ~45°."
Tự học võ tại nhà Taekwondo #6 - Learn Taekwondo At Home - Taekwondo 태권도 - VinKungfu.mp4,Đá ngang (phải),side,1,328.70,330.77,329.53,chân phải,1,8.60,3.60,5.00,,,,,2.00,1.60,1.40,0.00,,,,,,,,,,,,,,,,,,,,,,,,,,,,,,,,,,,,,,,,,,,,,,,1.60,1.20,0.80,0.00,,,,,,,,,,,,,,,,,,,,,,,,,,,,,,,,,,,,,,,,,,
Tự học võ tại nhà Taekwondo #6 - Learn Taekwondo At Home - Taekwondo 태권도 - VinKungfu.mp4,Đá ngang (phải),side,2,330.77,332.50,331.23,chân phải,1,7.14,2.14,5.00,,,,,2.00,1.60,1.40,0.00,,,,,,,,,,,,,,,,,,,,,,,,,,,,,,,,,,,,,,,,,,,,,,,0.00,1.20,0.80,0.14,,,,,,,,,,,,,,,,,,,,,,,,,,,,,,,,,,,,,,,,,,
Tự học võ tại nhà Taekwondo #6 - Learn Taekwondo At Home - Taekwondo 태권도 - VinKungfu.mp4,Đá ngang (phải),side,3,332.50,334.13,332.93,chân phải,1,8.74,3.74,5.00,,,,,2.00,1.60,1.40,0.00,,,,,,,,,,,,,,,,,,,,,,,,,,,,,,,,,,,,,,,,,,,,,,,1.60,1.20,0.80,0.14,,,,,,,,,,,,,,,,,,,,,,,,,,,,,,,,,,,,,,,,,,
Tự học võ tại nhà Taekwondo #6 - Learn Taekwondo At Home - Taekwondo 태권도 - VinKungfu.mp4,Đá ngang (phải),side,4,334.13,335.60,334.53,chân phải,1,7.14,2.14,5.00,,,,,2.00,1.60,1.40,0.00,,,,,,,,,,,,,,,,,,,,,,,,,,,,,,,,,,,,,,,,,,,,,,,0.00,1.20,0.80,0.14,,,,,,,,,,,,,,,,,,,,,,,,,,,,,,,,,,,,,,,,,,
Tự học võ tại nhà Taekwondo #6 - Learn Taekwondo At Home - Taekwondo 태권도 - VinKungfu.mp4,Đá ngang (phải),side,5,335.60,337.40,336.23,chân phải,1,8.74,3.74,5.00,,,,,2.00,1.60,1.40,0.00,,,,,,,,,,,,,,,,,,,,,,,,,,,,,,,,,,,,,,,,,,,,,,,1.60,1.20,0.80,0.14,,,,,,,,,,,,,,,,,,,,,,,,,,,,,,,,,,,,,,,,,,
Tự học võ tại nhà Taekwondo #6 - Learn Taekwondo At Home - Taekwondo 태권도 - VinKungfu.mp4,Đá ngang (phải),side,6,337.40,339.23,337.73,chân phải,1,4.86,1.26,3.60,,,,,2.00,1.60,0.00,0.00,,,,,,,,,,,,,,,,,,,,,,,,,,,,,,,,,,,,,,,,,,,,,,,0.72,0.54,0.00,0.00,,,,,,,,,,,,,,,,,,,,,,,,,,,,,,,,,,,,,,,,,,
Tự học võ tại nhà Taekwondo #6 - Learn Taekwondo At Home - Taekwondo 태권도 - VinKungfu.mp4,Đá ngang (phải),side,7,339.37,340.57,339.83,chân phải,1,4.96,1.36,3.60,,,,,2.00,1.60,0.00,0.00,,,,,,,,,,,,,,,,,,,,,,,,,,,,,,,,,,,,,,,,,,,,,,,0.72,0.54,0.00,0.10,,,,,,,,,,,,,,,,,,,,,,,,,,,,,,,,,,,,,,,,,,
Tự học võ tại nhà Taekwondo #6 - Learn Taekwondo At Home - Taekwondo 태권도 - VinKungfu.mp4,Đá ngang (phải),side,8,340.57,342.63,341.83,chân phải,1,8.74,3.74,5.00,,,,,2.00,1.60,1.40,0.00,,,,,,,,,,,,,,,,,,,,,,,,,,,,,,,,,,,,,,,,,,,,,,,1.60,1.20,0.80,0.14,,,,,,,,,,,,,,,,,,,,,,,,,,,,,,,,,,,,,,,,,,
Tự học võ tại nhà Taekwondo #6 - Learn Taekwondo At Home - Taekwondo 태권도 - VinKungfu.mp4,Đá ngang (phải),side,9,343.70,344.83,343.87,chân phải,1,4.65,1.05,3.60,,,,,2.00,1.60,0.00,0.00,,,,,,,,,,,,,,,,,,,,,,,,,,,,,,,,,,,,,,,,,,,,,,,0.40,0.54,0.00,0.11,,,,,,,,,,,,,,,,,,,,,,,,,,,,,,,,,,,,,,,,,,
Tự học võ tại nhà Taekwondo #6 - Learn Taekwondo At Home - Taekwondo 태권도 - VinKungfu.mp4,Đá ngang (phải),side,10,344.83,346.80,345.47,chân phải,1,8.72,3.72,5.00,,,,,2.00,1.60,1.40,0.00,,,,,,,,,,,,,,,,,,,,,,,,,,,,,,,,,,,,,,,,,,,,,,,1.60,1.20,0.80,0.12,,,,,,,,,,,,,,,,,,,,,,,,,,,,,,,,,,,,,,,,,,
Tự học võ tại nhà Taekwondo #6 - Learn Taekwondo At Home - Taekwondo 태권도 - VinKungfu.mp4,Đá ngang (phải),side,11,347.63,348.97,347.63,chân phải,1,4.18,0.58,3.60,,,,,2.00,1.60,0.00,0.00,,,,,,,,,,,,,,,,,,,,,,,,,,,,,,,,,,,,,,,,,,,,,,,0.00,0.54,0.00,0.04,,,,,,,,,,,,,,,,,,,,,,,,,,,,,,,,,,,,,,,,,,
Tự học võ tại nhà Taekwondo #6 - Learn Taekwondo At Home - Taekwondo 태권도 - VinKungfu.mp4,Đá ngang (phải),side,1,658.13,660.20,658.97,chân phải,1,8.60,3.60,5.00,,,,,2.00,1.60,1.40,0.00,,,,,,,,,,,,,,,,,,,,,,,,,,,,,,,,,,,,,,,,,,,,,,,1.60,1.20,0.80,0.00,,,,,,,,,,,,,,,,,,,,,,,,,,,,,,,,,,,,,,,,,,
Tự học võ tại nhà Taekwondo #6 - Learn Taekwondo At Home - Taekwondo 태권도 - VinKungfu.mp4,Đá ngang (phải),side,2,660.20,661.90,660.67,chân phải,1,7.14,2.14,5.00,,,,,2.00,1.60,1.40,0.00,,,,,,,,,,,,,,,,,,,,,,,,,,,,,,,,,,,,,,,,,,,,,,,0.00,1.20,0.80,0.14,,,,,,,,,,,,,,,,,,,,,,,,,,,,,,,,,,,,,,,,,,
Tự học võ tại nhà Taekwondo #6 - Learn Taekwondo At Home - Taekwondo 태권도 - VinKungfu.mp4,Đá ngang (phải),side,3,661.90,663.57,662.37,chân phải,1,8.74,3.74,5.00,,,,,2.00,1.60,1.40,0.00,,,,,,,,,,,,,,,,,,,,,,,,,,,,,,,,,,,,,,,,,,,,,,,1.60,1.20,0.80,0.14,,,,,,,,,,,,,,,,,,,,,,,,,,,,,,,,,,,,,,,,,,
Tự học võ tại nhà Taekwondo #6 - Learn Taekwondo At Home - Taekwondo 태권도 - VinKungfu.mp4,Đá ngang (phải),side,4,663.57,664.97,663.97,chân phải,1,7.14,2.14,5.00,,,,,2.00,1.60,1.40,0.00,,,,,,,,,,,,,,,,,,,,,,,,,,,,,,,,,,,,,,,,,,,,,,,0.00,1.20,0.80,0.14,,,,,,,,,,,,,,,,,,,,,,,,,,,,,,,,,,,,,,,,,,
Tự học võ tại nhà Taekwondo #6 - Learn Taekwondo At Home - Taekwondo 태권도 - VinKungfu.mp4,Đá ngang (phải),side,5,664.97,666.93,665.67,chân phải,1,8.74,3.74,5.00,,,,,2.00,1.60,1.40,0.00,,,,,,,,,,,,,,,,,,,,,,,,,,,,,,,,,,,,,,,,,,,,,,,1.60,1.20,0.80,0.14,,,,,,,,,,,,,,,,,,,,,,,,,,,,,,,,,,,,,,,,,,
Tự học võ tại nhà Taekwondo #6 - Learn Taekwondo At Home - Taekwondo 태권도 - VinKungfu.mp4,Đá ngang (phải),side,6,667.00,668.63,667.17,chân phải,1,4.92,1.32,3.60,,,,,2.00,1.60,0.00,0.00,,,,,,,,,,,,,,,,,,,,,,,,,,,,,,,,,,,,,,,,,,,,,,,0.72,0.54,0.00,0.06,,,,,,,,,,,,,,,,,,,,,,,,,,,,,,,,,,,,,,,,,,
Tự học võ tại nhà Taekwondo #6 - Learn Taekwondo At Home - Taekwondo 태권도 - VinKungfu.mp4,Đá ngang (phải),side,7,668.80,670.07,669.27,chân phải,1,4.96,1.36,3.60,,,,,2.00,1.60,0.00,0.00,,,,,,,,,,,,,,,,,,,,,,,,,,,,,,,,,,,,,,,,,,,,,,,0.72,0.54,0.00,0.10,,,,,,,,,,,,,,,,,,,,,,,,,,,,,,,,,,,,,,,,,,
Tự học võ tại nhà Taekwondo #6 - Learn Taekwondo At Home - Taekwondo 태권도 - VinKungfu.mp4,Đá ngang (phải),side,8,670.07,672.07,671.30,chân phải,1,8.74,3.74,5.00,,,,,2.00,1.60,1.40,0.00,,,,,,,,,,,,,,,,,,,,,,,,,,,,,,,,,,,,,,,,,,,,,,,1.60,1.20,0.80,0.14,,,,,,,,,,,,,,,,,,,,,,,,,,,,,,,,,,,,,,,,,,
Tự học võ tại nhà Taekwondo #6 - Learn Taekwondo At Home - Taekwondo 태권도 - VinKungfu.mp4,Đá ngang (phải),side,9,673.00,674.27,673.30,chân phải,1,4.94,1.34,3.60,,,,,2.00,1.60,0.00,0.00,,,,,,,,,,,,,,,,,,,,,,,,,,,,,,,,,,,,,,,,,,,,,,,0.72,0.54,0.00,0.08,,,,,,,,,,,,,,,,,,,,,,,,,,,,,,,,,,,,,,,,,,
Tự học võ tại nhà Taekwondo #6 - Learn Taekwondo At Home - Taekwondo 태권도 - VinKungfu.mp4,Đá ngang (phải),side,10,674.27,676.17,674.90,chân phải,1,8.66,3.66,5.00,,,,,2.00,1.60,1.40,0.00,,,,,,,,,,,,,,,,,,,,,,,,,,,,,,,,,,,,,,,,,,,,,,,1.60,1.20,0.80,0.06,,,,,,,,,,,,,,,,,,,,,,,,,,,,,,,,,,,,,,,,,,
Tự học võ tại nhà Taekwondo #6 - Learn Taekwondo At Home - Taekwondo 태권도 - VinKungfu.mp4,Đá ngang (phải),side,11,677.07,678.60,677.30,chân phải,1,4.86,1.26,3.60,,,,,2.00,1.60,0.00,0.00,,,,,,,,,,,,,,,,,,,,,,,,,,,,,,,,,,,,,,,,,,,,,,,0.72,0.54,0.00,0.00,,,,,,,,,,,,,,,,,,,,,,,,,,,,,,,,,,,,,,,,,,
Tự học võ tại nhà Taekwondo #6 - Learn Taekwondo At Home - Taekwondo 태권도 - VinKungfu.mp4,Đá ngang (phải),side,12,678.60,678.97,678.73,chân phải,1,6.53,1.53,5.00,,,,,2.00,1.60,1.40,0.00,,,,,,,,,,,,,,,,,,,,,,,,,,,,,,,,,,,,,,,,,,,,,,,0.37,1.16,0.00,0.00,,,,,,,,,,,,,,,,,,,,,,,,,,,,,,,,,,,,,,,,,,Cổ chân bị che/khó thấy trong nhiều frame — điểm kém tin cậy.
Tự học võ tại nhà Taekwondo #7 - Learn Taekwondo At Home - Taekwondo 태권도 - VinKungfu.mp4,Gạt thấp (trái) – đấm thẳng (phải),block_punch,1,58.97,60.53,60.33,tay trái + tay phải,1,6.28,2.89,3.39,,,,,,,,,,,,,0.79,0.03,0.70,0.50,,,,,,,,0.07,0.07,0.36,0.59,0.34,,,,,,,,,,,,,0.80,0.46,0.00,0.16,,,,,,,,,0.51,0.60,,,,,,,,,,,,,,,,,,,,,,,,,,,,,,,,,,,,,,,,,,,,,,"Đấm thẳng: Video kết thúc trước khi thu tay — hạng mục thu tay không tính, điểm Chính xác quy đổi theo tỉ lệ."
Tự học võ tại nhà Taekwondo #7 - Learn Taekwondo At Home - Taekwondo 태권도 - VinKungfu.mp4,Gạt thấp (trái) – đấm thẳng (phải),block_punch,2,60.53,62.17,,,0,,,,,,,,,,,,,,,,,,,,,,,,,,,,,,,,,,,,,,,,,,,,,,,,,,,,,,,,,,,,,,,,,,,,,,,,,,,,,,,,,,,,,,,,,,,,,,,,,,,,,,,"Phần 'Gạt thấp' không chấm được: Không thấy một động tác trọn vẹn: video bắt đầu/kết thúc giữa động tác, hoặc góc quay khiến không đo được tay. Nên quay chính diện hoặc chéo ~45°."
Tự học võ tại nhà Taekwondo #7 - Learn Taekwondo At Home - Taekwondo 태권도 - VinKungfu.mp4,Gạt thấp (trái) – đấm thẳng (phải),block_punch,3,62.17,62.73,62.73,tay trái + tay phải,1,7.05,2.49,4.57,,,,,,,,,,,,,0.82,,,0.50,,,,,,,,0.07,0.71,,,0.25,,,,,,,,,,,,,0.80,0.51,0.00,0.17,,,,,,,,,0.13,0.60,,,,,,,,,,,,,,,,,,,,,,,,,,,,,,,,,,,,,,,,,,,,,,"Gạt thấp: Video bắt đầu giữa động tác — các mục xoay thân/thời gian ra đòn không tính. | Gạt thấp: Video kết thúc trước khi thu tay — hạng mục thu tay không tính, điểm Chính xác quy đổi theo tỉ lệ. | Đấm thẳng: Video bắt đầu gần như ngay khi ra đòn — tư thế thủ ban đầu đo không chắc chắn. | Đấm thẳng: Video bắt đầu giữa động tác — các mục xoay thân/thời gian ra đòn không tính. | Đấm thẳng: Video kết thúc trước khi thu tay — hạng mục thu tay không tính, điểm Chính xác quy đổi theo tỉ lệ."
Tự học võ tại nhà Taekwondo #7 - Learn Taekwondo At Home - Taekwondo 태권도 - VinKungfu.mp4,Gạt thấp (trái) – đấm thẳng (phải),block_punch,4,62.73,64.60,,,0,,,,,,,,,,,,,,,,,,,,,,,,,,,,,,,,,,,,,,,,,,,,,,,,,,,,,,,,,,,,,,,,,,,,,,,,,,,,,,,,,,,,,,,,,,,,,,,,,,,,,,,"Phần 'Gạt thấp' không chấm được: Không thấy một động tác trọn vẹn: video bắt đầu/kết thúc giữa động tác, hoặc góc quay khiến không đo được tay. Nên quay chính diện hoặc chéo ~45°."
Tự học võ tại nhà Taekwondo #7 - Learn Taekwondo At Home - Taekwondo 태권도 - VinKungfu.mp4,Gạt thấp (trái) – đấm thẳng (phải),block_punch,5,64.60,65.33,65.33,tay trái + tay phải,1,7.60,2.50,5.10,,,,,,,,,,,,,0.58,,,0.47,,,,,,,,0.08,1.00,0.80,0.70,0.50,,,,,,,,,,,,,0.28,0.42,0.00,0.15,,,,,,,,,0.72,0.53,,,,,,,,,,,,,,,,,,,,,,,,,,,,,,,,,,,,,,,,,,,,,,"Gạt thấp: Video bắt đầu giữa động tác — các mục xoay thân/thời gian ra đòn không tính. | Gạt thấp: Video kết thúc trước khi thu tay — hạng mục thu tay không tính, điểm Chính xác quy đổi theo tỉ lệ. | Đấm thẳng: Video kết thúc trước khi thu tay — hạng mục thu tay không tính, điểm Chính xác quy đổi theo tỉ lệ."
Tự học võ tại nhà Taekwondo #7 - Learn Taekwondo At Home - Taekwondo 태권도 - VinKungfu.mp4,Gạt thấp (trái) – đấm thẳng (phải),block_punch,6,65.33,67.43,,,0,,,,,,,,,,,,,,,,,,,,,,,,,,,,,,,,,,,,,,,,,,,,,,,,,,,,,,,,,,,,,,,,,,,,,,,,,,,,,,,,,,,,,,,,,,,,,,,,,,,,,,,"Phần 'Đấm thẳng' không chấm được: Không thấy một cú đấm trọn vẹn: video bắt đầu/kết thúc giữa động tác, không có cú đấm, hoặc góc quay (nghiêng hẳn/quay lưng) khiến không đo được tay. Nên quay chính diện hoặc chéo ~45°."
Tự học võ tại nhà Taekwondo #7 - Learn Taekwondo At Home - Taekwondo 태권도 - VinKungfu.mp4,Gạt thấp (trái) – đấm thẳng (phải),block_punch,7,67.43,68.57,68.20,tay trái + tay phải,1,6.25,2.00,4.25,,,,,,,,,,,,,0.64,0.14,0.70,0.50,,,,,,,,0.03,0.90,0.80,0.30,0.28,,,,,,,,,,,,,0.28,0.39,0.00,0.16,,,,,,,,,0.43,0.47,,,,,,,,,,,,,,,,,,,,,,,,,,,,,,,,,,,,,,,,,,,,,,"Gạt thấp: Cổ tay bị che khuất nhiều — số đo kém tin cậy. | Đấm thẳng: Video kết thúc trước khi thu tay — hạng mục thu tay không tính, điểm Chính xác quy đổi theo tỉ lệ."
Tự học võ tại nhà Taekwondo #7 - Learn Taekwondo At Home - Taekwondo 태권도 - VinKungfu.mp4,Gạt thấp (trái) – đấm thẳng (phải),block_punch,8,68.57,69.57,,,0,,,,,,,,,,,,,,,,,,,,,,,,,,,,,,,,,,,,,,,,,,,,,,,,,,,,,,,,,,,,,,,,,,,,,,,,,,,,,,,,,,,,,,,,,,,,,,,,,,,,,,,"Phần 'Đấm thẳng' không chấm được: Không thấy một cú đấm trọn vẹn: video bắt đầu/kết thúc giữa động tác, không có cú đấm, hoặc góc quay (nghiêng hẳn/quay lưng) khiến không đo được tay. Nên quay chính diện hoặc chéo ~45°."
Tự học võ tại nhà Taekwondo #7 - Learn Taekwondo At Home - Taekwondo 태권도 - VinKungfu.mp4,Gạt thấp (trái) – đấm thẳng (phải),block_punch,9,70.13,71.57,70.27,tay trái + tay phải,1,5.95,2.16,3.79,,,,,,,,,,,,,0.90,0.61,0.70,0.50,,,,,,,0.35,0.05,0.05,,,0.50,,,,,,,,,,,,,0.16,0.25,0.00,0.13,,,,,,,,,0.62,0.60,,,,,,,,,,,,,,,,,,,,,,,,,,,,,,,,,,,,,,,,,,,,,,Gạt thấp: Cổ tay bị che khuất nhiều — số đo kém tin cậy. | Đấm thẳng: Video bắt đầu gần như ngay khi ra đòn — tư thế thủ ban đầu đo không chắc chắn. | Đấm thẳng: Video bắt đầu giữa động tác — các mục xoay thân/thời gian ra đòn không tính. | Thứ tự chưa đúng: 'Đấm thẳng' tới đích trước 'Gạt thấp'.
Tự học võ tại nhà Taekwondo #7 - Learn Taekwondo At Home - Taekwondo 태권도 - VinKungfu.mp4,Gạt thấp (trái) – đấm thẳng (phải),block_punch,10,72.10,73.53,73.10,tay trái + tay phải,1,4.96,1.01,3.94,,,,,,,,,,,,,1.00,,,0.15,,,,,,,0.00,0.19,0.64,,,0.18,,,,,,,,,,,,,0.14,0.18,0.00,0.15,,,,,,,,,0.36,0.00,,,,,,,,,,,,,,,,,,,,,,,,,,,,,,,,,,,,,,,,,,,,,,Gạt thấp: Video bắt đầu giữa động tác — các mục xoay thân/thời gian ra đòn không tính. | Gạt thấp: Cổ tay bị che khuất nhiều — số đo kém tin cậy. | Đấm thẳng: Video bắt đầu gần như ngay khi ra đòn — tư thế thủ ban đầu đo không chắc chắn. | Đấm thẳng: Video bắt đầu giữa động tác — các mục xoay thân/thời gian ra đòn không tính.
Tự học võ tại nhà Taekwondo #7 - Learn Taekwondo At Home - Taekwondo 태권도 - VinKungfu.mp4,Gạt thấp (trái) – đấm thẳng (phải),block_punch,11,74.10,75.73,,,0,,,,,,,,,,,,,,,,,,,,,,,,,,,,,,,,,,,,,,,,,,,,,,,,,,,,,,,,,,,,,,,,,,,,,,,,,,,,,,,,,,,,,,,,,,,,,,,,,,,,,,,"Phần 'Đấm thẳng' không chấm được: Không thấy một cú đấm trọn vẹn: video bắt đầu/kết thúc giữa động tác, không có cú đấm, hoặc góc quay (nghiêng hẳn/quay lưng) khiến không đo được tay. Nên quay chính diện hoặc chéo ~45°."
Tự học võ tại nhà Taekwondo #7 - Learn Taekwondo At Home - Taekwondo 태권도 - VinKungfu.mp4,Gạt thấp (trái) – đấm thẳng (phải),block_punch,12,76.07,77.77,76.33,tay trái + tay phải,1,6.84,1.87,4.97,,,,,,,,,,,,,1.00,0.80,0.00,0.17,,,,,,,0.02,0.03,1.00,,,0.50,,,,,,,,,,,,,0.22,0.21,0.00,0.12,,,,,,,,,0.66,0.60,,,,,,,,,,,,,,,,,,,,,,,,,,,,,,,,,,,,,,,,,,,,,,Gạt thấp: Cổ tay bị che khuất nhiều — số đo kém tin cậy. | Đấm thẳng: Video bắt đầu gần như ngay khi ra đòn — tư thế thủ ban đầu đo không chắc chắn. | Đấm thẳng: Video bắt đầu giữa động tác — các mục xoay thân/thời gian ra đòn không tính. | Thứ tự chưa đúng: 'Đấm thẳng' tới đích trước 'Gạt thấp'.
Tự học võ tại nhà Taekwondo #7 - Learn Taekwondo At Home - Taekwondo 태권도 - VinKungfu.mp4,Gạt thấp (trái) – đấm thẳng (phải),block_punch,13,78.90,80.93,,,0,,,,,,,,,,,,,,,,,,,,,,,,,,,,,,,,,,,,,,,,,,,,,,,,,,,,,,,,,,,,,,,,,,,,,,,,,,,,,,,,,,,,,,,,,,,,,,,,,,,,,,,"Phần 'Gạt thấp' không chấm được: Không thấy một động tác trọn vẹn: video bắt đầu/kết thúc giữa động tác, hoặc góc quay khiến không đo được tay. Nên quay chính diện hoặc chéo ~45°."
Tự học võ tại nhà Taekwondo #7 - Learn Taekwondo At Home - Taekwondo 태권도 - VinKungfu.mp4,Gạt thấp (trái) – đấm thẳng (phải),block_punch,14,80.93,82.83,81.53,tay trái + tay phải,1,8.29,2.36,5.94,,,,,,,,,,,,,0.97,,,0.50,,,,,,,0.40,0.11,1.00,0.80,0.70,0.50,,,,,,,,,,,,,0.21,0.25,0.00,0.16,,,,,,,,,0.75,0.49,,,,,,,,,,,,,,,,,,,,,,,,,,,,,,,,,,,,,,,,,,,,,,Gạt thấp: Video bắt đầu giữa động tác — các mục xoay thân/thời gian ra đòn không tính.
Tự học võ tại nhà Taekwondo #7 - Learn Taekwondo At Home - Taekwondo 태권도 - VinKungfu.mp4,Gạt thấp (trái) – đấm thẳng (phải),block_punch,15,82.87,84.87,83.67,tay trái + tay phải,1,7.37,3.05,4.32,,,,,,,,,,,,,0.68,0.22,0.70,0.50,,,,,,,0.40,0.05,0.52,0.56,0.64,0.50,,,,,,,,,,,,,0.78,0.53,0.00,0.16,,,,,,,,,0.53,0.60,,,,,,,,,,,,,,,,,,,,,,,,,,,,,,,,,,,,,,,,,,,,,,
Tự học võ tại nhà Taekwondo #7 - Learn Taekwondo At Home - Taekwondo 태권도 - VinKungfu.mp4,Gạt thấp (trái) – đấm thẳng (phải),block_punch,1,388.53,390.07,389.90,tay trái + tay phải,1,6.67,2.89,3.78,,,,,,,,,,,,,0.80,0.03,0.70,0.50,,,,,,,,0.08,0.20,0.38,0.68,0.50,,,,,,,,,,,,,0.80,0.49,0.00,0.16,,,,,,,,,0.48,0.60,,,,,,,,,,,,,,,,,,,,,,,,,,,,,,,,,,,,,,,,,,,,,,"Đấm thẳng: Video kết thúc trước khi thu tay — hạng mục thu tay không tính, điểm Chính xác quy đổi theo tỉ lệ."
Tự học võ tại nhà Taekwondo #7 - Learn Taekwondo At Home - Taekwondo 태권도 - VinKungfu.mp4,Gạt thấp (trái) – đấm thẳng (phải),block_punch,2,390.07,391.73,,,0,,,,,,,,,,,,,,,,,,,,,,,,,,,,,,,,,,,,,,,,,,,,,,,,,,,,,,,,,,,,,,,,,,,,,,,,,,,,,,,,,,,,,,,,,,,,,,,,,,,,,,,"Phần 'Gạt thấp' không chấm được: Không thấy một động tác trọn vẹn: video bắt đầu/kết thúc giữa động tác, hoặc góc quay khiến không đo được tay. Nên quay chính diện hoặc chéo ~45°."
Tự học võ tại nhà Taekwondo #7 - Learn Taekwondo At Home - Taekwondo 태권도 - VinKungfu.mp4,Gạt thấp (trái) – đấm thẳng (phải),block_punch,3,391.73,392.33,392.33,tay trái + tay phải,1,7.51,2.70,4.81,,,,,,,,,,,,,0.89,,,0.50,,,,,,,,0.07,0.78,,,0.24,,,,,,,,,,,,,0.80,0.52,0.00,0.17,,,,,,,,,0.30,0.60,,,,,,,,,,,,,,,,,,,,,,,,,,,,,,,,,,,,,,,,,,,,,,"Gạt thấp: Video bắt đầu giữa động tác — các mục xoay thân/thời gian ra đòn không tính. | Gạt thấp: Video kết thúc trước khi thu tay — hạng mục thu tay không tính, điểm Chính xác quy đổi theo tỉ lệ. | Đấm thẳng: Video bắt đầu gần như ngay khi ra đòn — tư thế thủ ban đầu đo không chắc chắn. | Đấm thẳng: Video bắt đầu giữa động tác — các mục xoay thân/thời gian ra đòn không tính. | Đấm thẳng: Video kết thúc trước khi thu tay — hạng mục thu tay không tính, điểm Chính xác quy đổi theo tỉ lệ."
Tự học võ tại nhà Taekwondo #7 - Learn Taekwondo At Home - Taekwondo 태권도 - VinKungfu.mp4,Gạt thấp (trái) – đấm thẳng (phải),block_punch,4,392.33,394.17,,,0,,,,,,,,,,,,,,,,,,,,,,,,,,,,,,,,,,,,,,,,,,,,,,,,,,,,,,,,,,,,,,,,,,,,,,,,,,,,,,,,,,,,,,,,,,,,,,,,,,,,,,,"Phần 'Gạt thấp' không chấm được: Không thấy một động tác trọn vẹn: video bắt đầu/kết thúc giữa động tác, hoặc góc quay khiến không đo được tay. Nên quay chính diện hoặc chéo ~45°."
Tự học võ tại nhà Taekwondo #7 - Learn Taekwondo At Home - Taekwondo 태권도 - VinKungfu.mp4,Gạt thấp (trái) – đấm thẳng (phải),block_punch,5,394.17,395.07,395.00,tay trái + tay phải,1,7.44,2.57,4.87,,,,,,,,,,,,,0.69,0.08,0.70,0.50,,,,,,,,0.09,0.97,0.80,0.64,0.50,,,,,,,,,,,,,0.29,0.43,0.00,0.15,,,,,,,,,0.74,0.52,,,,,,,,,,,,,,,,,,,,,,,,,,,,,,,,,,,,,,,,,,,,,,"Đấm thẳng: Video kết thúc trước khi thu tay — hạng mục thu tay không tính, điểm Chính xác quy đổi theo tỉ lệ."
Tự học võ tại nhà Taekwondo #7 - Learn Taekwondo At Home - Taekwondo 태권도 - VinKungfu.mp4,Gạt thấp (trái) – đấm thẳng (phải),block_punch,6,395.07,397.00,,,0,,,,,,,,,,,,,,,,,,,,,,,,,,,,,,,,,,,,,,,,,,,,,,,,,,,,,,,,,,,,,,,,,,,,,,,,,,,,,,,,,,,,,,,,,,,,,,,,,,,,,,,"Phần 'Đấm thẳng' không chấm được: Không thấy một cú đấm trọn vẹn: video bắt đầu/kết thúc giữa động tác, không có cú đấm, hoặc góc quay (nghiêng hẳn/quay lưng) khiến không đo được tay. Nên quay chính diện hoặc chéo ~45°."
Tự học võ tại nhà Taekwondo #7 - Learn Taekwondo At Home - Taekwondo 태권도 - VinKungfu.mp4,Gạt thấp (trái) – đấm thẳng (phải),block_punch,7,397.00,397.70,397.70,tay trái + tay phải,1,7.32,2.42,4.90,,,,,,,,,,,,,0.62,0.18,0.70,0.50,,,,,,,,0.06,0.90,0.80,0.70,0.50,,,,,,,,,,,,,0.28,0.38,0.00,0.15,,,,,,,,,0.74,0.48,,,,,,,,,,,,,,,,,,,,,,,,,,,,,,,,,,,,,,,,,,,,,,"Gạt thấp: Video kết thúc trước khi thu tay — hạng mục thu tay không tính, điểm Chính xác quy đổi theo tỉ lệ. | Đấm thẳng: Video kết thúc trước khi thu tay — hạng mục thu tay không tính, điểm Chính xác quy đổi theo tỉ lệ."
Tự học võ tại nhà Taekwondo #7 - Learn Taekwondo At Home - Taekwondo 태권도 - VinKungfu.mp4,Gạt thấp (trái) – đấm thẳng (phải),block_punch,8,397.70,399.13,,,0,,,,,,,,,,,,,,,,,,,,,,,,,,,,,,,,,,,,,,,,,,,,,,,,,,,,,,,,,,,,,,,,,,,,,,,,,,,,,,,,,,,,,,,,,,,,,,,,,,,,,,,"Phần 'Đấm thẳng' không chấm được: Không thấy một cú đấm trọn vẹn: video bắt đầu/kết thúc giữa động tác, không có cú đấm, hoặc góc quay (nghiêng hẳn/quay lưng) khiến không đo được tay. Nên quay chính diện hoặc chéo ~45°."
Tự học võ tại nhà Taekwondo #7 - Learn Taekwondo At Home - Taekwondo 태권도 - VinKungfu.mp4,Gạt thấp (trái) – đấm thẳng (phải),block_punch,9,399.70,401.17,399.83,tay trái + tay phải,1,6.22,2.30,3.92,,,,,,,,,,,,,0.86,0.62,0.70,0.50,,,,,,,0.40,0.05,0.12,,,0.50,,,,,,,,,,,,,0.14,0.24,0.00,0.12,,,,,,,,,0.74,0.60,,,,,,,,,,,,,,,,,,,,,,,,,,,,,,,,,,,,,,,,,,,,,,Gạt thấp: Cổ tay bị che khuất nhiều — số đo kém tin cậy. | Đấm thẳng: Video bắt đầu gần như ngay khi ra đòn — tư thế thủ ban đầu đo không chắc chắn. | Đấm thẳng: Video bắt đầu giữa động tác — các mục xoay thân/thời gian ra đòn không tính. | Thứ tự chưa đúng: 'Đấm thẳng' tới đích trước 'Gạt thấp'.
Tự học võ tại nhà Taekwondo #7 - Learn Taekwondo At Home - Taekwondo 태권도 - VinKungfu.mp4,Gạt thấp (trái) – đấm thẳng (phải),block_punch,10,401.67,403.13,402.67,tay trái + tay phải,1,4.97,0.97,4.00,,,,,,,,,,,,,1.00,,,0.13,,,,,,,0.00,0.19,0.74,,,0.13,,,,,,,,,,,,,0.12,0.18,0.00,0.14,,,,,,,,,0.35,0.00,,,,,,,,,,,,,,,,,,,,,,,,,,,,,,,,,,,,,,,,,,,,,,Gạt thấp: Video bắt đầu giữa động tác — các mục xoay thân/thời gian ra đòn không tính. | Gạt thấp: Cổ tay bị che khuất nhiều — số đo kém tin cậy. | Đấm thẳng: Video bắt đầu gần như ngay khi ra đòn — tư thế thủ ban đầu đo không chắc chắn. | Đấm thẳng: Video bắt đầu giữa động tác — các mục xoay thân/thời gian ra đòn không tính.
Tự học võ tại nhà Taekwondo #7 - Learn Taekwondo At Home - Taekwondo 태권도 - VinKungfu.mp4,Gạt thấp (trái) – đấm thẳng (phải),block_punch,11,403.67,405.30,403.77,tay trái + tay phải,1,5.56,2.19,3.37,,,,,,,,,,,,,0.94,0.37,0.59,0.47,,,,,,,0.21,0.05,0.00,,,0.50,,,,,,,,,,,,,0.22,0.25,0.00,0.12,,,,,,,,,0.74,0.60,,,,,,,,,,,,,,,,,,,,,,,,,,,,,,,,,,,,,,,,,,,,,,Gạt thấp: Cổ tay bị che khuất nhiều — số đo kém tin cậy. | Đấm thẳng: Video bắt đầu gần như ngay khi ra đòn — tư thế thủ ban đầu đo không chắc chắn. | Đấm thẳng: Video bắt đầu giữa động tác — các mục xoay thân/thời gian ra đòn không tính. | Thứ tự chưa đúng: 'Đấm thẳng' tới đích trước 'Gạt thấp'.
Tự học võ tại nhà Taekwondo #7 - Learn Taekwondo At Home - Taekwondo 태권도 - VinKungfu.mp4,Gạt thấp (trái) – đấm thẳng (phải),block_punch,12,405.67,407.33,405.90,tay trái + tay phải,1,7.18,1.82,5.36,,,,,,,,,,,,,1.00,,,0.18,,,,,,,0.02,0.03,1.00,,,0.50,,,,,,,,,,,,,0.22,0.21,0.00,0.12,,,,,,,,,0.61,0.60,,,,,,,,,,,,,,,,,,,,,,,,,,,,,,,,,,,,,,,,,,,,,,Gạt thấp: Video bắt đầu giữa động tác — các mục xoay thân/thời gian ra đòn không tính. | Gạt thấp: Cổ tay bị che khuất nhiều — số đo kém tin cậy. | Đấm thẳng: Video bắt đầu gần như ngay khi ra đòn — tư thế thủ ban đầu đo không chắc chắn. | Đấm thẳng: Video bắt đầu giữa động tác — các mục xoay thân/thời gian ra đòn không tính. | Thứ tự chưa đúng: 'Đấm thẳng' tới đích trước 'Gạt thấp'.
Tự học võ tại nhà Taekwondo #7 - Learn Taekwondo At Home - Taekwondo 태권도 - VinKungfu.mp4,Gạt thấp (trái) – đấm thẳng (phải),block_punch,13,408.43,410.37,,,0,,,,,,,,,,,,,,,,,,,,,,,,,,,,,,,,,,,,,,,,,,,,,,,,,,,,,,,,,,,,,,,,,,,,,,,,,,,,,,,,,,,,,,,,,,,,,,,,,,,,,,,"Phần 'Gạt thấp' không chấm được: Không thấy một động tác trọn vẹn: video bắt đầu/kết thúc giữa động tác, hoặc góc quay khiến không đo được tay. Nên quay chính diện hoặc chéo ~45°."
Tự học võ tại nhà Taekwondo #7 - Learn Taekwondo At Home - Taekwondo 태권도 - VinKungfu.mp4,Gạt thấp (trái) – đấm thẳng (phải),block_punch,14,410.37,412.40,411.10,tay trái + tay phải,1,7.54,2.33,5.20,,,,,,,,,,,,,0.91,0.09,0.70,0.50,,,,,,,0.40,0.11,1.00,0.80,0.70,0.50,,,,,,,,,,,,,0.19,0.24,0.00,0.15,,,,,,,,,0.75,0.49,,,,,,,,,,,,,,,,,,,,,,,,,,,,,,,,,,,,,,,,,,,,,,
Tự học võ tại nhà Taekwondo #7 - Learn Taekwondo At Home - Taekwondo 태권도 - VinKungfu.mp4,Gạt thấp (trái) – đấm thẳng (phải),block_punch,15,412.43,414.33,413.20,tay trái + tay phải,1,7.83,3.10,4.73,,,,,,,,,,,,,0.65,0.28,0.70,0.50,,,,,,,0.40,0.06,0.77,0.65,0.68,0.50,,,,,,,,,,,,,0.79,0.56,0.00,0.16,,,,,,,,,0.53,0.60,,,,,,,,,,,,,,,,,,,,,,,,,,,,,,,,,,,,,,,,,,,,,,
Tự học võ tại nhà Taekwondo #7 - Learn Taekwondo At Home - Taekwondo 태권도 - VinKungfu.mp4,Gạt thấp (trái) – đấm thẳng (phải),block_punch,16,414.33,414.97,414.97,tay trái + tay phải,1,6.97,2.96,4.01,,,,,,,,,,,,,0.59,,,0.50,,,,,,,,0.05,0.18,0.47,0.68,0.50,,,,,,,,,,,,,0.70,0.48,0.00,0.17,,,,,,,,,0.63,0.60,,,,,,,,,,,,,,,,,,,,,,,,,,,,,,,,,,,,,,,,,,,,,,"Gạt thấp: Video bắt đầu giữa động tác — các mục xoay thân/thời gian ra đòn không tính. | Gạt thấp: Video kết thúc trước khi thu tay — hạng mục thu tay không tính, điểm Chính xác quy đổi theo tỉ lệ. | Đấm thẳng: Video kết thúc trước khi thu tay — hạng mục thu tay không tính, điểm Chính xác quy đổi theo tỉ lệ."
Tự học võ tại nhà Taekwondo #7 - Learn Taekwondo At Home - Taekwondo 태권도 - VinKungfu.mp4,Đá vòng cầu thấp (phải),roundhouse_low,1,102.37,104.43,103.30,chân phải,1,7.48,2.48,5.00,0.48,1.20,0.80,0.00,2.00,1.60,1.40,0.00,,,,,,,,,,,,,,,,,,,,,,,,,,,,,,,,,,,,,,,,,,,,,,,,,,,,,,,,,,,,,,,,,,,,,,,,,,,,,,,,,,,,,,,,,,,,
Tự học võ tại nhà Taekwondo #7 - Learn Taekwondo At Home - Taekwondo 태권도 - VinKungfu.mp4,Đá vòng cầu thấp (phải),roundhouse_low,2,104.43,106.43,105.20,chân phải,1,6.68,1.68,5.00,0.48,1.20,0.00,0.00,2.00,1.60,1.40,0.00,,,,,,,,,,,,,,,,,,,,,,,,,,,,,,,,,,,,,,,,,,,,,,,,,,,,,,,,,,,,,,,,,,,,,,,,,,,,,,,,,,,,,,,,,,,,
Tự học võ tại nhà Taekwondo #7 - Learn Taekwondo At Home - Taekwondo 태권도 - VinKungfu.mp4,Đá vòng cầu thấp (phải),roundhouse_low,3,106.47,108.33,107.20,chân phải,1,7.11,2.11,5.00,0.38,1.20,0.54,0.00,2.00,1.60,1.40,0.00,,,,,,,,,,,,,,,,,,,,,,,,,,,,,,,,,,,,,,,,,,,,,,,,,,,,,,,,,,,,,,,,,,,,,,,,,,,,,,,,,,,,,,,,,,,,
Tự học võ tại nhà Taekwondo #7 - Learn Taekwondo At Home - Taekwondo 태권도 - VinKungfu.mp4,Đá vòng cầu thấp (phải),roundhouse_low,4,108.67,110.33,109.37,chân phải,1,7.42,2.42,5.00,0.42,1.20,0.80,0.00,2.00,1.60,1.40,0.00,,,,,,,,,,,,,,,,,,,,,,,,,,,,,,,,,,,,,,,,,,,,,,,,,,,,,,,,,,,,,,,,,,,,,,,,,,,,,,,,,,,,,,,,,,,,
Tự học võ tại nhà Taekwondo #7 - Learn Taekwondo At Home - Taekwondo 태권도 - VinKungfu.mp4,Đá vòng cầu thấp (phải),roundhouse_low,5,110.33,111.77,111.70,chân phải,1,6.36,1.36,5.00,0.00,1.20,0.00,0.16,2.00,1.60,1.40,0.00,,,,,,,,,,,,,,,,,,,,,,,,,,,,,,,,,,,,,,,,,,,,,,,,,,,,,,,,,,,,,,,,,,,,,,,,,,,,,,,,,,,,,,,,,,,,
Tự học võ tại nhà Taekwondo #7 - Learn Taekwondo At Home - Taekwondo 태권도 - VinKungfu.mp4,Đá vòng cầu thấp (phải),roundhouse_low,6,111.90,114.10,114.00,chân phải,1,6.36,1.36,5.00,0.00,1.20,0.00,0.16,2.00,1.60,1.40,0.00,,,,,,,,,,,,,,,,,,,,,,,,,,,,,,,,,,,,,,,,,,,,,,,,,,,,,,,,,,,,,,,,,,,,,,,,,,,,,,,,,,,,,,,,,,,,
Tự học võ tại nhà Taekwondo #7 - Learn Taekwondo At Home - Taekwondo 태권도 - VinKungfu.mp4,Đá vòng cầu thấp (phải),roundhouse_low,7,114.37,116.33,115.07,chân phải,1,6.74,1.74,5.00,0.54,1.20,0.00,0.00,2.00,1.60,1.40,0.00,,,,,,,,,,,,,,,,,,,,,,,,,,,,,,,,,,,,,,,,,,,,,,,,,,,,,,,,,,,,,,,,,,,,,,,,,,,,,,,,,,,,,,,,,,,,
Tự học võ tại nhà Taekwondo #7 - Learn Taekwondo At Home - Taekwondo 태권도 - VinKungfu.mp4,Đá vòng cầu thấp (phải),roundhouse_low,8,116.33,117.87,117.17,chân phải,1,7.78,2.78,5.00,0.78,1.20,0.80,0.00,2.00,1.60,1.40,0.00,,,,,,,,,,,,,,,,,,,,,,,,,,,,,,,,,,,,,,,,,,,,,,,,,,,,,,,,,,,,,,,,,,,,,,,,,,,,,,,,,,,,,,,,,,,,
Tự học võ tại nhà Taekwondo #7 - Learn Taekwondo At Home - Taekwondo 태권도 - VinKungfu.mp4,Đá vòng cầu thấp (phải),roundhouse_low,9,117.90,120.10,118.90,chân phải,1,6.89,1.89,5.00,0.55,1.20,0.14,0.00,2.00,1.60,1.40,0.00,,,,,,,,,,,,,,,,,,,,,,,,,,,,,,,,,,,,,,,,,,,,,,,,,,,,,,,,,,,,,,,,,,,,,,,,,,,,,,,,,,,,,,,,,,,,
Tự học võ tại nhà Taekwondo #7 - Learn Taekwondo At Home - Taekwondo 태권도 - VinKungfu.mp4,Đá vòng cầu thấp (phải),roundhouse_low,10,120.33,122.43,121.20,chân phải,1,7.48,2.48,5.00,0.48,1.20,0.80,0.00,2.00,1.60,1.40,0.00,,,,,,,,,,,,,,,,,,,,,,,,,,,,,,,,,,,,,,,,,,,,,,,,,,,,,,,,,,,,,,,,,,,,,,,,,,,,,,,,,,,,,,,,,,,,
Tự học võ tại nhà Taekwondo #7 - Learn Taekwondo At Home - Taekwondo 태권도 - VinKungfu.mp4,Đá vòng cầu thấp (phải),roundhouse_low,11,122.63,124.27,123.40,chân phải,1,7.36,2.51,4.85,0.42,1.13,0.80,0.16,2.00,1.60,1.25,0.00,,,,,,,,,,,,,,,,,,,,,,,,,,,,,,,,,,,,,,,,,,,,,,,,,,,,,,,,,,,,,,,,,,,,,,,,,,,,,,,,,,,,,,,,,,,,
Tự học võ tại nhà Taekwondo #7 - Learn Taekwondo At Home - Taekwondo 태권도 - VinKungfu.mp4,Đá vòng cầu thấp (phải),roundhouse_low,12,124.67,126.80,125.47,chân phải,1,7.44,2.44,5.00,0.44,1.20,0.80,0.00,2.00,1.60,1.40,0.00,,,,,,,,,,,,,,,,,,,,,,,,,,,,,,,,,,,,,,,,,,,,,,,,,,,,,,,,,,,,,,,,,,,,,,,,,,,,,,,,,,,,,,,,,,,,
Tự học võ tại nhà Taekwondo #7 - Learn Taekwondo At Home - Taekwondo 태권도 - VinKungfu.mp4,Đá vòng cầu thấp (phải),roundhouse_low,13,126.80,128.20,128.20,chân phải,1,6.78,1.78,5.00,0.42,1.20,0.00,0.16,2.00,1.60,1.40,0.00,,,,,,,,,,,,,,,,,,,,,,,,,,,,,,,,,,,,,,,,,,,,,,,,,,,,,,,,,,,,,,,,,,,,,,,,,,,,,,,,,,,,,,,,,,,,
Tự học võ tại nhà Taekwondo #7 - Learn Taekwondo At Home - Taekwondo 태권도 - VinKungfu.mp4,Đá vòng cầu thấp (phải),roundhouse_low,14,128.20,128.97,128.20,chân phải,1,6.68,1.68,5.00,0.32,1.20,0.00,0.16,2.00,1.60,1.40,0.00,,,,,,,,,,,,,,,,,,,,,,,,,,,,,,,,,,,,,,,,,,,,,,,,,,,,,,,,,,,,,,,,,,,,,,,,,,,,,,,,,,,,,,,,,,,,
Tự học võ tại nhà Taekwondo #7 - Learn Taekwondo At Home - Taekwondo 태권도 - VinKungfu.mp4,Đá vòng cầu thấp (phải),roundhouse_low,1,432.00,434.00,432.87,chân phải,1,7.48,2.48,5.00,0.48,1.20,0.80,0.00,2.00,1.60,1.40,0.00,,,,,,,,,,,,,,,,,,,,,,,,,,,,,,,,,,,,,,,,,,,,,,,,,,,,,,,,,,,,,,,,,,,,,,,,,,,,,,,,,,,,,,,,,,,,
Tự học võ tại nhà Taekwondo #7 - Learn Taekwondo At Home - Taekwondo 태권도 - VinKungfu.mp4,Đá vòng cầu thấp (phải),roundhouse_low,2,434.00,436.00,434.77,chân phải,1,6.68,1.68,5.00,0.48,1.20,0.00,0.00,2.00,1.60,1.40,0.00,,,,,,,,,,,,,,,,,,,,,,,,,,,,,,,,,,,,,,,,,,,,,,,,,,,,,,,,,,,,,,,,,,,,,,,,,,,,,,,,,,,,,,,,,,,,
Tự học võ tại nhà Taekwondo #7 - Learn Taekwondo At Home - Taekwondo 태권도 - VinKungfu.mp4,Đá vòng cầu thấp (phải),roundhouse_low,3,436.00,437.90,436.77,chân phải,1,7.07,2.07,5.00,0.34,1.20,0.53,0.00,2.00,1.60,1.40,0.00,,,,,,,,,,,,,,,,,,,,,,,,,,,,,,,,,,,,,,,,,,,,,,,,,,,,,,,,,,,,,,,,,,,,,,,,,,,,,,,,,,,,,,,,,,,,
Tự học võ tại nhà Taekwondo #7 - Learn Taekwondo At Home - Taekwondo 태권도 - VinKungfu.mp4,Đá vòng cầu thấp (phải),roundhouse_low,4,438.23,439.90,438.93,chân phải,1,7.41,2.41,5.00,0.41,1.20,0.80,0.00,2.00,1.60,1.40,0.00,,,,,,,,,,,,,,,,,,,,,,,,,,,,,,,,,,,,,,,,,,,,,,,,,,,,,,,,,,,,,,,,,,,,,,,,,,,,,,,,,,,,,,,,,,,,
Tự học võ tại nhà Taekwondo #7 - Learn Taekwondo At Home - Taekwondo 태권도 - VinKungfu.mp4,Đá vòng cầu thấp (phải),roundhouse_low,5,439.90,441.37,441.23,chân phải,1,6.21,1.31,4.90,0.00,1.15,0.00,0.16,2.00,1.60,1.30,0.00,,,,,,,,,,,,,,,,,,,,,,,,,,,,,,,,,,,,,,,,,,,,,,,,,,,,,,,,,,,,,,,,,,,,,,,,,,,,,,,,,,,,,,,,,,,,
Tự học võ tại nhà Taekwondo #7 - Learn Taekwondo At Home - Taekwondo 태권도 - VinKungfu.mp4,Đá vòng cầu thấp (phải),roundhouse_low,6,441.47,443.67,443.57,chân phải,1,6.36,1.36,5.00,0.00,1.20,0.00,0.16,2.00,1.60,1.40,0.00,,,,,,,,,,,,,,,,,,,,,,,,,,,,,,,,,,,,,,,,,,,,,,,,,,,,,,,,,,,,,,,,,,,,,,,,,,,,,,,,,,,,,,,,,,,,
Tự học võ tại nhà Taekwondo #7 - Learn Taekwondo At Home - Taekwondo 태권도 - VinKungfu.mp4,Đá vòng cầu thấp (phải),roundhouse_low,7,443.93,445.93,444.63,chân phải,1,6.79,1.79,5.00,0.59,1.20,0.00,0.00,2.00,1.60,1.40,0.00,,,,,,,,,,,,,,,,,,,,,,,,,,,,,,,,,,,,,,,,,,,,,,,,,,,,,,,,,,,,,,,,,,,,,,,,,,,,,,,,,,,,,,,,,,,,
Tự học võ tại nhà Taekwondo #7 - Learn Taekwondo At Home - Taekwondo 태권도 - VinKungfu.mp4,Đá vòng cầu thấp (phải),roundhouse_low,8,445.93,447.43,446.73,chân phải,1,7.69,2.69,5.00,0.69,1.20,0.80,0.00,2.00,1.60,1.40,0.00,,,,,,,,,,,,,,,,,,,,,,,,,,,,,,,,,,,,,,,,,,,,,,,,,,,,,,,,,,,,,,,,,,,,,,,,,,,,,,,,,,,,,,,,,,,,
Tự học võ tại nhà Taekwondo #7 - Learn Taekwondo At Home - Taekwondo 태권도 - VinKungfu.mp4,Đá vòng cầu thấp (phải),roundhouse_low,9,447.47,449.67,448.50,chân phải,1,6.86,1.86,5.00,0.52,1.20,0.14,0.00,2.00,1.60,1.40,0.00,,,,,,,,,,,,,,,,,,,,,,,,,,,,,,,,,,,,,,,,,,,,,,,,,,,,,,,,,,,,,,,,,,,,,,,,,,,,,,,,,,,,,,,,,,,,
Tự học võ tại nhà Taekwondo #7 - Learn Taekwondo At Home - Taekwondo 태권도 - VinKungfu.mp4,Đá vòng cầu thấp (phải),roundhouse_low,10,449.90,452.00,450.70,chân phải,1,7.48,2.48,5.00,0.48,1.20,0.80,0.00,2.00,1.60,1.40,0.00,,,,,,,,,,,,,,,,,,,,,,,,,,,,,,,,,,,,,,,,,,,,,,,,,,,,,,,,,,,,,,,,,,,,,,,,,,,,,,,,,,,,,,,,,,,,
Tự học võ tại nhà Taekwondo #7 - Learn Taekwondo At Home - Taekwondo 태권도 - VinKungfu.mp4,Đá vòng cầu thấp (phải),roundhouse_low,11,452.23,453.63,452.80,chân phải,1,7.38,2.38,5.00,0.38,1.20,0.80,0.00,2.00,1.60,1.40,0.00,,,,,,,,,,,,,,,,,,,,,,,,,,,,,,,,,,,,,,,,,,,,,,,,,,,,,,,,,,,,,,,,,,,,,,,,,,,,,,,,,,,,,,,,,,,,
Tự học võ tại nhà Taekwondo #7 - Learn Taekwondo At Home - Taekwondo 태권도 - VinKungfu.mp4,Đá vòng cầu thấp (phải),roundhouse_low,12,454.20,456.37,455.03,chân phải,1,7.43,2.43,5.00,0.43,1.20,0.80,0.00,2.00,1.60,1.40,0.00,,,,,,,,,,,,,,,,,,,,,,,,,,,,,,,,,,,,,,,,,,,,,,,,,,,,,,,,,,,,,,,,,,,,,,,,,,,,,,,,,,,,,,,,,,,,
Tự học võ tại nhà Taekwondo #7 - Learn Taekwondo At Home - Taekwondo 태권도 - VinKungfu.mp4,Đá vòng cầu thấp (phải),roundhouse_low,13,456.37,457.80,457.77,chân phải,1,6.78,1.78,5.00,0.42,1.20,0.00,0.16,2.00,1.60,1.40,0.00,,,,,,,,,,,,,,,,,,,,,,,,,,,,,,,,,,,,,,,,,,,,,,,,,,,,,,,,,,,,,,,,,,,,,,,,,,,,,,,,,,,,,,,,,,,,
Tự học võ tại nhà Taekwondo #7 - Learn Taekwondo At Home - Taekwondo 태권도 - VinKungfu.mp4,Đá vòng cầu thấp (phải),roundhouse_low,14,457.80,458.97,457.80,chân phải,1,6.20,1.20,5.00,0.00,1.20,0.00,0.00,2.00,1.60,1.40,0.00,,,,,,,,,,,,,,,,,,,,,,,,,,,,,,,,,,,,,,,,,,,,,,,,,,,,,,,,,,,,,,,,,,,,,,,,,,,,,,,,,,,,,,,,,,,,
Tự học võ tại nhà Taekwondo #7 - Learn Taekwondo At Home - Taekwondo 태권도 - VinKungfu.mp4,Đá cạnh thấp (phải),side_low,1,192.00,192.50,192.43,chân phải,1,6.92,1.92,5.00,,,,,2.00,1.60,1.40,0.00,,,,,,,,,,,,,,,,,,,,,,,,,,,,,,,,,,,,,,,,,,,,,,,0.72,1.20,0.00,0.00,,,,,,,,,,,,,,,,,,,,,,,,,,,,,,,,,,,,,,,,,,Cổ chân bị che/khó thấy trong nhiều frame — điểm kém tin cậy.
Tự học võ tại nhà Taekwondo #7 - Learn Taekwondo At Home - Taekwondo 태권도 - VinKungfu.mp4,Đá cạnh thấp (phải),side_low,2,192.67,194.13,193.27,chân phải,1,6.68,1.68,5.00,,,,,2.00,1.60,1.40,0.00,,,,,,,,,,,,,,,,,,,,,,,,,,,,,,,,,,,,,,,,,,,,,,,0.39,1.20,0.00,0.09,,,,,,,,,,,,,,,,,,,,,,,,,,,,,,,,,,,,,,,,,,
Tự học võ tại nhà Taekwondo #7 - Learn Taekwondo At Home - Taekwondo 태권도 - VinKungfu.mp4,Đá cạnh thấp (phải),side_low,3,194.33,196.53,194.90,chân phải,1,6.24,1.24,5.00,,,,,2.00,1.60,1.40,0.00,,,,,,,,,,,,,,,,,,,,,,,,,,,,,,,,,,,,,,,,,,,,,,,0.00,1.10,0.00,0.14,,,,,,,,,,,,,,,,,,,,,,,,,,,,,,,,,,,,,,,,,,
Tự học võ tại nhà Taekwondo #7 - Learn Taekwondo At Home - Taekwondo 태권도 - VinKungfu.mp4,Đá cạnh thấp (phải),side_low,4,196.90,197.97,197.40,chân phải,1,7.67,2.67,5.00,,,,,2.00,1.60,1.40,0.00,,,,,,,,,,,,,,,,,,,,,,,,,,,,,,,,,,,,,,,,,,,,,,,1.35,1.20,0.00,0.12,,,,,,,,,,,,,,,,,,,,,,,,,,,,,,,,,,,,,,,,,,
Tự học võ tại nhà Taekwondo #7 - Learn Taekwondo At Home - Taekwondo 태권도 - VinKungfu.mp4,Đá cạnh thấp (phải),side_low,5,197.97,199.77,198.63,chân phải,1,7.06,2.06,5.00,,,,,2.00,1.60,1.40,0.00,,,,,,,,,,,,,,,,,,,,,,,,,,,,,,,,,,,,,,,,,,,,,,,0.72,1.20,0.00,0.14,,,,,,,,,,,,,,,,,,,,,,,,,,,,,,,,,,,,,,,,,,
Tự học võ tại nhà Taekwondo #7 - Learn Taekwondo At Home - Taekwondo 태권도 - VinKungfu.mp4,Đá cạnh thấp (phải),side_low,6,200.20,202.10,201.83,chân phải,1,7.00,2.00,5.00,,,,,2.00,1.60,1.40,0.00,,,,,,,,,,,,,,,,,,,,,,,,,,,,,,,,,,,,,,,,,,,,,,,0.72,1.20,0.00,0.08,,,,,,,,,,,,,,,,,,,,,,,,,,,,,,,,,,,,,,,,,,
Tự học võ tại nhà Taekwondo #7 - Learn Taekwondo At Home - Taekwondo 태권도 - VinKungfu.mp4,Đá cạnh thấp (phải),side_low,7,203.50,204.87,204.87,chân phải,1,5.98,1.66,4.32,,,,,2.00,1.60,0.72,0.00,,,,,,,,,,,,,,,,,,,,,,,,,,,,,,,,,,,,,,,,,,,,,,,0.72,0.88,0.05,0.00,,,,,,,,,,,,,,,,,,,,,,,,,,,,,,,,,,,,,,,,,,
Tự học võ tại nhà Taekwondo #7 - Learn Taekwondo At Home - Taekwondo 태권도 - VinKungfu.mp4,Đá cạnh thấp (phải),side_low,8,205.27,207.10,205.53,chân phải,1,6.73,2.46,4.27,,,,,2.00,1.60,0.67,0.00,,,,,,,,,,,,,,,,,,,,,,,,,,,,,,,,,,,,,,,,,,,,,,,1.60,0.86,0.00,0.00,,,,,,,,,,,,,,,,,,,,,,,,,,,,,,,,,,,,,,,,,,
Tự học võ tại nhà Taekwondo #7 - Learn Taekwondo At Home - Taekwondo 태권도 - VinKungfu.mp4,Đá cạnh thấp (phải),side_low,9,207.10,209.13,207.93,chân phải,1,8.24,3.24,5.00,,,,,2.00,1.60,1.40,0.00,,,,,,,,,,,,,,,,,,,,,,,,,,,,,,,,,,,,,,,,,,,,,,,1.60,1.20,0.43,0.01,,,,,,,,,,,,,,,,,,,,,,,,,,,,,,,,,,,,,,,,,,
Tự học võ tại nhà Taekwondo #7 - Learn Taekwondo At Home - Taekwondo 태권도 - VinKungfu.mp4,Đá cạnh thấp (phải),side_low,10,210.23,212.43,211.00,chân phải,1,7.83,2.83,5.00,,,,,2.00,1.60,1.40,0.00,,,,,,,,,,,,,,,,,,,,,,,,,,,,,,,,,,,,,,,,,,,,,,,1.60,1.20,0.02,0.01,,,,,,,,,,,,,,,,,,,,,,,,,,,,,,,,,,,,,,,,,,
Tự học võ tại nhà Taekwondo #7 - Learn Taekwondo At Home - Taekwondo 태권도 - VinKungfu.mp4,Đá cạnh thấp (phải),side_low,11,212.57,214.70,213.53,chân phải,1,8.46,3.46,5.00,,,,,2.00,1.60,1.40,0.00,,,,,,,,,,,,,,,,,,,,,,,,,,,,,,,,,,,,,,,,,,,,,,,1.60,1.20,0.66,0.00,,,,,,,,,,,,,,,,,,,,,,,,,,,,,,,,,,,,,,,,,,
Tự học võ tại nhà Taekwondo #7 - Learn Taekwondo At Home - Taekwondo 태권도 - VinKungfu.mp4,Đá cạnh thấp (phải),side_low,12,214.93,216.63,215.73,chân phải,1,8.60,3.60,5.00,,,,,2.00,1.60,1.40,0.00,,,,,,,,,,,,,,,,,,,,,,,,,,,,,,,,,,,,,,,,,,,,,,,1.60,1.20,0.80,0.00,,,,,,,,,,,,,,,,,,,,,,,,,,,,,,,,,,,,,,,,,,
Tự học võ tại nhà Taekwondo #7 - Learn Taekwondo At Home - Taekwondo 태권도 - VinKungfu.mp4,Đá cạnh thấp (phải),side_low,13,217.87,218.97,218.80,chân phải,1,7.90,2.90,5.00,,,,,2.00,1.60,1.40,0.00,,,,,,,,,,,,,,,,,,,,,,,,,,,,,,,,,,,,,,,,,,,,,,,1.60,1.20,0.00,0.10,,,,,,,,,,,,,,,,,,,,,,,,,,,,,,,,,,,,,,,,,,
Tự học võ tại nhà Taekwondo #7 - Learn Taekwondo At Home - Taekwondo 태권도 - VinKungfu.mp4,Đá cạnh thấp (phải),side_low,1,522.23,523.70,522.83,chân phải,1,6.71,1.71,5.00,,,,,2.00,1.60,1.40,0.00,,,,,,,,,,,,,,,,,,,,,,,,,,,,,,,,,,,,,,,,,,,,,,,0.41,1.20,0.00,0.10,,,,,,,,,,,,,,,,,,,,,,,,,,,,,,,,,,,,,,,,,,
Tự học võ tại nhà Taekwondo #7 - Learn Taekwondo At Home - Taekwondo 태권도 - VinKungfu.mp4,Đá cạnh thấp (phải),side_low,2,523.97,526.17,524.47,chân phải,1,6.21,1.21,5.00,,,,,2.00,1.60,1.40,0.00,,,,,,,,,,,,,,,,,,,,,,,,,,,,,,,,,,,,,,,,,,,,,,,0.00,1.10,0.00,0.11,,,,,,,,,,,,,,,,,,,,,,,,,,,,,,,,,,,,,,,,,,
Tự học võ tại nhà Taekwondo #7 - Learn Taekwondo At Home - Taekwondo 태권도 - VinKungfu.mp4,Đá cạnh thấp (phải),side_low,3,526.77,527.80,526.97,chân phải,1,7.16,2.16,5.00,,,,,2.00,1.60,1.40,0.00,,,,,,,,,,,,,,,,,,,,,,,,,,,,,,,,,,,,,,,,,,,,,,,0.82,1.20,0.00,0.14,,,,,,,,,,,,,,,,,,,,,,,,,,,,,,,,,,,,,,,,,,
Tự học võ tại nhà Taekwondo #7 - Learn Taekwondo At Home - Taekwondo 태권도 - VinKungfu.mp4,Đá cạnh thấp (phải),side_low,4,527.80,529.33,528.23,chân phải,1,7.06,2.06,5.00,,,,,2.00,1.60,1.40,0.00,,,,,,,,,,,,,,,,,,,,,,,,,,,,,,,,,,,,,,,,,,,,,,,0.72,1.20,0.00,0.14,,,,,,,,,,,,,,,,,,,,,,,,,,,,,,,,,,,,,,,,,,
Tự học võ tại nhà Taekwondo #7 - Learn Taekwondo At Home - Taekwondo 태권도 - VinKungfu.mp4,Đá cạnh thấp (phải),side_low,5,529.73,531.67,531.40,chân phải,1,6.98,1.98,5.00,,,,,2.00,1.60,1.40,0.00,,,,,,,,,,,,,,,,,,,,,,,,,,,,,,,,,,,,,,,,,,,,,,,0.72,1.20,0.00,0.06,,,,,,,,,,,,,,,,,,,,,,,,,,,,,,,,,,,,,,,,,,
Tự học võ tại nhà Taekwondo #7 - Learn Taekwondo At Home - Taekwondo 태권도 - VinKungfu.mp4,Đá cạnh thấp (phải),side_low,6,533.07,534.43,534.43,chân phải,1,5.91,1.61,4.30,,,,,2.00,1.60,0.70,0.00,,,,,,,,,,,,,,,,,,,,,,,,,,,,,,,,,,,,,,,,,,,,,,,0.72,0.87,0.02,0.00,,,,,,,,,,,,,,,,,,,,,,,,,,,,,,,,,,,,,,,,,,
Tự học võ tại nhà Taekwondo #7 - Learn Taekwondo At Home - Taekwondo 태권도 - VinKungfu.mp4,Đá cạnh thấp (phải),side_low,7,534.90,536.63,535.00,chân phải,1,4.85,0.80,4.04,,,,,2.00,1.60,0.44,0.00,,,,,,,,,,,,,,,,,,,,,,,,,,,,,,,,,,,,,,,,,,,,,,,0.00,0.75,0.00,0.05,,,,,,,,,,,,,,,,,,,,,,,,,,,,,,,,,,,,,,,,,,
Tự học võ tại nhà Taekwondo #7 - Learn Taekwondo At Home - Taekwondo 태권도 - VinKungfu.mp4,Đá cạnh thấp (phải),side_low,8,536.63,538.70,537.50,chân phải,1,8.26,3.26,5.00,,,,,2.00,1.60,1.40,0.00,,,,,,,,,,,,,,,,,,,,,,,,,,,,,,,,,,,,,,,,,,,,,,,1.60,1.20,0.43,0.03,,,,,,,,,,,,,,,,,,,,,,,,,,,,,,,,,,,,,,,,,,
Tự học võ tại nhà Taekwondo #7 - Learn Taekwondo At Home - Taekwondo 태권도 - VinKungfu.mp4,Đá cạnh thấp (phải),side_low,9,539.80,542.00,540.57,chân phải,1,7.81,2.81,5.00,,,,,2.00,1.60,1.40,0.00,,,,,,,,,,,,,,,,,,,,,,,,,,,,,,,,,,,,,,,,,,,,,,,1.60,1.20,0.01,0.00,,,,,,,,,,,,,,,,,,,,,,,,,,,,,,,,,,,,,,,,,,
Tự học võ tại nhà Taekwondo #7 - Learn Taekwondo At Home - Taekwondo 태권도 - VinKungfu.mp4,Đá cạnh thấp (phải),side_low,10,542.13,544.27,542.97,chân phải,1,8.45,3.45,5.00,,,,,2.00,1.60,1.40,0.00,,,,,,,,,,,,,,,,,,,,,,,,,,,,,,,,,,,,,,,,,,,,,,,1.60,1.20,0.65,0.00,,,,,,,,,,,,,,,,,,,,,,,,,,,,,,,,,,,,,,,,,,
Tự học võ tại nhà Taekwondo #7 - Learn Taekwondo At Home - Taekwondo 태권도 - VinKungfu.mp4,Đá cạnh thấp (phải),side_low,11,544.53,546.20,545.33,chân phải,1,8.60,3.60,5.00,,,,,2.00,1.60,1.40,0.00,,,,,,,,,,,,,,,,,,,,,,,,,,,,,,,,,,,,,,,,,,,,,,,1.60,1.20,0.80,0.00,,,,,,,,,,,,,,,,,,,,,,,,,,,,,,,,,,,,,,,,,,
Tự học võ tại nhà Taekwondo #7 - Learn Taekwondo At Home - Taekwondo 태권도 - VinKungfu.mp4,Đá cạnh thấp (phải),side_low,12,547.47,548.97,548.37,chân phải,1,8.09,3.09,5.00,,,,,2.00,1.60,1.40,0.00,,,,,,,,,,,,,,,,,,,,,,,,,,,,,,,,,,,,,,,,,,,,,,,1.60,1.20,0.21,0.08,,,,,,,,,,,,,,,,,,,,,,,,,,,,,,,,,,,,,,,,,,
Tự học võ tại nhà Taekwondo #7 - Learn Taekwondo At Home - Taekwondo 태권도 - VinKungfu.mp4,Co đá song phi (phải),front,1,238.00,240.10,239.70,chân phải,1,6.20,1.20,5.00,,,,,2.00,1.60,1.40,0.00,,,,,,,,,0.00,1.20,0.00,0.00,,,,,,,,,,,,,,,,,,,,,,,,,,,,,,,,,,,,,,,,,,,,,,,,,,,,,,,,,,,,,,,,,,,,,,,,,,,,,,,,
Tự học võ tại nhà Taekwondo #7 - Learn Taekwondo At Home - Taekwondo 태권도 - VinKungfu.mp4,Co đá song phi (phải),front,2,240.27,241.87,241.07,chân phải,1,8.60,3.60,5.00,,,,,2.00,1.60,1.40,0.00,,,,,,,,,1.60,1.20,0.80,0.00,,,,,,,,,,,,,,,,,,,,,,,,,,,,,,,,,,,,,,,,,,,,,,,,,,,,,,,,,,,,,,,,,,,,,,,,,,,,,,,,
Tự học võ tại nhà Taekwondo #7 - Learn Taekwondo At Home - Taekwondo 태권도 - VinKungfu.mp4,Co đá song phi (phải),front,3,241.87,243.40,242.27,chân trái,1,4.57,0.97,3.60,,,,,2.00,1.60,0.00,0.00,,,,,,,,,0.43,0.54,0.00,0.00,,,,,,,,,,,,,,,,,,,,,,,,,,,,,,,,,,,,,,,,,,,,,,,,,,,,,,,,,,,,,,,,,,,,,,,,,,,,,,,,
Tự học võ tại nhà Taekwondo #7 - Learn Taekwondo At Home - Taekwondo 태권도 - VinKungfu.mp4,Co đá song phi (phải),front,4,243.40,245.23,244.33,chân phải,1,6.76,1.76,5.00,,,,,2.00,1.60,1.40,0.00,,,,,,,,,0.56,1.20,0.00,0.00,,,,,,,,,,,,,,,,,,,,,,,,,,,,,,,,,,,,,,,,,,,,,,,,,,,,,,,,,,,,,,,,,,,,,,,,,,,,,,,,
Tự học võ tại nhà Taekwondo #7 - Learn Taekwondo At Home - Taekwondo 태권도 - VinKungfu.mp4,Co đá song phi (phải),front,5,246.00,247.47,246.47,chân trái,1,4.98,1.38,3.60,,,,,2.00,1.60,0.00,0.00,,,,,,,,,0.84,0.54,0.00,0.00,,,,,,,,,,,,,,,,,,,,,,,,,,,,,,,,,,,,,,,,,,,,,,,,,,,,,,,,,,,,,,,,,,,,,,,,,,,,,,,,
Tự học võ tại nhà Taekwondo #7 - Learn Taekwondo At Home - Taekwondo 태권도 - VinKungfu.mp4,Co đá song phi (phải),front,6,247.53,249.73,248.53,chân phải,1,8.50,3.50,5.00,,,,,2.00,1.60,1.40,0.00,,,,,,,,,1.50,1.20,0.80,0.00,,,,,,,,,,,,,,,,,,,,,,,,,,,,,,,,,,,,,,,,,,,,,,,,,,,,,,,,,,,,,,,,,,,,,,,,,,,,,,,,
Tự học võ tại nhà Taekwondo #7 - Learn Taekwondo At Home - Taekwondo 태권도 - VinKungfu.mp4,Co đá song phi (phải),front,7,250.27,252.47,251.27,chân phải,1,8.36,3.36,5.00,,,,,2.00,1.60,1.40,0.00,,,,,,,,,1.50,1.20,0.66,0.00,,,,,,,,,,,,,,,,,,,,,,,,,,,,,,,,,,,,,,,,,,,,,,,,,,,,,,,,,,,,,,,,,,,,,,,,,,,,,,,,
Tự học võ tại nhà Taekwondo #7 - Learn Taekwondo At Home - Taekwondo 태권도 - VinKungfu.mp4,Co đá song phi (phải),front,8,254.37,256.33,255.17,chân phải,1,8.38,3.38,5.00,,,,,2.00,1.60,1.40,0.00,,,,,,,,,1.60,1.20,0.58,0.00,,,,,,,,,,,,,,,,,,,,,,,,,,,,,,,,,,,,,,,,,,,,,,,,,,,,,,,,,,,,,,,,,,,,,,,,,,,,,,,,
Tự học võ tại nhà Taekwondo #7 - Learn Taekwondo At Home - Taekwondo 태권도 - VinKungfu.mp4,Co đá song phi (phải),front,9,256.33,258.17,257.20,chân phải,1,8.53,3.53,5.00,,,,,2.00,1.60,1.40,0.00,,,,,,,,,1.55,1.17,0.80,0.00,,,,,,,,,,,,,,,,,,,,,,,,,,,,,,,,,,,,,,,,,,,,,,,,,,,,,,,,,,,,,,,,,,,,,,,,,,,,,,,,
Tự học võ tại nhà Taekwondo #7 - Learn Taekwondo At Home - Taekwondo 태권도 - VinKungfu.mp4,Co đá song phi (phải),front,10,258.30,259.93,258.33,chân trái,1,4.54,0.94,3.60,,,,,2.00,1.60,0.00,0.00,,,,,,,,,0.36,0.50,0.00,0.09,,,,,,,,,,,,,,,,,,,,,,,,,,,,,,,,,,,,,,,,,,,,,,,,,,,,,,,,,,,,,,,,,,,,,,,,,,,,,,,,
Tự học võ tại nhà Taekwondo #7 - Learn Taekwondo At Home - Taekwondo 태권도 - VinKungfu.mp4,Co đá song phi (phải),front,11,259.93,260.97,260.23,chân phải,1,8.43,3.43,5.00,,,,,2.00,1.60,1.40,0.00,,,,,,,,,1.59,1.19,0.61,0.05,,,,,,,,,,,,,,,,,,,,,,,,,,,,,,,,,,,,,,,,,,,,,,,,,,,,,,,,,,,,,,,,,,,,,,,,,,,,,,,,
Tự học võ tại nhà Taekwondo #7 - Learn Taekwondo At Home - Taekwondo 태권도 - VinKungfu.mp4,Co đá song phi (phải),front,12,261.77,263.03,262.20,chân trái,1,4.72,1.12,3.60,,,,,2.00,1.60,0.00,0.00,,,,,,,,,0.58,0.54,0.00,0.00,,,,,,,,,,,,,,,,,,,,,,,,,,,,,,,,,,,,,,,,,,,,,,,,,,,,,,,,,,,,,,,,,,,,,,,,,,,,,,,,
Tự học võ tại nhà Taekwondo #7 - Learn Taekwondo At Home - Taekwondo 태권도 - VinKungfu.mp4,Co đá song phi (phải),front,13,263.03,264.80,263.60,chân phải,1,8.59,3.59,5.00,,,,,2.00,1.60,1.40,0.00,,,,,,,,,1.59,1.20,0.80,0.00,,,,,,,,,,,,,,,,,,,,,,,,,,,,,,,,,,,,,,,,,,,,,,,,,,,,,,,,,,,,,,,,,,,,,,,,,,,,,,,,
Tự học võ tại nhà Taekwondo #7 - Learn Taekwondo At Home - Taekwondo 태권도 - VinKungfu.mp4,Co đá song phi (phải),front,1,568.00,569.67,568.23,chân phải,1,7.80,2.80,5.00,,,,,2.00,1.60,1.40,0.00,,,,,,,,,1.60,1.20,0.00,0.00,,,,,,,,,,,,,,,,,,,,,,,,,,,,,,,,,,,,,,,,,,,,,,,,,,,,,,,,,,,,,,,,,,,,,,,,,,,,,,,,
Tự học võ tại nhà Taekwondo #7 - Learn Taekwondo At Home - Taekwondo 태권도 - VinKungfu.mp4,Co đá song phi (phải),front,2,569.67,571.43,570.60,chân phải,1,8.54,3.54,5.00,,,,,2.00,1.60,1.40,0.00,,,,,,,,,1.54,1.20,0.80,0.00,,,,,,,,,,,,,,,,,,,,,,,,,,,,,,,,,,,,,,,,,,,,,,,,,,,,,,,,,,,,,,,,,,,,,,,,,,,,,,,,
Tự học võ tại nhà Taekwondo #7 - Learn Taekwondo At Home - Taekwondo 태권도 - VinKungfu.mp4,Co đá song phi (phải),front,3,571.43,572.97,571.80,chân trái,1,5.57,1.97,3.60,,,,,2.00,1.60,0.00,0.00,,,,,,,,,1.43,0.54,0.00,0.00,,,,,,,,,,,,,,,,,,,,,,,,,,,,,,,,,,,,,,,,,,,,,,,,,,,,,,,,,,,,,,,,,,,,,,,,,,,,,,,,
Tự học võ tại nhà Taekwondo #7 - Learn Taekwondo At Home - Taekwondo 태권도 - VinKungfu.mp4,Co đá song phi (phải),front,4,572.97,574.77,573.90,chân phải,1,6.78,1.78,5.00,,,,,2.00,1.60,1.40,0.00,,,,,,,,,0.58,1.20,0.00,0.00,,,,,,,,,,,,,,,,,,,,,,,,,,,,,,,,,,,,,,,,,,,,,,,,,,,,,,,,,,,,,,,,,,,,,,,,,,,,,,,,
Tự học võ tại nhà Taekwondo #7 - Learn Taekwondo At Home - Taekwondo 태권도 - VinKungfu.mp4,Co đá song phi (phải),front,5,575.67,577.03,575.77,chân trái,1,4.51,0.91,3.60,,,,,2.00,1.60,0.00,0.00,,,,,,,,,0.33,0.54,0.00,0.03,,,,,,,,,,,,,,,,,,,,,,,,,,,,,,,,,,,,,,,,,,,,,,,,,,,,,,,,,,,,,,,,,,,,,,,,,,,,,,,,
Tự học võ tại nhà Taekwondo #7 - Learn Taekwondo At Home - Taekwondo 태권도 - VinKungfu.mp4,Co đá song phi (phải),front,6,577.10,579.30,578.17,chân phải,1,8.47,3.47,5.00,,,,,2.00,1.60,1.40,0.00,,,,,,,,,1.47,1.20,0.80,0.00,,,,,,,,,,,,,,,,,,,,,,,,,,,,,,,,,,,,,,,,,,,,,,,,,,,,,,,,,,,,,,,,,,,,,,,,,,,,,,,,
Tự học võ tại nhà Taekwondo #7 - Learn Taekwondo At Home - Taekwondo 태권도 - VinKungfu.mp4,Co đá song phi (phải),front,7,579.83,582.03,580.83,chân phải,1,8.37,3.37,5.00,,,,,2.00,1.60,1.40,0.00,,,,,,,,,1.51,1.20,0.66,0.00,,,,,,,,,,,,,,,,,,,,,,,,,,,,,,,,,,,,,,,,,,,,,,,,,,,,,,,,,,,,,,,,,,,,,,,,,,,,,,,,
Tự học võ tại nhà Taekwondo #7 - Learn Taekwondo At Home - Taekwondo 태권도 - VinKungfu.mp4,Co đá song phi (phải),front,8,583.87,585.93,584.73,chân phải,1,8.38,3.38,5.00,,,,,2.00,1.60,1.40,0.00,,,,,,,,,1.60,1.20,0.58,0.00,,,,,,,,,,,,,,,,,,,,,,,,,,,,,,,,,,,,,,,,,,,,,,,,,,,,,,,,,,,,,,,,,,,,,,,,,,,,,,,,
Tự học võ tại nhà Taekwondo #7 - Learn Taekwondo At Home - Taekwondo 태권도 - VinKungfu.mp4,Co đá song phi (phải),front,9,585.93,587.73,586.77,chân phải,1,8.54,3.54,5.00,,,,,2.00,1.60,1.40,0.00,,,,,,,,,1.55,1.19,0.80,0.00,,,,,,,,,,,,,,,,,,,,,,,,,,,,,,,,,,,,,,,,,,,,,,,,,,,,,,,,,,,,,,,,,,,,,,,,,,,,,,,,
Tự học võ tại nhà Taekwondo #7 - Learn Taekwondo At Home - Taekwondo 태권도 - VinKungfu.mp4,Co đá song phi (phải),front,10,587.87,589.50,587.90,chân trái,1,4.81,1.21,3.60,,,,,2.00,1.60,0.00,0.00,,,,,,,,,0.63,0.49,0.00,0.09,,,,,,,,,,,,,,,,,,,,,,,,,,,,,,,,,,,,,,,,,,,,,,,,,,,,,,,,,,,,,,,,,,,,,,,,,,,,,,,,
Tự học võ tại nhà Taekwondo #7 - Learn Taekwondo At Home - Taekwondo 태권도 - VinKungfu.mp4,Co đá song phi (phải),front,11,589.50,591.00,589.80,chân phải,1,8.25,3.25,5.00,,,,,2.00,1.60,1.40,0.00,,,,,,,,,1.59,1.14,0.52,0.00,,,,,,,,,,,,,,,,,,,,,,,,,,,,,,,,,,,,,,,,,,,,,,,,,,,,,,,,,,,,,,,,,,,,,,,,,,,,,,,,
Tự học võ tại nhà Taekwondo #7 - Learn Taekwondo At Home - Taekwondo 태권도 - VinKungfu.mp4,Co đá song phi (phải),front,12,591.93,592.90,592.00,chân trái,1,4.88,1.28,3.60,,,,,2.00,1.60,0.00,0.00,,,,,,,,,0.64,0.50,0.00,0.14,,,,,,,,,,,,,,,,,,,,,,,,,,,,,,,,,,,,,,,,,,,,,,,,,,,,,,,,,,,,,,,,,,,,,,,,,,,,,,,,
Tự học võ tại nhà Taekwondo #7 - Learn Taekwondo At Home - Taekwondo 태권도 - VinKungfu.mp4,Co đá song phi (phải),front,13,592.90,594.37,593.20,chân phải,1,8.04,3.04,5.00,,,,,2.00,1.60,1.40,0.00,,,,,,,,,1.60,1.20,0.24,0.00,,,,,,,,,,,,,,,,,,,,,,,,,,,,,,,,,,,,,,,,,,,,,,,,,,,,,,,,,,,,,,,,,,,,,,,,,,,,,,,,
Tự học võ tại nhà Taekwondo #8 - Learn Taekwondo At Home - Taekwondo 태권도 - VinKungfu.mp4,Rộng chân – đấm thẳng,horse_punch,1,190.40,192.20,191.37,tay phải,1,4.34,2.65,1.69,,,,,,,,,,,,,,,,,,,,,,,0.80,,0.00,0.27,0.68,0.74,,,,,,,,,,,,,,,,,,,,,,,,,0.75,0.84,,,,,0.26,,,,,,,,,,,,,,,,,,,,,,,,,,,,,,,,,,,,,,,,,
Tự học võ tại nhà Taekwondo #8 - Learn Taekwondo At Home - Taekwondo 태권도 - VinKungfu.mp4,Rộng chân – đấm thẳng,horse_punch,2,190.93,192.73,191.37,tay phải,1,4.82,3.27,1.55,,,,,,,,,,,,,,,,,,,,,,,0.80,,0.00,,,0.77,,,,,,,,,,,,,,,,,,,,,,,,,0.99,1.20,,,,,0.28,,,,,,,,,,,,,,,,,,,,,,,,,,,,,,,,,,,,,,,,,Video bắt đầu gần như ngay khi ra đòn — tư thế thủ ban đầu đo không chắc chắn. | Video bắt đầu giữa động tác — các mục xoay thân/thời gian ra đòn không tính.
Tự học võ tại nhà Taekwondo #8 - Learn Taekwondo At Home - Taekwondo 태권도 - VinKungfu.mp4,Rộng chân – đấm thẳng,horse_punch,3,191.53,193.33,192.30,tay trái,1,5.57,3.30,2.27,,,,,,,,,,,,,,,,,,,,,,,0.80,,0.64,0.04,0.93,0.66,,,,,,,,,,,,,,,,,,,,,,,,,1.12,1.11,,,,,0.27,,,,,,,,,,,,,,,,,,,,,,,,,,,,,,,,,,,,,,,,,
Tự học võ tại nhà Taekwondo #8 - Learn Taekwondo At Home - Taekwondo 태권도 - VinKungfu.mp4,Rộng chân – đấm thẳng,horse_punch,4,197.93,199.73,,tay trái,0,,,,,,,,,,,,,,,,,,,,,,,,,,,,,,,,,,,,,,,,,,,,,,,,,,,,,,,,,,,,,,,,,,,,,,,,,,,,,,,,,,,,,,,,,,,,,,,,,,,,,,,"Không thấy một cú đấm trọn vẹn: video bắt đầu/kết thúc giữa động tác, không có cú đấm, hoặc góc quay (nghiêng hẳn/quay lưng) khiến không đo được tay. Nên quay chính diện hoặc chéo ~45°."
Tự học võ tại nhà Taekwondo #8 - Learn Taekwondo At Home - Taekwondo 태권도 - VinKungfu.mp4,Rộng chân – đấm thẳng,horse_punch,5,199.83,201.63,200.50,tay phải,1,6.04,2.36,3.68,,,,,,,,,,,,,,,,,,,,,,,0.00,,0.91,,,0.93,,,,,,,,,,,,,,,,,,,,,,,,,0.96,1.20,,,,,0.20,,,,,,,,,,,,,,,,,,,,,,,,,,,,,,,,,,,,,,,,,Video bắt đầu gần như ngay khi ra đòn — tư thế thủ ban đầu đo không chắc chắn. | Video bắt đầu giữa động tác — các mục xoay thân/thời gian ra đòn không tính.
Tự học võ tại nhà Taekwondo #8 - Learn Taekwondo At Home - Taekwondo 태권도 - VinKungfu.mp4,Rộng chân – đấm thẳng,horse_punch,6,200.50,202.30,,tay phải,0,,,,,,,,,,,,,,,,,,,,,,,,,,,,,,,,,,,,,,,,,,,,,,,,,,,,,,,,,,,,,,,,,,,,,,,,,,,,,,,,,,,,,,,,,,,,,,,,,,,,,,,"Không thấy một cú đấm trọn vẹn: video bắt đầu/kết thúc giữa động tác, không có cú đấm, hoặc góc quay (nghiêng hẳn/quay lưng) khiến không đo được tay. Nên quay chính diện hoặc chéo ~45°."
Tự học võ tại nhà Taekwondo #8 - Learn Taekwondo At Home - Taekwondo 태권도 - VinKungfu.mp4,Rộng chân – đấm thẳng,horse_punch,7,201.13,202.93,,tay phải,0,,,,,,,,,,,,,,,,,,,,,,,,,,,,,,,,,,,,,,,,,,,,,,,,,,,,,,,,,,,,,,,,,,,,,,,,,,,,,,,,,,,,,,,,,,,,,,,,,,,,,,,"Không thấy một cú đấm trọn vẹn: video bắt đầu/kết thúc giữa động tác, không có cú đấm, hoặc góc quay (nghiêng hẳn/quay lưng) khiến không đo được tay. Nên quay chính diện hoặc chéo ~45°."
Tự học võ tại nhà Taekwondo #8 - Learn Taekwondo At Home - Taekwondo 태권도 - VinKungfu.mp4,Rộng chân – đấm thẳng,horse_punch,8,201.73,203.53,202.17,tay trái,1,7.54,3.25,4.28,,,,,,,,,,,,,,,,,,,,,,,0.80,,1.39,0.49,1.40,1.00,,,,,,,,,,,,,,,,,,,,,,,,,1.18,1.13,,,,,0.14,,,,,,,,,,,,,,,,,,,,,,,,,,,,,,,,,,,,,,,,,
Tự học võ tại nhà Taekwondo #8 - Learn Taekwondo At Home - Taekwondo 태권도 - VinKungfu.mp4,Rộng chân – đấm thẳng,horse_punch,9,202.40,204.20,203.43,tay phải,1,5.88,3.31,2.57,,,,,,,,,,,,,,,,,,,,,,,0.80,,0.85,1.00,0.34,0.38,,,,,,,,,,,,,,,,,,,,,,,,,1.17,1.20,,,,,0.14,,,,,,,,,,,,,,,,,,,,,,,,,,,,,,,,,,,,,,,,,Cổ tay đấm bị che khuất nhiều — số đo kém tin cậy.
Tự học võ tại nhà Taekwondo #8 - Learn Taekwondo At Home - Taekwondo 태권도 - VinKungfu.mp4,Rộng chân – đấm thẳng,horse_punch,10,203.50,205.30,203.90,tay trái,1,7.68,3.50,4.18,,,,,,,,,,,,,,,,,,,,,,,0.80,,1.13,0.65,1.40,1.00,,,,,,,,,,,,,,,,,,,,,,,,,1.41,1.20,,,,,0.09,,,,,,,,,,,,,,,,,,,,,,,,,,,,,,,,,,,,,,,,,
Tự học võ tại nhà Taekwondo #8 - Learn Taekwondo At Home - Taekwondo 태권도 - VinKungfu.mp4,Rộng chân – đấm thẳng,horse_punch,11,204.10,205.90,205.23,tay phải,1,6.41,3.38,3.04,,,,,,,,,,,,,,,,,,,,,,,0.80,,0.99,0.45,0.59,1.00,,,,,,,,,,,,,,,,,,,,,,,,,1.23,1.20,,,,,0.15,,,,,,,,,,,,,,,,,,,,,,,,,,,,,,,,,,,,,,,,,Cổ tay đấm bị che khuất nhiều — số đo kém tin cậy.
Tự học võ tại nhà Taekwondo #8 - Learn Taekwondo At Home - Taekwondo 태권도 - VinKungfu.mp4,Rộng chân – đấm thẳng,horse_punch,12,205.00,206.80,205.83,tay trái,1,7.68,3.46,4.23,,,,,,,,,,,,,,,,,,,,,,,0.80,,1.29,0.66,1.27,1.00,,,,,,,,,,,,,,,,,,,,,,,,,1.35,1.20,,,,,0.10,,,,,,,,,,,,,,,,,,,,,,,,,,,,,,,,,,,,,,,,,
Tự học võ tại nhà Taekwondo #8 - Learn Taekwondo At Home - Taekwondo 태권도 - VinKungfu.mp4,Rộng chân – đấm thẳng,horse_punch,13,205.73,207.53,206.60,tay phải,1,6.58,2.86,3.72,,,,,,,,,,,,,,,,,,,,,,,0.80,,0.86,0.53,1.40,0.94,,,,,,,,,,,,,,,,,,,,,,,,,0.73,1.20,,,,,0.13,,,,,,,,,,,,,,,,,,,,,,,,,,,,,,,,,,,,,,,,,Cổ tay đấm bị che khuất nhiều — số đo kém tin cậy.
Tự học võ tại nhà Taekwondo #8 - Learn Taekwondo At Home - Taekwondo 태권도 - VinKungfu.mp4,Rộng chân – đấm thẳng,horse_punch,14,206.50,208.30,207.80,tay phải,1,6.09,1.54,4.55,,,,,,,,,,,,,,,,,,,,,,,0.00,,1.63,1.05,1.36,0.52,,,,,,,,,,,,,,,,,,,,,,,,,0.69,0.75,,,,,0.10,,,,,,,,,,,,,,,,,,,,,,,,,,,,,,,,,,,,,,,,,Cổ tay đấm bị che khuất nhiều — số đo kém tin cậy.
Tự học võ tại nhà Taekwondo #8 - Learn Taekwondo At Home - Taekwondo 태권도 - VinKungfu.mp4,Rộng chân – đấm thẳng,horse_punch,15,207.20,209.00,207.57,tay trái,1,7.96,3.53,4.43,,,,,,,,,,,,,,,,,,,,,,,0.80,,1.12,1.05,1.40,0.86,,,,,,,,,,,,,,,,,,,,,,,,,1.37,1.20,,,,,0.16,,,,,,,,,,,,,,,,,,,,,,,,,,,,,,,,,,,,,,,,,Video bắt đầu gần như ngay khi ra đòn — tư thế thủ ban đầu đo không chắc chắn.
Tự học võ tại nhà Taekwondo #8 - Learn Taekwondo At Home - Taekwondo 태권도 - VinKungfu.mp4,Rộng chân – đấm thẳng,horse_punch,16,207.70,209.50,209.40,tay phải,1,7.59,2.81,4.78,,,,,,,,,,,,,,,,,,,,,,,,,2.00,0.38,1.40,1.00,,,,,,,,,,,,,,,,,,,,,,,,,1.33,0.82,,,,,0.10,,,,,,,,,,,,,,,,,,,,,,,,,,,,,,,,,,,,,,,,,"Video kết thúc trước khi thu tay — hạng mục thu tay không tính, điểm Chính xác quy đổi theo tỉ lệ. | Cổ tay đấm bị che khuất nhiều — số đo kém tin cậy."
Tự học võ tại nhà Taekwondo #8 - Learn Taekwondo At Home - Taekwondo 태권도 - VinKungfu.mp4,Rộng chân – đấm thẳng,horse_punch,17,208.47,210.27,209.27,tay trái,1,7.93,3.41,4.52,,,,,,,,,,,,,,,,,,,,,,,0.80,,1.26,0.99,1.27,1.00,,,,,,,,,,,,,,,,,,,,,,,,,1.28,1.20,,,,,0.13,,,,,,,,,,,,,,,,,,,,,,,,,,,,,,,,,,,,,,,,,
Tự học võ tại nhà Taekwondo #8 - Learn Taekwondo At Home - Taekwondo 태권도 - VinKungfu.mp4,Rộng chân – đấm thẳng,horse_punch,18,209.27,210.97,209.73,tay phải,1,8.98,2.98,6.00,,,,,,,,,,,,,,,,,,,,,,,0.32,,2.00,,,1.00,,,,,,,,,,,,,,,,,,,,,,,,,1.34,1.20,,,,,0.12,,,,,,,,,,,,,,,,,,,,,,,,,,,,,,,,,,,,,,,,,Video bắt đầu gần như ngay khi ra đòn — tư thế thủ ban đầu đo không chắc chắn. | Video bắt đầu giữa động tác — các mục xoay thân/thời gian ra đòn không tính. | Cổ tay đấm bị che khuất nhiều — số đo kém tin cậy.
Tự học võ tại nhà Taekwondo #8 - Learn Taekwondo At Home - Taekwondo 태권도 - VinKungfu.mp4,Rộng chân – đấm thẳng,horse_punch,19,209.97,210.97,,tay phải,0,,,,,,,,,,,,,,,,,,,,,,,,,,,,,,,,,,,,,,,,,,,,,,,,,,,,,,,,,,,,,,,,,,,,,,,,,,,,,,,,,,,,,,,,,,,,,,,,,,,,,,,"Không thấy một cú đấm trọn vẹn: video bắt đầu/kết thúc giữa động tác, không có cú đấm, hoặc góc quay (nghiêng hẳn/quay lưng) khiến không đo được tay. Nên quay chính diện hoặc chéo ~45°."
Tự học võ tại nhà Taekwondo #8 - Learn Taekwondo At Home - Taekwondo 태권도 - VinKungfu.mp4,Rộng chân – đấm thẳng,horse_punch,1,520.00,521.80,520.93,tay phải,1,4.35,2.61,1.75,,,,,,,,,,,,,,,,,,,,,,,0.80,,0.00,0.46,0.93,0.36,,,,,,,,,,,,,,,,,,,,,,,,,0.70,0.86,,,,,0.25,,,,,,,,,,,,,,,,,,,,,,,,,,,,,,,,,,,,,,,,,
Tự học võ tại nhà Taekwondo #8 - Learn Taekwondo At Home - Taekwondo 태권도 - VinKungfu.mp4,Rộng chân – đấm thẳng,horse_punch,2,520.53,522.33,520.93,tay phải,1,5.01,3.31,1.70,,,,,,,,,,,,,,,,,,,,,,,0.80,,0.00,,,0.85,,,,,,,,,,,,,,,,,,,,,,,,,1.04,1.20,,,,,0.27,,,,,,,,,,,,,,,,,,,,,,,,,,,,,,,,,,,,,,,,,Video bắt đầu gần như ngay khi ra đòn — tư thế thủ ban đầu đo không chắc chắn. | Video bắt đầu giữa động tác — các mục xoay thân/thời gian ra đòn không tính.
Tự học võ tại nhà Taekwondo #8 - Learn Taekwondo At Home - Taekwondo 태권도 - VinKungfu.mp4,Rộng chân – đấm thẳng,horse_punch,3,521.13,522.93,521.87,tay trái,1,6.04,2.90,3.14,,,,,,,,,,,,,,,,,,,,,,,0.45,,1.31,0.09,1.10,0.64,,,,,,,,,,,,,,,,,,,,,,,,,1.11,1.08,,,,,0.26,,,,,,,,,,,,,,,,,,,,,,,,,,,,,,,,,,,,,,,,,
Tự học võ tại nhà Taekwondo #8 - Learn Taekwondo At Home - Taekwondo 태권도 - VinKungfu.mp4,Rộng chân – đấm thẳng,horse_punch,4,527.50,529.30,,tay trái,0,,,,,,,,,,,,,,,,,,,,,,,,,,,,,,,,,,,,,,,,,,,,,,,,,,,,,,,,,,,,,,,,,,,,,,,,,,,,,,,,,,,,,,,,,,,,,,,,,,,,,,,"Không thấy một cú đấm trọn vẹn: video bắt đầu/kết thúc giữa động tác, không có cú đấm, hoặc góc quay (nghiêng hẳn/quay lưng) khiến không đo được tay. Nên quay chính diện hoặc chéo ~45°."
Tự học võ tại nhà Taekwondo #8 - Learn Taekwondo At Home - Taekwondo 태권도 - VinKungfu.mp4,Rộng chân – đấm thẳng,horse_punch,5,529.40,531.20,530.07,tay phải,1,5.68,2.36,3.32,,,,,,,,,,,,,,,,,,,,,,,0.00,,0.69,,,0.97,,,,,,,,,,,,,,,,,,,,,,,,,0.97,1.20,,,,,0.19,,,,,,,,,,,,,,,,,,,,,,,,,,,,,,,,,,,,,,,,,Video bắt đầu gần như ngay khi ra đòn — tư thế thủ ban đầu đo không chắc chắn. | Video bắt đầu giữa động tác — các mục xoay thân/thời gian ra đòn không tính.
Tự học võ tại nhà Taekwondo #8 - Learn Taekwondo At Home - Taekwondo 태권도 - VinKungfu.mp4,Rộng chân – đấm thẳng,horse_punch,6,529.90,531.70,,tay phải,0,,,,,,,,,,,,,,,,,,,,,,,,,,,,,,,,,,,,,,,,,,,,,,,,,,,,,,,,,,,,,,,,,,,,,,,,,,,,,,,,,,,,,,,,,,,,,,,,,,,,,,,"Không thấy một cú đấm trọn vẹn: video bắt đầu/kết thúc giữa động tác, không có cú đấm, hoặc góc quay (nghiêng hẳn/quay lưng) khiến không đo được tay. Nên quay chính diện hoặc chéo ~45°."
Tự học võ tại nhà Taekwondo #8 - Learn Taekwondo At Home - Taekwondo 태권도 - VinKungfu.mp4,Rộng chân – đấm thẳng,horse_punch,7,530.73,532.53,,tay phải,0,,,,,,,,,,,,,,,,,,,,,,,,,,,,,,,,,,,,,,,,,,,,,,,,,,,,,,,,,,,,,,,,,,,,,,,,,,,,,,,,,,,,,,,,,,,,,,,,,,,,,,,"Không thấy một cú đấm trọn vẹn: video bắt đầu/kết thúc giữa động tác, không có cú đấm, hoặc góc quay (nghiêng hẳn/quay lưng) khiến không đo được tay. Nên quay chính diện hoặc chéo ~45°."
Tự học võ tại nhà Taekwondo #8 - Learn Taekwondo At Home - Taekwondo 태권도 - VinKungfu.mp4,Rộng chân – đấm thẳng,horse_punch,8,531.23,533.03,531.73,tay trái,1,7.55,3.27,4.29,,,,,,,,,,,,,,,,,,,,,,,0.80,,1.51,0.38,1.40,1.00,,,,,,,,,,,,,,,,,,,,,,,,,1.18,1.16,,,,,0.12,,,,,,,,,,,,,,,,,,,,,,,,,,,,,,,,,,,,,,,,,
Tự học võ tại nhà Taekwondo #8 - Learn Taekwondo At Home - Taekwondo 태권도 - VinKungfu.mp4,Rộng chân – đấm thẳng,horse_punch,9,531.77,533.57,532.87,tay phải,1,6.57,3.17,3.40,,,,,,,,,,,,,,,,,,,,,,,0.74,,1.07,1.10,0.76,0.47,,,,,,,,,,,,,,,,,,,,,,,,,1.11,1.20,,,,,0.12,,,,,,,,,,,,,,,,,,,,,,,,,,,,,,,,,,,,,,,,,Cổ tay đấm bị che khuất nhiều — số đo kém tin cậy.
Tự học võ tại nhà Taekwondo #8 - Learn Taekwondo At Home - Taekwondo 태권도 - VinKungfu.mp4,Rộng chân – đấm thẳng,horse_punch,10,532.33,534.13,532.83,tay phải,1,6.23,3.15,3.08,,,,,,,,,,,,,,,,,,,,,,,0.80,,1.07,,,0.48,,,,,,,,,,,,,,,,,,,,,,,,,1.00,1.20,,,,,0.16,,,,,,,,,,,,,,,,,,,,,,,,,,,,,,,,,,,,,,,,,Video bắt đầu gần như ngay khi ra đòn — tư thế thủ ban đầu đo không chắc chắn. | Video bắt đầu giữa động tác — các mục xoay thân/thời gian ra đòn không tính. | Cổ tay đấm bị che khuất nhiều — số đo kém tin cậy.
Tự học võ tại nhà Taekwondo #8 - Learn Taekwondo At Home - Taekwondo 태권도 - VinKungfu.mp4,Rộng chân – đấm thẳng,horse_punch,11,533.07,534.87,533.47,tay trái,1,7.67,3.47,4.20,,,,,,,,,,,,,,,,,,,,,,,0.80,,1.12,0.68,1.40,1.00,,,,,,,,,,,,,,,,,,,,,,,,,1.38,1.20,,,,,0.09,,,,,,,,,,,,,,,,,,,,,,,,,,,,,,,,,,,,,,,,,
Tự học võ tại nhà Taekwondo #8 - Learn Taekwondo At Home - Taekwondo 태권도 - VinKungfu.mp4,Rộng chân – đấm thẳng,horse_punch,12,533.70,535.50,535.43,tay phải,1,4.62,1.41,3.21,,,,,,,,,,,,,,,,,,,,,,,0.00,,0.96,0.72,1.27,0.26,,,,,,,,,,,,,,,,,,,,,,,,,0.70,0.61,,,,,0.10,,,,,,,,,,,,,,,,,,,,,,,,,,,,,,,,,,,,,,,,,Cổ tay đấm bị che khuất nhiều — số đo kém tin cậy.
Tự học võ tại nhà Taekwondo #8 - Learn Taekwondo At Home - Taekwondo 태권도 - VinKungfu.mp4,Rộng chân – đấm thẳng,horse_punch,13,534.57,536.37,535.40,tay trái,1,7.79,3.49,4.30,,,,,,,,,,,,,,,,,,,,,,,0.80,,1.31,0.72,1.27,1.00,,,,,,,,,,,,,,,,,,,,,,,,,1.38,1.20,,,,,0.11,,,,,,,,,,,,,,,,,,,,,,,,,,,,,,,,,,,,,,,,,
Tự học võ tại nhà Taekwondo #8 - Learn Taekwondo At Home - Taekwondo 태권도 - VinKungfu.mp4,Rộng chân – đấm thẳng,horse_punch,14,535.37,537.17,,tay phải,0,,,,,,,,,,,,,,,,,,,,,,,,,,,,,,,,,,,,,,,,,,,,,,,,,,,,,,,,,,,,,,,,,,,,,,,,,,,,,,,,,,,,,,,,,,,,,,,,,,,,,,,"Không thấy một cú đấm trọn vẹn: video bắt đầu/kết thúc giữa động tác, không có cú đấm, hoặc góc quay (nghiêng hẳn/quay lưng) khiến không đo được tay. Nên quay chính diện hoặc chéo ~45°."
Tự học võ tại nhà Taekwondo #8 - Learn Taekwondo At Home - Taekwondo 태권도 - VinKungfu.mp4,Rộng chân – đấm thẳng,horse_punch,15,536.07,537.87,,tay phải,0,,,,,,,,,,,,,,,,,,,,,,,,,,,,,,,,,,,,,,,,,,,,,,,,,,,,,,,,,,,,,,,,,,,,,,,,,,,,,,,,,,,,,,,,,,,,,,,,,,,,,,,"Không thấy một cú đấm trọn vẹn: video bắt đầu/kết thúc giữa động tác, không có cú đấm, hoặc góc quay (nghiêng hẳn/quay lưng) khiến không đo được tay. Nên quay chính diện hoặc chéo ~45°."
Tự học võ tại nhà Taekwondo #8 - Learn Taekwondo At Home - Taekwondo 태권도 - VinKungfu.mp4,Rộng chân – đấm thẳng,horse_punch,16,536.70,538.50,537.13,tay trái,1,8.00,3.49,4.51,,,,,,,,,,,,,,,,,,,,,,,0.80,,1.23,0.98,1.40,0.90,,,,,,,,,,,,,,,,,,,,,,,,,1.35,1.20,,,,,0.14,,,,,,,,,,,,,,,,,,,,,,,,,,,,,,,,,,,,,,,,,
Tự học võ tại nhà Taekwondo #8 - Learn Taekwondo At Home - Taekwondo 태권도 - VinKungfu.mp4,Rộng chân – đấm thẳng,horse_punch,17,537.20,539.00,538.93,tay phải,1,7.52,2.77,4.76,,,,,,,,,,,,,,,,,,,,,,,,,2.00,0.36,1.40,1.00,,,,,,,,,,,,,,,,,,,,,,,,,1.37,0.74,,,,,0.10,,,,,,,,,,,,,,,,,,,,,,,,,,,,,,,,,,,,,,,,,"Video kết thúc trước khi thu tay — hạng mục thu tay không tính, điểm Chính xác quy đổi theo tỉ lệ. | Cổ tay đấm bị che khuất nhiều — số đo kém tin cậy."
Tự học võ tại nhà Taekwondo #8 - Learn Taekwondo At Home - Taekwondo 태권도 - VinKungfu.mp4,Rộng chân – đấm thẳng,horse_punch,18,538.03,539.83,538.93,tay trái,1,7.81,3.42,4.39,,,,,,,,,,,,,,,,,,,,,,,0.80,,1.44,1.00,1.10,0.84,,,,,,,,,,,,,,,,,,,,,,,,,1.31,1.20,,,,,0.10,,,,,,,,,,,,,,,,,,,,,,,,,,,,,,,,,,,,,,,,,
Tự học võ tại nhà Taekwondo #8 - Learn Taekwondo At Home - Taekwondo 태권도 - VinKungfu.mp4,Rộng chân – đấm thẳng,horse_punch,19,538.83,540.63,538.93,tay phải,1,9.15,3.15,6.00,,,,,,,,,,,,,,,,,,,,,,,0.46,,2.00,,,1.00,,,,,,,,,,,,,,,,,,,,,,,,,1.37,1.20,,,,,0.12,,,,,,,,,,,,,,,,,,,,,,,,,,,,,,,,,,,,,,,,,Video bắt đầu gần như ngay khi ra đòn — tư thế thủ ban đầu đo không chắc chắn. | Video bắt đầu giữa động tác — các mục xoay thân/thời gian ra đòn không tính. | Cổ tay đấm bị che khuất nhiều — số đo kém tin cậy.
Tự học võ tại nhà Taekwondo #8 - Learn Taekwondo At Home - Taekwondo 태권도 - VinKungfu.mp4,Rộng chân – đấm thẳng,horse_punch,20,539.53,540.97,539.90,tay phải,1,6.77,3.44,3.33,,,,,,,,,,,,,,,,,,,,,,,0.80,,0.66,,,1.00,,,,,,,,,,,,,,,,,,,,,,,,,1.24,1.20,,,,,0.20,,,,,,,,,,,,,,,,,,,,,,,,,,,,,,,,,,,,,,,,,Video bắt đầu gần như ngay khi ra đòn — tư thế thủ ban đầu đo không chắc chắn. | Video bắt đầu giữa động tác — các mục xoay thân/thời gian ra đòn không tính. | Cổ tay đấm bị che khuất nhiều — số đo kém tin cậy.
Tự học võ tại nhà Taekwondo #8 - Learn Taekwondo At Home - Taekwondo 태권도 - VinKungfu.mp4,Đá ngang (phải),side,1,230.00,231.37,230.03,chân phải,1,6.32,1.32,5.00,,,,,2.00,1.60,1.40,0.00,,,,,,,,,,,,,,,,,,,,,,,,,,,,,,,,,,,,,,,,,,,,,,,0.00,1.20,0.00,0.12,,,,,,,,,,,,,,,,,,,,,,,,,,,,,,,,,,,,,,,,,,
Tự học võ tại nhà Taekwondo #8 - Learn Taekwondo At Home - Taekwondo 태권도 - VinKungfu.mp4,Đá ngang (phải),side,2,231.37,233.03,232.07,chân phải,1,8.74,3.74,5.00,,,,,2.00,1.60,1.40,0.00,,,,,,,,,,,,,,,,,,,,,,,,,,,,,,,,,,,,,,,,,,,,,,,1.60,1.20,0.80,0.14,,,,,,,,,,,,,,,,,,,,,,,,,,,,,,,,,,,,,,,,,,
Tự học võ tại nhà Taekwondo #8 - Learn Taekwondo At Home - Taekwondo 태권도 - VinKungfu.mp4,Đá ngang (phải),side,3,233.03,234.80,234.13,chân phải,1,8.60,3.60,5.00,,,,,2.00,1.60,1.40,0.00,,,,,,,,,,,,,,,,,,,,,,,,,,,,,,,,,,,,,,,,,,,,,,,1.60,1.20,0.80,0.00,,,,,,,,,,,,,,,,,,,,,,,,,,,,,,,,,,,,,,,,,,
Tự học võ tại nhà Taekwondo #8 - Learn Taekwondo At Home - Taekwondo 태권도 - VinKungfu.mp4,Đá ngang (phải),side,4,234.80,236.67,235.93,chân phải,1,8.64,3.64,5.00,,,,,2.00,1.60,1.40,0.00,,,,,,,,,,,,,,,,,,,,,,,,,,,,,,,,,,,,,,,,,,,,,,,1.60,1.20,0.80,0.04,,,,,,,,,,,,,,,,,,,,,,,,,,,,,,,,,,,,,,,,,,
Tự học võ tại nhà Taekwondo #8 - Learn Taekwondo At Home - Taekwondo 태권도 - VinKungfu.mp4,Đá ngang (phải),side,5,237.87,239.77,238.97,chân phải,1,7.86,2.86,5.00,,,,,2.00,1.60,1.40,0.00,,,,,,,,,,,,,,,,,,,,,,,,,,,,,,,,,,,,,,,,,,,,,,,0.72,1.20,0.80,0.14,,,,,,,,,,,,,,,,,,,,,,,,,,,,,,,,,,,,,,,,,,
Tự học võ tại nhà Taekwondo #8 - Learn Taekwondo At Home - Taekwondo 태권도 - VinKungfu.mp4,Đá ngang (phải),side,6,239.77,241.00,240.70,chân phải,1,4.87,1.27,3.60,,,,,2.00,1.60,0.00,0.00,,,,,,,,,,,,,,,,,,,,,,,,,,,,,,,,,,,,,,,,,,,,,,,0.72,0.54,0.00,0.01,,,,,,,,,,,,,,,,,,,,,,,,,,,,,,,,,,,,,,,,,,
Tự học võ tại nhà Taekwondo #8 - Learn Taekwondo At Home - Taekwondo 태권도 - VinKungfu.mp4,Đá ngang (phải),side,7,244.50,246.70,245.27,chân phải,1,6.98,2.01,4.97,,,,,2.00,1.60,1.37,0.00,,,,,,,,,,,,,,,,,,,,,,,,,,,,,,,,,,,,,,,,,,,,,,,0.72,1.19,0.00,0.10,,,,,,,,,,,,,,,,,,,,,,,,,,,,,,,,,,,,,,,,,,
Tự học võ tại nhà Taekwondo #8 - Learn Taekwondo At Home - Taekwondo 태권도 - VinKungfu.mp4,Đá ngang (phải),side,8,247.97,250.17,250.03,chân phải,1,6.65,1.83,4.81,,,,,2.00,1.60,1.21,0.00,,,,,,,,,,,,,,,,,,,,,,,,,,,,,,,,,,,,,,,,,,,,,,,0.72,1.11,0.00,0.00,,,,,,,,,,,,,,,,,,,,,,,,,,,,,,,,,,,,,,,,,,
Tự học võ tại nhà Taekwondo #8 - Learn Taekwondo At Home - Taekwondo 태권도 - VinKungfu.mp4,Đá ngang (phải),side,9,250.70,252.90,251.73,chân phải,1,8.74,3.74,5.00,,,,,2.00,1.60,1.40,0.00,,,,,,,,,,,,,,,,,,,,,,,,,,,,,,,,,,,,,,,,,,,,,,,1.60,1.20,0.80,0.14,,,,,,,,,,,,,,,,,,,,,,,,,,,,,,,,,,,,,,,,,,
Tự học võ tại nhà Taekwondo #8 - Learn Taekwondo At Home - Taekwondo 태권도 - VinKungfu.mp4,Đá ngang (phải),side,10,255.13,256.97,255.83,chân phải,1,8.74,3.74,5.00,,,,,2.00,1.60,1.40,0.00,,,,,,,,,,,,,,,,,,,,,,,,,,,,,,,,,,,,,,,,,,,,,,,1.60,1.20,0.80,0.14,,,,,,,,,,,,,,,,,,,,,,,,,,,,,,,,,,,,,,,,,,
Tự học võ tại nhà Taekwondo #8 - Learn Taekwondo At Home - Taekwondo 태권도 - VinKungfu.mp4,Đá ngang (phải),side,1,560.00,560.97,560.53,chân phải,1,6.80,1.88,4.92,,,,,2.00,1.60,1.32,0.00,,,,,,,,,,,,,,,,,,,,,,,,,,,,,,,,,,,,,,,,,,,,,,,0.72,1.16,0.00,0.00,,,,,,,,,,,,,,,,,,,,,,,,,,,,,,,,,,,,,,,,,,
Tự học võ tại nhà Taekwondo #8 - Learn Taekwondo At Home - Taekwondo 태권도 - VinKungfu.mp4,Đá ngang (phải),side,2,560.97,562.60,561.63,chân phải,1,7.14,2.14,5.00,,,,,2.00,1.60,1.40,0.00,,,,,,,,,,,,,,,,,,,,,,,,,,,,,,,,,,,,,,,,,,,,,,,0.00,1.20,0.80,0.14,,,,,,,,,,,,,,,,,,,,,,,,,,,,,,,,,,,,,,,,,,
Tự học võ tại nhà Taekwondo #8 - Learn Taekwondo At Home - Taekwondo 태권도 - VinKungfu.mp4,Đá ngang (phải),side,3,562.60,564.33,563.70,chân phải,1,8.60,3.60,5.00,,,,,2.00,1.60,1.40,0.00,,,,,,,,,,,,,,,,,,,,,,,,,,,,,,,,,,,,,,,,,,,,,,,1.60,1.20,0.80,0.00,,,,,,,,,,,,,,,,,,,,,,,,,,,,,,,,,,,,,,,,,,
Tự học võ tại nhà Taekwondo #8 - Learn Taekwondo At Home - Taekwondo 태권도 - VinKungfu.mp4,Đá ngang (phải),side,4,564.33,566.23,565.17,chân phải,1,8.64,3.64,5.00,,,,,2.00,1.60,1.40,0.00,,,,,,,,,,,,,,,,,,,,,,,,,,,,,,,,,,,,,,,,,,,,,,,1.60,1.20,0.80,0.04,,,,,,,,,,,,,,,,,,,,,,,,,,,,,,,,,,,,,,,,,,
Tự học võ tại nhà Taekwondo #8 - Learn Taekwondo At Home - Taekwondo 태권도 - VinKungfu.mp4,Đá ngang (phải),side,5,567.43,569.33,568.53,chân phải,1,7.86,2.86,5.00,,,,,2.00,1.60,1.40,0.00,,,,,,,,,,,,,,,,,,,,,,,,,,,,,,,,,,,,,,,,,,,,,,,0.72,1.20,0.80,0.14,,,,,,,,,,,,,,,,,,,,,,,,,,,,,,,,,,,,,,,,,,
Tự học võ tại nhà Taekwondo #8 - Learn Taekwondo At Home - Taekwondo 태권도 - VinKungfu.mp4,Đá ngang (phải),side,6,569.33,570.57,570.43,chân phải,1,4.62,1.02,3.60,,,,,2.00,1.60,0.00,0.00,,,,,,,,,,,,,,,,,,,,,,,,,,,,,,,,,,,,,,,,,,,,,,,0.46,0.54,0.00,0.02,,,,,,,,,,,,,,,,,,,,,,,,,,,,,,,,,,,,,,,,,,
Tự học võ tại nhà Taekwondo #8 - Learn Taekwondo At Home - Taekwondo 태권도 - VinKungfu.mp4,Đá ngang (phải),side,7,574.07,576.27,575.23,chân phải,1,7.04,2.04,5.00,,,,,2.00,1.60,1.40,0.00,,,,,,,,,,,,,,,,,,,,,,,,,,,,,,,,,,,,,,,,,,,,,,,0.72,1.20,0.00,0.12,,,,,,,,,,,,,,,,,,,,,,,,,,,,,,,,,,,,,,,,,,
Tự học võ tại nhà Taekwondo #8 - Learn Taekwondo At Home - Taekwondo 태권도 - VinKungfu.mp4,Đá ngang (phải),side,8,577.53,579.73,579.60,chân phải,1,4.86,1.26,3.60,,,,,2.00,1.60,0.00,0.00,,,,,,,,,,,,,,,,,,,,,,,,,,,,,,,,,,,,,,,,,,,,,,,0.72,0.54,0.00,0.00,,,,,,,,,,,,,,,,,,,,,,,,,,,,,,,,,,,,,,,,,,
Tự học võ tại nhà Taekwondo #8 - Learn Taekwondo At Home - Taekwondo 태권도 - VinKungfu.mp4,Đá ngang (phải),side,9,580.23,582.43,581.27,chân phải,1,8.74,3.74,5.00,,,,,2.00,1.60,1.40,0.00,,,,,,,,,,,,,,,,,,,,,,,,,,,,,,,,,,,,,,,,,,,,,,,1.60,1.20,0.80,0.14,,,,,,,,,,,,,,,,,,,,,,,,,,,,,,,,,,,,,,,,,,
Tự học võ tại nhà Taekwondo #8 - Learn Taekwondo At Home - Taekwondo 태권도 - VinKungfu.mp4,Đá ngang (phải),side,10,584.73,586.93,585.43,chân phải,1,7.81,2.81,5.00,,,,,2.00,1.60,1.40,0.00,,,,,,,,,,,,,,,,,,,,,,,,,,,,,,,,,,,,,,,,,,,,,,,1.39,1.20,0.08,0.14,,,,,,,,,,,,,,,,,,,,,,,,,,,,,,,,,,,,,,,,,,
Tự học võ tại nhà Taekwondo #8 - Learn Taekwondo At Home - Taekwondo 태권도 - VinKungfu.mp4,Ngả người – đá ức chân (trái),push,1,274.90,277.10,275.17,chân trái,1,6.85,1.85,5.00,,,,,2.00,1.60,1.40,0.00,,,,,,,,,,,,,,,,,,,,,,,,,,,,,,,,,,,,,,,,,1.19,0.54,0.00,0.12,,,,,,,,,,,,,,,,,,,,,,,,,,,,,,,,,,,,,,,,,,,,,,,,
Tự học võ tại nhà Taekwondo #8 - Learn Taekwondo At Home - Taekwondo 태권도 - VinKungfu.mp4,Ngả người – đá ức chân (trái),push,2,277.60,279.80,277.83,chân trái,1,5.79,2.19,3.60,,,,,2.00,1.60,0.00,0.00,,,,,,,,,,,,,,,,,,,,,,,,,,,,,,,,,,,,,,,,,1.56,0.54,0.00,0.09,,,,,,,,,,,,,,,,,,,,,,,,,,,,,,,,,,,,,,,,,,,,,,,,
Tự học võ tại nhà Taekwondo #8 - Learn Taekwondo At Home - Taekwondo 태권도 - VinKungfu.mp4,Ngả người – đá ức chân (trái),push,3,280.00,282.20,281.03,chân trái,1,7.69,2.69,5.00,,,,,2.00,1.60,1.40,0.00,,,,,,,,,,,,,,,,,,,,,,,,,,,,,,,,,,,,,,,,,1.30,0.54,0.80,0.04,,,,,,,,,,,,,,,,,,,,,,,,,,,,,,,,,,,,,,,,,,,,,,,,
Tự học võ tại nhà Taekwondo #8 - Learn Taekwondo At Home - Taekwondo 태권도 - VinKungfu.mp4,Ngả người – đá ức chân (trái),push,4,282.93,285.13,283.80,chân trái,1,6.27,1.27,5.00,,,,,2.00,1.60,1.40,0.00,,,,,,,,,,,,,,,,,,,,,,,,,,,,,,,,,,,,,,,,,0.61,0.54,0.04,0.08,,,,,,,,,,,,,,,,,,,,,,,,,,,,,,,,,,,,,,,,,,,,,,,,
Tự học võ tại nhà Taekwondo #8 - Learn Taekwondo At Home - Taekwondo 태권도 - VinKungfu.mp4,Ngả người – đá ức chân (trái),push,5,285.30,286.93,285.97,chân trái,1,7.93,2.93,5.00,,,,,2.00,1.60,1.40,0.00,,,,,,,,,,,,,,,,,,,,,,,,,,,,,,,,,,,,,,,,,1.48,0.54,0.80,0.11,,,,,,,,,,,,,,,,,,,,,,,,,,,,,,,,,,,,,,,,,,,,,,,,
Tự học võ tại nhà Taekwondo #8 - Learn Taekwondo At Home - Taekwondo 태권도 - VinKungfu.mp4,Ngả người – đá ức chân (trái),push,6,286.93,288.33,287.33,chân trái,1,7.95,2.95,5.00,,,,,2.00,1.60,1.40,0.00,,,,,,,,,,,,,,,,,,,,,,,,,,,,,,,,,,,,,,,,,1.47,0.54,0.80,0.14,,,,,,,,,,,,,,,,,,,,,,,,,,,,,,,,,,,,,,,,,,,,,,,,
Tự học võ tại nhà Taekwondo #8 - Learn Taekwondo At Home - Taekwondo 태권도 - VinKungfu.mp4,Ngả người – đá ức chân (trái),push,7,288.33,289.80,288.77,chân trái,1,7.91,2.91,5.00,,,,,2.00,1.60,1.40,0.00,,,,,,,,,,,,,,,,,,,,,,,,,,,,,,,,,,,,,,,,,1.43,0.54,0.80,0.14,,,,,,,,,,,,,,,,,,,,,,,,,,,,,,,,,,,,,,,,,,,,,,,,
Tự học võ tại nhà Taekwondo #8 - Learn Taekwondo At Home - Taekwondo 태권도 - VinKungfu.mp4,Ngả người – đá ức chân (trái),push,8,289.80,291.47,290.23,chân trái,1,7.64,2.64,5.00,,,,,2.00,1.60,1.40,0.00,,,,,,,,,,,,,,,,,,,,,,,,,,,,,,,,,,,,,,,,,1.30,0.54,0.80,0.00,,,,,,,,,,,,,,,,,,,,,,,,,,,,,,,,,,,,,,,,,,,,,,,,
Tự học võ tại nhà Taekwondo #8 - Learn Taekwondo At Home - Taekwondo 태권도 - VinKungfu.mp4,Ngả người – đá ức chân (trái),push,9,291.47,293.10,292.03,chân trái,1,7.81,2.81,5.00,,,,,2.00,1.60,1.40,0.00,,,,,,,,,,,,,,,,,,,,,,,,,,,,,,,,,,,,,,,,,1.40,0.52,0.80,0.08,,,,,,,,,,,,,,,,,,,,,,,,,,,,,,,,,,,,,,,,,,,,,,,,
Tự học võ tại nhà Taekwondo #8 - Learn Taekwondo At Home - Taekwondo 태권도 - VinKungfu.mp4,Ngả người – đá ức chân (trái),push,10,293.10,294.93,293.63,chân trái,1,7.44,2.44,5.00,,,,,2.00,1.60,1.40,0.00,,,,,,,,,,,,,,,,,,,,,,,,,,,,,,,,,,,,,,,,,0.96,0.54,0.80,0.14,,,,,,,,,,,,,,,,,,,,,,,,,,,,,,,,,,,,,,,,,,,,,,,,
Tự học võ tại nhà Taekwondo #8 - Learn Taekwondo At Home - Taekwondo 태권도 - VinKungfu.mp4,Ngả người – đá ức chân (trái),push,11,295.37,297.30,296.43,chân trái,1,7.23,2.23,5.00,,,,,2.00,1.60,1.40,0.00,,,,,,,,,,,,,,,,,,,,,,,,,,,,,,,,,,,,,,,,,1.19,0.54,0.41,0.08,,,,,,,,,,,,,,,,,,,,,,,,,,,,,,,,,,,,,,,,,,,,,,,,
Tự học võ tại nhà Taekwondo #8 - Learn Taekwondo At Home - Taekwondo 태권도 - VinKungfu.mp4,Ngả người – đá ức chân (trái),push,12,297.50,299.63,298.43,chân trái,1,7.76,2.76,5.00,,,,,2.00,1.60,1.40,0.00,,,,,,,,,,,,,,,,,,,,,,,,,,,,,,,,,,,,,,,,,1.37,0.54,0.75,0.10,,,,,,,,,,,,,,,,,,,,,,,,,,,,,,,,,,,,,,,,,,,,,,,,
Tự học võ tại nhà Taekwondo #8 - Learn Taekwondo At Home - Taekwondo 태권도 - VinKungfu.mp4,Ngả người – đá ức chân (trái),push,13,299.80,300.97,300.70,chân trái,1,7.05,2.05,5.00,,,,,2.00,1.60,1.40,0.00,,,,,,,,,,,,,,,,,,,,,,,,,,,,,,,,,,,,,,,,,1.53,0.53,0.00,0.00,,,,,,,,,,,,,,,,,,,,,,,,,,,,,,,,,,,,,,,,,,,,,,,,
Tự học võ tại nhà Taekwondo #8 - Learn Taekwondo At Home - Taekwondo 태권도 - VinKungfu.mp4,Ngả người – đá ức chân (trái),push,1,604.47,606.67,604.73,chân trái,1,6.21,1.21,5.00,,,,,2.00,1.60,1.40,0.00,,,,,,,,,,,,,,,,,,,,,,,,,,,,,,,,,,,,,,,,,0.56,0.54,0.00,0.12,,,,,,,,,,,,,,,,,,,,,,,,,,,,,,,,,,,,,,,,,,,,,,,,
Tự học võ tại nhà Taekwondo #8 - Learn Taekwondo At Home - Taekwondo 태권도 - VinKungfu.mp4,Ngả người – đá ức chân (trái),push,2,607.13,609.33,607.40,chân trái,1,5.75,2.15,3.60,,,,,2.00,1.60,0.00,0.00,,,,,,,,,,,,,,,,,,,,,,,,,,,,,,,,,,,,,,,,,1.52,0.54,0.00,0.09,,,,,,,,,,,,,,,,,,,,,,,,,,,,,,,,,,,,,,,,,,,,,,,,
Tự học võ tại nhà Taekwondo #8 - Learn Taekwondo At Home - Taekwondo 태권도 - VinKungfu.mp4,Ngả người – đá ức chân (trái),push,3,609.57,611.77,610.60,chân trái,1,7.66,2.66,5.00,,,,,2.00,1.60,1.40,0.00,,,,,,,,,,,,,,,,,,,,,,,,,,,,,,,,,,,,,,,,,1.29,0.54,0.80,0.02,,,,,,,,,,,,,,,,,,,,,,,,,,,,,,,,,,,,,,,,,,,,,,,,
Tự học võ tại nhà Taekwondo #8 - Learn Taekwondo At Home - Taekwondo 태권도 - VinKungfu.mp4,Ngả người – đá ức chân (trái),push,4,612.47,614.67,613.37,chân trái,1,7.28,2.28,5.00,,,,,2.00,1.60,1.40,0.00,,,,,,,,,,,,,,,,,,,,,,,,,,,,,,,,,,,,,,,,,1.26,0.54,0.39,0.09,,,,,,,,,,,,,,,,,,,,,,,,,,,,,,,,,,,,,,,,,,,,,,,,
Tự học võ tại nhà Taekwondo #8 - Learn Taekwondo At Home - Taekwondo 태권도 - VinKungfu.mp4,Ngả người – đá ức chân (trái),push,5,614.87,616.50,615.53,chân trái,1,7.81,2.81,5.00,,,,,2.00,1.60,1.40,0.00,,,,,,,,,,,,,,,,,,,,,,,,,,,,,,,,,,,,,,,,,1.45,0.46,0.80,0.09,,,,,,,,,,,,,,,,,,,,,,,,,,,,,,,,,,,,,,,,,,,,,,,,
Tự học võ tại nhà Taekwondo #8 - Learn Taekwondo At Home - Taekwondo 태권도 - VinKungfu.mp4,Ngả người – đá ức chân (trái),push,6,616.50,617.93,616.90,chân trái,1,7.95,2.95,5.00,,,,,2.00,1.60,1.40,0.00,,,,,,,,,,,,,,,,,,,,,,,,,,,,,,,,,,,,,,,,,1.47,0.54,0.80,0.14,,,,,,,,,,,,,,,,,,,,,,,,,,,,,,,,,,,,,,,,,,,,,,,,
Tự học võ tại nhà Taekwondo #8 - Learn Taekwondo At Home - Taekwondo 태권도 - VinKungfu.mp4,Ngả người – đá ức chân (trái),push,7,617.93,619.37,618.33,chân trái,1,7.87,2.87,5.00,,,,,2.00,1.60,1.40,0.00,,,,,,,,,,,,,,,,,,,,,,,,,,,,,,,,,,,,,,,,,1.39,0.54,0.80,0.14,,,,,,,,,,,,,,,,,,,,,,,,,,,,,,,,,,,,,,,,,,,,,,,,
Tự học võ tại nhà Taekwondo #8 - Learn Taekwondo At Home - Taekwondo 태권도 - VinKungfu.mp4,Ngả người – đá ức chân (trái),push,8,619.37,621.03,619.80,chân trái,1,7.63,2.63,5.00,,,,,2.00,1.60,1.40,0.00,,,,,,,,,,,,,,,,,,,,,,,,,,,,,,,,,,,,,,,,,1.29,0.54,0.80,0.00,,,,,,,,,,,,,,,,,,,,,,,,,,,,,,,,,,,,,,,,,,,,,,,,
Tự học võ tại nhà Taekwondo #8 - Learn Taekwondo At Home - Taekwondo 태권도 - VinKungfu.mp4,Ngả người – đá ức chân (trái),push,9,621.03,622.73,621.60,chân trái,1,7.72,2.72,5.00,,,,,2.00,1.60,1.40,0.00,,,,,,,,,,,,,,,,,,,,,,,,,,,,,,,,,,,,,,,,,1.35,0.50,0.80,0.07,,,,,,,,,,,,,,,,,,,,,,,,,,,,,,,,,,,,,,,,,,,,,,,,
Tự học võ tại nhà Taekwondo #8 - Learn Taekwondo At Home - Taekwondo 태권도 - VinKungfu.mp4,Ngả người – đá ức chân (trái),push,10,622.73,624.50,623.20,chân trái,1,7.79,2.79,5.00,,,,,2.00,1.60,1.40,0.00,,,,,,,,,,,,,,,,,,,,,,,,,,,,,,,,,,,,,,,,,1.45,0.54,0.80,0.00,,,,,,,,,,,,,,,,,,,,,,,,,,,,,,,,,,,,,,,,,,,,,,,,
Tự học võ tại nhà Taekwondo #8 - Learn Taekwondo At Home - Taekwondo 태권도 - VinKungfu.mp4,Ngả người – đá ức chân (trái),push,11,624.93,626.83,625.97,chân trái,1,7.20,2.20,5.00,,,,,2.00,1.60,1.40,0.00,,,,,,,,,,,,,,,,,,,,,,,,,,,,,,,,,,,,,,,,,1.18,0.54,0.41,0.07,,,,,,,,,,,,,,,,,,,,,,,,,,,,,,,,,,,,,,,,,,,,,,,,
Tự học võ tại nhà Taekwondo #8 - Learn Taekwondo At Home - Taekwondo 태권도 - VinKungfu.mp4,Ngả người – đá ức chân (trái),push,12,627.07,629.20,628.03,chân trái,1,7.78,2.78,5.00,,,,,2.00,1.60,1.40,0.00,,,,,,,,,,,,,,,,,,,,,,,,,,,,,,,,,,,,,,,,,1.38,0.54,0.76,0.10,,,,,,,,,,,,,,,,,,,,,,,,,,,,,,,,,,,,,,,,,,,,,,,,
Tự học võ tại nhà Taekwondo #8 - Learn Taekwondo At Home - Taekwondo 태권도 - VinKungfu.mp4,Ngả người – đá ức chân (trái),push,13,629.37,630.97,630.27,chân trái,1,7.76,2.76,5.00,,,,,2.00,1.60,1.40,0.00,,,,,,,,,,,,,,,,,,,,,,,,,,,,,,,,,,,,,,,,,1.50,0.54,0.72,0.00,,,,,,,,,,,,,,,,,,,,,,,,,,,,,,,,,,,,,,,,,,,,,,,,
Tự học võ tại nhà Taekwondo #9 - Learn Taekwondo At Home - Taekwondo 태권도 - VinKungfu.mp4,Đứng trung bình tấn,horse_stance,1,162.00,164.97,163.17,,1,6.74,2.79,3.95,,,,,,,,,,,,,,,,,,,,,,,,,,,,,,,,,,,,,,,,,,,,,,,,,,,,,,,,,,,,1.37,1.09,0.00,0.32,0.00,1.60,1.40,0.95,,,,,,,,,,,,,,,,,,,,,,,,,,,,,,,,,
Tự học võ tại nhà Taekwondo #9 - Learn Taekwondo At Home - Taekwondo 태권도 - VinKungfu.mp4,Đứng trung bình tấn,horse_stance,2,165.00,167.97,167.10,,1,9.31,3.89,5.41,,,,,,,,,,,,,,,,,,,,,,,,,,,,,,,,,,,,,,,,,,,,,,,,,,,,,,,,,,,,1.60,1.10,0.80,0.39,1.41,1.60,1.40,1.00,,,,,,,,,,,,,,,,,,,,,,,,,,,,,,,,,
Tự học võ tại nhà Taekwondo #9 - Learn Taekwondo At Home - Taekwondo 태권도 - VinKungfu.mp4,Đứng trung bình tấn,horse_stance,3,168.00,170.97,169.47,,1,9.84,3.84,6.00,,,,,,,,,,,,,,,,,,,,,,,,,,,,,,,,,,,,,,,,,,,,,,,,,,,,,,,,,,,,1.60,1.09,0.80,0.35,2.00,1.60,1.40,1.00,,,,,,,,,,,,,,,,,,,,,,,,,,,,,,,,,
Tự học võ tại nhà Taekwondo #9 - Learn Taekwondo At Home - Taekwondo 태권도 - VinKungfu.mp4,Đứng trung bình tấn,horse_stance,4,171.00,173.97,172.47,,1,9.89,3.89,6.00,,,,,,,,,,,,,,,,,,,,,,,,,,,,,,,,,,,,,,,,,,,,,,,,,,,,,,,,,,,,1.60,1.10,0.80,0.38,2.00,1.60,1.40,1.00,,,,,,,,,,,,,,,,,,,,,,,,,,,,,,,,,
Tự học võ tại nhà Taekwondo #9 - Learn Taekwondo At Home - Taekwondo 태권도 - VinKungfu.mp4,Đứng trung bình tấn,horse_stance,5,174.00,176.97,175.47,,1,9.86,3.86,6.00,,,,,,,,,,,,,,,,,,,,,,,,,,,,,,,,,,,,,,,,,,,,,,,,,,,,,,,,,,,,1.60,1.12,0.80,0.34,2.00,1.60,1.40,1.00,,,,,,,,,,,,,,,,,,,,,,,,,,,,,,,,,
Tự học võ tại nhà Taekwondo #9 - Learn Taekwondo At Home - Taekwondo 태권도 - VinKungfu.mp4,Đứng trung bình tấn,horse_stance,6,177.00,179.97,177.93,,1,9.47,3.86,5.61,,,,,,,,,,,,,,,,,,,,,,,,,,,,,,,,,,,,,,,,,,,,,,,,,,,,,,,,,,,,1.60,1.06,0.80,0.40,1.80,1.60,1.21,1.00,,,,,,,,,,,,,,,,,,,,,,,,,,,,,,,,,
Tự học võ tại nhà Taekwondo #9 - Learn Taekwondo At Home - Taekwondo 태권도 - VinKungfu.mp4,Đứng trung bình tấn,horse_stance,7,180.00,182.97,,,0,,,,,,,,,,,,,,,,,,,,,,,,,,,,,,,,,,,,,,,,,,,,,,,,,,,,,,,,,,,,,,,,,,,,,,,,,,,,,,,,,,,,,,,,,,,,,,,,,,,,,,,Người quay nghiêng — trung bình tấn cần quay chính diện để đo.
Tự học võ tại nhà Taekwondo #9 - Learn Taekwondo At Home - Taekwondo 태권도 - VinKungfu.mp4,Đứng trung bình tấn,horse_stance,8,183.00,185.97,,,0,,,,,,,,,,,,,,,,,,,,,,,,,,,,,,,,,,,,,,,,,,,,,,,,,,,,,,,,,,,,,,,,,,,,,,,,,,,,,,,,,,,,,,,,,,,,,,,,,,,,,,,Người quay nghiêng — trung bình tấn cần quay chính diện để đo.
Tự học võ tại nhà Taekwondo #9 - Learn Taekwondo At Home - Taekwondo 태권도 - VinKungfu.mp4,Đứng trung bình tấn,horse_stance,9,186.00,188.97,,,0,,,,,,,,,,,,,,,,,,,,,,,,,,,,,,,,,,,,,,,,,,,,,,,,,,,,,,,,,,,,,,,,,,,,,,,,,,,,,,,,,,,,,,,,,,,,,,,,,,,,,,,Người quay nghiêng — trung bình tấn cần quay chính diện để đo.
Tự học võ tại nhà Taekwondo #9 - Learn Taekwondo At Home - Taekwondo 태권도 - VinKungfu.mp4,Đứng trung bình tấn,horse_stance,1,490.00,492.97,492.47,,1,6.68,2.82,3.87,,,,,,,,,,,,,,,,,,,,,,,,,,,,,,,,,,,,,,,,,,,,,,,,,,,,,,,,,,,,1.41,1.11,0.00,0.29,0.00,1.60,1.40,0.87,,,,,,,,,,,,,,,,,,,,,,,,,,,,,,,,,
Tự học võ tại nhà Taekwondo #9 - Learn Taekwondo At Home - Taekwondo 태권도 - VinKungfu.mp4,Đứng trung bình tấn,horse_stance,2,493.00,495.97,,,0,,,,,,,,,,,,,,,,,,,,,,,,,,,,,,,,,,,,,,,,,,,,,,,,,,,,,,,,,,,,,,,,,,,,,,,,,,,,,,,,,,,,,,,,,,,,,,,,,,,,,,,Không thấy đoạn giữ tấn (đứng yên ≥ 0.5 s).
Tự học võ tại nhà Taekwondo #9 - Learn Taekwondo At Home - Taekwondo 태권도 - VinKungfu.mp4,Đứng trung bình tấn,horse_stance,3,496.00,498.97,497.47,,1,9.45,3.79,5.66,,,,,,,,,,,,,,,,,,,,,,,,,,,,,,,,,,,,,,,,,,,,,,,,,,,,,,,,,,,,1.60,1.09,0.80,0.30,1.66,1.60,1.40,1.00,,,,,,,,,,,,,,,,,,,,,,,,,,,,,,,,,
Tự học võ tại nhà Taekwondo #9 - Learn Taekwondo At Home - Taekwondo 태권도 - VinKungfu.mp4,Đứng trung bình tấn,horse_stance,4,499.00,501.97,500.47,,1,9.89,3.89,6.00,,,,,,,,,,,,,,,,,,,,,,,,,,,,,,,,,,,,,,,,,,,,,,,,,,,,,,,,,,,,1.60,1.09,0.80,0.40,2.00,1.60,1.40,1.00,,,,,,,,,,,,,,,,,,,,,,,,,,,,,,,,,
Tự học võ tại nhà Taekwondo #9 - Learn Taekwondo At Home - Taekwondo 태권도 - VinKungfu.mp4,Đứng trung bình tấn,horse_stance,5,502.00,504.97,503.47,,1,9.86,3.86,6.00,,,,,,,,,,,,,,,,,,,,,,,,,,,,,,,,,,,,,,,,,,,,,,,,,,,,,,,,,,,,1.60,1.12,0.80,0.34,2.00,1.60,1.40,1.00,,,,,,,,,,,,,,,,,,,,,,,,,,,,,,,,,
Tự học võ tại nhà Taekwondo #9 - Learn Taekwondo At Home - Taekwondo 태권도 - VinKungfu.mp4,Đứng trung bình tấn,horse_stance,6,505.00,507.97,506.47,,1,9.87,3.87,6.00,,,,,,,,,,,,,,,,,,,,,,,,,,,,,,,,,,,,,,,,,,,,,,,,,,,,,,,,,,,,1.60,1.09,0.80,0.38,2.00,1.60,1.40,1.00,,,,,,,,,,,,,,,,,,,,,,,,,,,,,,,,,
Tự học võ tại nhà Taekwondo #9 - Learn Taekwondo At Home - Taekwondo 태권도 - VinKungfu.mp4,Đứng trung bình tấn,horse_stance,7,508.00,510.97,,,0,,,,,,,,,,,,,,,,,,,,,,,,,,,,,,,,,,,,,,,,,,,,,,,,,,,,,,,,,,,,,,,,,,,,,,,,,,,,,,,,,,,,,,,,,,,,,,,,,,,,,,,Người quay nghiêng — trung bình tấn cần quay chính diện để đo.
Tự học võ tại nhà Taekwondo #9 - Learn Taekwondo At Home - Taekwondo 태권도 - VinKungfu.mp4,Đứng trung bình tấn,horse_stance,8,511.00,513.97,,,0,,,,,,,,,,,,,,,,,,,,,,,,,,,,,,,,,,,,,,,,,,,,,,,,,,,,,,,,,,,,,,,,,,,,,,,,,,,,,,,,,,,,,,,,,,,,,,,,,,,,,,,Người quay nghiêng — trung bình tấn cần quay chính diện để đo.
Tự học võ tại nhà Taekwondo #9 - Learn Taekwondo At Home - Taekwondo 태권도 - VinKungfu.mp4,Đứng trung bình tấn,horse_stance,9,514.00,516.97,,,0,,,,,,,,,,,,,,,,,,,,,,,,,,,,,,,,,,,,,,,,,,,,,,,,,,,,,,,,,,,,,,,,,,,,,,,,,,,,,,,,,,,,,,,,,,,,,,,,,,,,,,,Người quay nghiêng — trung bình tấn cần quay chính diện để đo.
Tự học võ tại nhà Taekwondo #9 - Learn Taekwondo At Home - Taekwondo 태권도 - VinKungfu.mp4,Nhảy tiến – lùi,footwork,1,206.00,206.83,206.37,,1,6.61,2.05,4.56,,,,,,,,,,,,,,,,,,,,,,,,,,,,,,,,,,,,,,,,,,,,,,,,,,,,,,,,,,,,,,,,,,,,0.80,0.45,0.80,0.00,0.82,1.38,1.36,1.00,,,,,,,,,,,,,,,,,,,,,,,,,
Tự học võ tại nhà Taekwondo #9 - Learn Taekwondo At Home - Taekwondo 태권도 - VinKungfu.mp4,Nhảy tiến – lùi,footwork,2,206.83,207.73,207.50,,1,6.28,2.39,3.89,,,,,,,,,,,,,,,,,,,,,,,,,,,,,,,,,,,,,,,,,,,,,,,,,,,,,,,,,,,,,,,,,,,,1.17,0.40,0.67,0.16,0.81,0.81,1.27,1.00,,,,,,,,,,,,,,,,,,,,,,,,,
Tự học võ tại nhà Taekwondo #9 - Learn Taekwondo At Home - Taekwondo 태권도 - VinKungfu.mp4,Nhảy tiến – lùi,footwork,3,207.73,208.43,208.13,,1,7.08,2.23,4.85,,,,,,,,,,,,,,,,,,,,,,,,,,,,,,,,,,,,,,,,,,,,,,,,,,,,,,,,,,,,,,,,,,,,0.80,0.57,0.80,0.06,1.19,1.26,1.40,1.00,,,,,,,,,,,,,,,,,,,,,,,,,
Tự học võ tại nhà Taekwondo #9 - Learn Taekwondo At Home - Taekwondo 태권도 - VinKungfu.mp4,Nhảy tiến – lùi,footwork,4,208.60,209.67,209.27,,1,7.29,3.29,4.00,,,,,,,,,,,,,,,,,,,,,,,,,,,,,,,,,,,,,,,,,,,,,,,,,,,,,,,,,,,,,,,,,,,,1.26,0.87,0.78,0.37,0.85,0.96,1.19,1.00,,,,,,,,,,,,,,,,,,,,,,,,,
Tự học võ tại nhà Taekwondo #9 - Learn Taekwondo At Home - Taekwondo 태권도 - VinKungfu.mp4,Nhảy tiến – lùi,footwork,5,209.67,210.20,209.87,,1,6.57,2.43,4.14,,,,,,,,,,,,,,,,,,,,,,,,,,,,,,,,,,,,,,,,,,,,,,,,,,,,,,,,,,,,,,,,,,,,0.80,0.69,0.80,0.13,0.94,0.80,1.40,1.00,,,,,,,,,,,,,,,,,,,,,,,,,
Tự học võ tại nhà Taekwondo #9 - Learn Taekwondo At Home - Taekwondo 태권도 - VinKungfu.mp4,Nhảy tiến – lùi,footwork,6,210.20,211.43,210.93,,1,5.86,2.57,3.29,,,,,,,,,,,,,,,,,,,,,,,,,,,,,,,,,,,,,,,,,,,,,,,,,,,,,,,,,,,,,,,,,,,,0.80,0.97,0.80,0.00,0.61,0.72,1.19,0.78,,,,,,,,,,,,,,,,,,,,,,,,,
Tự học võ tại nhà Taekwondo #9 - Learn Taekwondo At Home - Taekwondo 태권도 - VinKungfu.mp4,Nhảy tiến – lùi,footwork,7,211.43,211.93,211.60,,1,6.33,2.37,3.96,,,,,,,,,,,,,,,,,,,,,,,,,,,,,,,,,,,,,,,,,,,,,,,,,,,,,,,,,,,,,,,,,,,,0.80,0.77,0.80,0.00,0.96,0.60,1.40,1.00,,,,,,,,,,,,,,,,,,,,,,,,,
Tự học võ tại nhà Taekwondo #9 - Learn Taekwondo At Home - Taekwondo 태권도 - VinKungfu.mp4,Nhảy tiến – lùi,footwork,8,211.93,212.90,212.77,,1,7.55,3.23,4.32,,,,,,,,,,,,,,,,,,,,,,,,,,,,,,,,,,,,,,,,,,,,,,,,,,,,,,,,,,,,,,,,,,,,1.60,0.67,0.61,0.36,1.04,1.60,0.68,1.00,,,,,,,,,,,,,,,,,,,,,,,,,
Tự học võ tại nhà Taekwondo #9 - Learn Taekwondo At Home - Taekwondo 태권도 - VinKungfu.mp4,Nhảy tiến – lùi,footwork,9,212.90,213.47,213.33,,1,9.37,3.59,5.78,,,,,,,,,,,,,,,,,,,,,,,,,,,,,,,,,,,,,,,,,,,,,,,,,,,,,,,,,,,,,,,,,,,,1.60,0.84,0.75,0.40,1.99,1.60,1.19,1.00,,,,,,,,,,,,,,,,,,,,,,,,,
Tự học võ tại nhà Taekwondo #9 - Learn Taekwondo At Home - Taekwondo 태권도 - VinKungfu.mp4,Nhảy tiến – lùi,footwork,10,213.47,214.23,214.10,,1,8.86,4.00,4.87,,,,,,,,,,,,,,,,,,,,,,,,,,,,,,,,,,,,,,,,,,,,,,,,,,,,,,,,,,,,,,,,,,,,1.60,1.20,0.80,0.40,1.71,1.60,0.68,0.87,,,,,,,,,,,,,,,,,,,,,,,,,
Tự học võ tại nhà Taekwondo #9 - Learn Taekwondo At Home - Taekwondo 태권도 - VinKungfu.mp4,Nhảy tiến – lùi,footwork,11,214.23,215.20,215.13,,1,7.63,3.48,4.15,,,,,,,,,,,,,,,,,,,,,,,,,,,,,,,,,,,,,,,,,,,,,,,,,,,,,,,,,,,,,,,,,,,,1.48,0.90,0.70,0.40,1.53,1.60,0.08,0.93,,,,,,,,,,,,,,,,,,,,,,,,,
Tự học võ tại nhà Taekwondo #9 - Learn Taekwondo At Home - Taekwondo 태권도 - VinKungfu.mp4,Nhảy tiến – lùi,footwork,12,215.20,216.37,216.27,,1,6.17,3.06,3.12,,,,,,,,,,,,,,,,,,,,,,,,,,,,,,,,,,,,,,,,,,,,,,,,,,,,,,,,,,,,,,,,,,,,1.22,0.97,0.51,0.35,0.95,1.60,0.00,0.57,,,,,,,,,,,,,,,,,,,,,,,,,
Tự học võ tại nhà Taekwondo #9 - Learn Taekwondo At Home - Taekwondo 태권도 - VinKungfu.mp4,Nhảy tiến – lùi,footwork,13,216.37,217.17,217.10,,1,8.19,3.41,4.78,,,,,,,,,,,,,,,,,,,,,,,,,,,,,,,,,,,,,,,,,,,,,,,,,,,,,,,,,,,,,,,,,,,,1.60,0.76,0.65,0.40,1.61,1.60,0.59,0.97,,,,,,,,,,,,,,,,,,,,,,,,,
Tự học võ tại nhà Taekwondo #9 - Learn Taekwondo At Home - Taekwondo 태권도 - VinKungfu.mp4,Nhảy tiến – lùi,footwork,14,217.17,218.27,218.13,,1,7.01,3.45,3.56,,,,,,,,,,,,,,,,,,,,,,,,,,,,,,,,,,,,,,,,,,,,,,,,,,,,,,,,,,,,,,,,,,,,1.60,0.85,0.60,0.40,1.23,1.60,0.00,0.73,,,,,,,,,,,,,,,,,,,,,,,,,
Tự học võ tại nhà Taekwondo #9 - Learn Taekwondo At Home - Taekwondo 태권도 - VinKungfu.mp4,Nhảy tiến – lùi,footwork,15,218.27,219.33,219.20,,1,7.79,3.48,4.31,,,,,,,,,,,,,,,,,,,,,,,,,,,,,,,,,,,,,,,,,,,,,,,,,,,,,,,,,,,,,,,,,,,,1.59,0.90,0.58,0.40,1.77,1.60,0.00,0.94,,,,,,,,,,,,,,,,,,,,,,,,,
Tự học võ tại nhà Taekwondo #9 - Learn Taekwondo At Home - Taekwondo 태권도 - VinKungfu.mp4,Nhảy tiến – lùi,footwork,16,219.33,220.47,220.37,,1,6.28,2.70,3.58,,,,,,,,,,,,,,,,,,,,,,,,,,,,,,,,,,,,,,,,,,,,,,,,,,,,,,,,,,,,,,,,,,,,0.82,0.90,0.58,0.40,1.21,1.60,0.00,0.77,,,,,,,,,,,,,,,,,,,,,,,,,
Tự học võ tại nhà Taekwondo #9 - Learn Taekwondo At Home - Taekwondo 태권도 - VinKungfu.mp4,Nhảy tiến – lùi,footwork,17,220.47,221.53,221.40,,1,6.86,2.96,3.90,,,,,,,,,,,,,,,,,,,,,,,,,,,,,,,,,,,,,,,,,,,,,,,,,,,,,,,,,,,,,,,,,,,,1.26,0.79,0.53,0.37,1.47,1.60,0.00,0.83,,,,,,,,,,,,,,,,,,,,,,,,,
Tự học võ tại nhà Taekwondo #9 - Learn Taekwondo At Home - Taekwondo 태권도 - VinKungfu.mp4,Nhảy tiến – lùi,footwork,18,221.53,222.53,222.50,,1,6.66,2.93,3.73,,,,,,,,,,,,,,,,,,,,,,,,,,,,,,,,,,,,,,,,,,,,,,,,,,,,,,,,,,,,,,,,,,,,1.07,0.86,0.60,0.40,1.25,1.60,0.00,0.88,,,,,,,,,,,,,,,,,,,,,,,,,
Tự học võ tại nhà Taekwondo #9 - Learn Taekwondo At Home - Taekwondo 태권도 - VinKungfu.mp4,Nhảy tiến – lùi,footwork,19,222.53,223.60,223.53,,1,6.49,2.81,3.68,,,,,,,,,,,,,,,,,,,,,,,,,,,,,,,,,,,,,,,,,,,,,,,,,,,,,,,,,,,,,,,,,,,,0.81,1.01,0.59,0.40,1.25,1.60,0.00,0.83,,,,,,,,,,,,,,,,,,,,,,,,,
Tự học võ tại nhà Taekwondo #9 - Learn Taekwondo At Home - Taekwondo 태권도 - VinKungfu.mp4,Nhảy tiến – lùi,footwork,20,223.60,224.63,224.53,,1,7.03,3.42,3.61,,,,,,,,,,,,,,,,,,,,,,,,,,,,,,,,,,,,,,,,,,,,,,,,,,,,,,,,,,,,,,,,,,,,1.42,0.87,0.73,0.40,1.08,1.60,0.17,0.76,,,,,,,,,,,,,,,,,,,,,,,,,
Tự học võ tại nhà Taekwondo #9 - Learn Taekwondo At Home - Taekwondo 태권도 - VinKungfu.mp4,Nhảy tiến – lùi,footwork,21,224.63,225.67,225.53,,1,6.60,3.29,3.31,,,,,,,,,,,,,,,,,,,,,,,,,,,,,,,,,,,,,,,,,,,,,,,,,,,,,,,,,,,,,,,,,,,,1.46,0.79,0.65,0.40,0.91,1.60,0.17,0.62,,,,,,,,,,,,,,,,,,,,,,,,,
Tự học võ tại nhà Taekwondo #9 - Learn Taekwondo At Home - Taekwondo 태권도 - VinKungfu.mp4,Nhảy tiến – lùi,footwork,22,225.67,226.73,226.63,,1,6.26,2.34,3.91,,,,,,,,,,,,,,,,,,,,,,,,,,,,,,,,,,,,,,,,,,,,,,,,,,,,,,,,,,,,,,,,,,,,0.86,0.51,0.57,0.40,1.44,1.60,0.00,0.87,,,,,,,,,,,,,,,,,,,,,,,,,
Tự học võ tại nhà Taekwondo #9 - Learn Taekwondo At Home - Taekwondo 태권도 - VinKungfu.mp4,Nhảy tiến – lùi,footwork,23,226.73,227.83,227.70,,1,6.49,2.50,4.00,,,,,,,,,,,,,,,,,,,,,,,,,,,,,,,,,,,,,,,,,,,,,,,,,,,,,,,,,,,,,,,,,,,,0.80,0.69,0.60,0.40,1.51,1.60,0.00,0.89,,,,,,,,,,,,,,,,,,,,,,,,,
Tự học võ tại nhà Taekwondo #9 - Learn Taekwondo At Home - Taekwondo 태권도 - VinKungfu.mp4,Nhảy tiến – lùi,footwork,24,227.83,228.77,228.67,,1,7.07,3.28,3.79,,,,,,,,,,,,,,,,,,,,,,,,,,,,,,,,,,,,,,,,,,,,,,,,,,,,,,,,,,,,,,,,,,,,1.25,0.84,0.79,0.40,1.15,1.60,0.17,0.87,,,,,,,,,,,,,,,,,,,,,,,,,
Tự học võ tại nhà Taekwondo #9 - Learn Taekwondo At Home - Taekwondo 태권도 - VinKungfu.mp4,Nhảy tiến – lùi,footwork,25,228.77,229.43,229.43,,1,7.94,3.01,4.93,,,,,,,,,,,,,,,,,,,,,,,,,,,,,,,,,,,,,,,,,,,,,,,,,,,,,,,,,,,,,,,,,,,,1.54,0.75,0.66,0.05,1.57,1.60,0.76,1.00,,,,,,,,,,,,,,,,,,,,,,,,,
Tự học võ tại nhà Taekwondo #9 - Learn Taekwondo At Home - Taekwondo 태권도 - VinKungfu.mp4,Nhảy tiến – lùi,footwork,26,229.43,230.40,229.83,,1,7.54,3.06,4.48,,,,,,,,,,,,,,,,,,,,,,,,,,,,,,,,,,,,,,,,,,,,,,,,,,,,,,,,,,,,,,,,,,,,1.60,0.81,0.65,0.00,1.43,1.12,1.27,0.66,,,,,,,,,,,,,,,,,,,,,,,,,
Tự học võ tại nhà Taekwondo #9 - Learn Taekwondo At Home - Taekwondo 태권도 - VinKungfu.mp4,Nhảy tiến – lùi,footwork,27,230.40,231.33,230.80,,1,8.80,3.63,5.17,,,,,,,,,,,,,,,,,,,,,,,,,,,,,,,,,,,,,,,,,,,,,,,,,,,,,,,,,,,,,,,,,,,,1.60,0.92,0.70,0.40,1.49,1.60,1.27,0.81,,,,,,,,,,,,,,,,,,,,,,,,,
Tự học võ tại nhà Taekwondo #9 - Learn Taekwondo At Home - Taekwondo 태권도 - VinKungfu.mp4,Nhảy tiến – lùi,footwork,28,231.33,232.13,231.67,,1,8.70,3.47,5.23,,,,,,,,,,,,,,,,,,,,,,,,,,,,,,,,,,,,,,,,,,,,,,,,,,,,,,,,,,,,,,,,,,,,1.60,0.68,0.79,0.40,1.25,1.60,1.40,0.98,,,,,,,,,,,,,,,,,,,,,,,,,
Tự học võ tại nhà Taekwondo #9 - Learn Taekwondo At Home - Taekwondo 태권도 - VinKungfu.mp4,Nhảy tiến – lùi,footwork,29,232.13,232.97,232.57,,1,8.55,3.52,5.03,,,,,,,,,,,,,,,,,,,,,,,,,,,,,,,,,,,,,,,,,,,,,,,,,,,,,,,,,,,,,,,,,,,,1.60,0.78,0.75,0.39,1.28,1.60,1.19,0.95,,,,,,,,,,,,,,,,,,,,,,,,,
Tự học võ tại nhà Taekwondo #9 - Learn Taekwondo At Home - Taekwondo 태권도 - VinKungfu.mp4,Nhảy tiến – lùi,footwork,1,536.00,536.37,536.17,,1,6.27,3.05,3.22,,,,,,,,,,,,,,,,,,,,,,,,,,,,,,,,,,,,,,,,,,,,,,,,,,,,,,,,,,,,,,,,,,,,1.60,0.36,0.69,0.40,0.45,0.38,1.40,1.00,,,,,,,,,,,,,,,,,,,,,,,,,
Tự học võ tại nhà Taekwondo #9 - Learn Taekwondo At Home - Taekwondo 태권도 - VinKungfu.mp4,Nhảy tiến – lùi,footwork,2,536.37,537.27,537.03,,1,6.18,2.38,3.79,,,,,,,,,,,,,,,,,,,,,,,,,,,,,,,,,,,,,,,,,,,,,,,,,,,,,,,,,,,,,,,,,,,,1.13,0.41,0.66,0.19,0.80,0.80,1.19,1.00,,,,,,,,,,,,,,,,,,,,,,,,,
Tự học võ tại nhà Taekwondo #9 - Learn Taekwondo At Home - Taekwondo 태권도 - VinKungfu.mp4,Nhảy tiến – lùi,footwork,3,537.27,538.30,537.70,,1,7.43,2.27,5.16,,,,,,,,,,,,,,,,,,,,,,,,,,,,,,,,,,,,,,,,,,,,,,,,,,,,,,,,,,,,,,,,,,,,0.80,0.56,0.80,0.11,1.32,1.44,1.40,1.00,,,,,,,,,,,,,,,,,,,,,,,,,
Tự học võ tại nhà Taekwondo #9 - Learn Taekwondo At Home - Taekwondo 태권도 - VinKungfu.mp4,Nhảy tiến – lùi,footwork,4,538.30,539.43,538.80,,1,6.39,2.51,3.88,,,,,,,,,,,,,,,,,,,,,,,,,,,,,,,,,,,,,,,,,,,,,,,,,,,,,,,,,,,,,,,,,,,,0.80,0.91,0.80,0.00,0.84,0.86,1.19,1.00,,,,,,,,,,,,,,,,,,,,,,,,,
Tự học võ tại nhà Taekwondo #9 - Learn Taekwondo At Home - Taekwondo 태권도 - VinKungfu.mp4,Nhảy tiến – lùi,footwork,5,539.43,539.73,539.60,,1,6.32,3.06,3.25,,,,,,,,,,,,,,,,,,,,,,,,,,,,,,,,,,,,,,,,,,,,,,,,,,,,,,,,,,,,,,,,,,,,1.18,0.68,0.80,0.40,0.51,0.35,1.40,1.00,,,,,,,,,,,,,,,,,,,,,,,,,
Tự học võ tại nhà Taekwondo #9 - Learn Taekwondo At Home - Taekwondo 태권도 - VinKungfu.mp4,Nhảy tiến – lùi,footwork,6,539.73,540.77,540.47,,1,6.41,3.04,3.37,,,,,,,,,,,,,,,,,,,,,,,,,,,,,,,,,,,,,,,,,,,,,,,,,,,,,,,,,,,,,,,,,,,,0.92,0.92,0.80,0.40,0.68,0.76,1.19,0.75,,,,,,,,,,,,,,,,,,,,,,,,,
Tự học võ tại nhà Taekwondo #9 - Learn Taekwondo At Home - Taekwondo 태권도 - VinKungfu.mp4,Nhảy tiến – lùi,footwork,7,540.77,541.50,541.13,,1,7.13,2.38,4.75,,,,,,,,,,,,,,,,,,,,,,,,,,,,,,,,,,,,,,,,,,,,,,,,,,,,,,,,,,,,,,,,,,,,0.80,0.78,0.80,0.00,1.13,1.21,1.40,1.00,,,,,,,,,,,,,,,,,,,,,,,,,
Tự học võ tại nhà Taekwondo #9 - Learn Taekwondo At Home - Taekwondo 태권도 - VinKungfu.mp4,Nhảy tiến – lùi,footwork,8,541.50,542.80,542.30,,1,7.23,3.01,4.22,,,,,,,,,,,,,,,,,,,,,,,,,,,,,,,,,,,,,,,,,,,,,,,,,,,,,,,,,,,,,,,,,,,,1.60,0.69,0.73,0.00,1.02,1.60,0.59,1.00,,,,,,,,,,,,,,,,,,,,,,,,,
Tự học võ tại nhà Taekwondo #9 - Learn Taekwondo At Home - Taekwondo 태권도 - VinKungfu.mp4,Nhảy tiến – lùi,footwork,9,543.00,543.73,543.67,,1,8.68,3.99,4.70,,,,,,,,,,,,,,,,,,,,,,,,,,,,,,,,,,,,,,,,,,,,,,,,,,,,,,,,,,,,,,,,,,,,1.60,1.20,0.79,0.40,1.68,1.60,0.59,0.82,,,,,,,,,,,,,,,,,,,,,,,,,
Tự học võ tại nhà Taekwondo #9 - Learn Taekwondo At Home - Taekwondo 태권도 - VinKungfu.mp4,Nhảy tiến – lùi,footwork,10,543.73,544.77,544.70,,1,7.56,3.51,4.05,,,,,,,,,,,,,,,,,,,,,,,,,,,,,,,,,,,,,,,,,,,,,,,,,,,,,,,,,,,,,,,,,,,,1.52,0.91,0.69,0.39,1.51,1.60,0.00,0.94,,,,,,,,,,,,,,,,,,,,,,,,,
Tự học võ tại nhà Taekwondo #9 - Learn Taekwondo At Home - Taekwondo 태권도 - VinKungfu.mp4,Nhảy tiến – lùi,footwork,11,544.77,545.87,545.77,,1,6.22,3.07,3.15,,,,,,,,,,,,,,,,,,,,,,,,,,,,,,,,,,,,,,,,,,,,,,,,,,,,,,,,,,,,,,,,,,,,1.22,1.00,0.50,0.35,0.95,1.60,0.00,0.60,,,,,,,,,,,,,,,,,,,,,,,,,
Tự học võ tại nhà Taekwondo #9 - Learn Taekwondo At Home - Taekwondo 태권도 - VinKungfu.mp4,Nhảy tiến – lùi,footwork,12,545.87,546.70,546.63,,1,8.28,3.42,4.86,,,,,,,,,,,,,,,,,,,,,,,,,,,,,,,,,,,,,,,,,,,,,,,,,,,,,,,,,,,,,,,,,,,,1.60,0.74,0.68,0.40,1.67,1.60,0.59,1.00,,,,,,,,,,,,,,,,,,,,,,,,,
Tự học võ tại nhà Taekwondo #9 - Learn Taekwondo At Home - Taekwondo 태권도 - VinKungfu.mp4,Nhảy tiến – lùi,footwork,13,546.70,547.80,547.67,,1,7.01,3.44,3.56,,,,,,,,,,,,,,,,,,,,,,,,,,,,,,,,,,,,,,,,,,,,,,,,,,,,,,,,,,,,,,,,,,,,1.60,0.85,0.60,0.40,1.18,1.60,0.00,0.79,,,,,,,,,,,,,,,,,,,,,,,,,
Tự học võ tại nhà Taekwondo #9 - Learn Taekwondo At Home - Taekwondo 태권도 - VinKungfu.mp4,Nhảy tiến – lùi,footwork,14,547.80,548.87,548.73,,1,7.64,3.34,4.30,,,,,,,,,,,,,,,,,,,,,,,,,,,,,,,,,,,,,,,,,,,,,,,,,,,,,,,,,,,,,,,,,,,,1.49,0.91,0.54,0.40,1.77,1.60,0.00,0.93,,,,,,,,,,,,,,,,,,,,,,,,,
Tự học võ tại nhà Taekwondo #9 - Learn Taekwondo At Home - Taekwondo 태권도 - VinKungfu.mp4,Nhảy tiến – lùi,footwork,15,548.87,550.00,549.90,,1,6.25,2.71,3.54,,,,,,,,,,,,,,,,,,,,,,,,,,,,,,,,,,,,,,,,,,,,,,,,,,,,,,,,,,,,,,,,,,,,0.83,0.91,0.56,0.40,1.17,1.60,0.00,0.78,,,,,,,,,,,,,,,,,,,,,,,,,
Tự học võ tại nhà Taekwondo #9 - Learn Taekwondo At Home - Taekwondo 태권도 - VinKungfu.mp4,Nhảy tiến – lùi,footwork,16,550.00,551.07,550.97,,1,6.83,2.91,3.93,,,,,,,,,,,,,,,,,,,,,,,,,,,,,,,,,,,,,,,,,,,,,,,,,,,,,,,,,,,,,,,,,,,,1.23,0.80,0.51,0.37,1.48,1.60,0.00,0.85,,,,,,,,,,,,,,,,,,,,,,,,,
Tự học võ tại nhà Taekwondo #9 - Learn Taekwondo At Home - Taekwondo 태권도 - VinKungfu.mp4,Nhảy tiến – lùi,footwork,17,551.07,552.07,552.03,,1,6.71,2.90,3.80,,,,,,,,,,,,,,,,,,,,,,,,,,,,,,,,,,,,,,,,,,,,,,,,,,,,,,,,,,,,,,,,,,,,1.05,0.87,0.59,0.40,1.28,1.60,0.00,0.93,,,,,,,,,,,,,,,,,,,,,,,,,
Tự học võ tại nhà Taekwondo #9 - Learn Taekwondo At Home - Taekwondo 태권도 - VinKungfu.mp4,Nhảy tiến – lùi,footwork,18,552.07,553.13,553.07,,1,6.55,2.80,3.75,,,,,,,,,,,,,,,,,,,,,,,,,,,,,,,,,,,,,,,,,,,,,,,,,,,,,,,,,,,,,,,,,,,,0.80,1.00,0.61,0.40,1.28,1.60,0.00,0.87,,,,,,,,,,,,,,,,,,,,,,,,,
Tự học võ tại nhà Taekwondo #9 - Learn Taekwondo At Home - Taekwondo 태권도 - VinKungfu.mp4,Nhảy tiến – lùi,footwork,19,553.13,554.17,554.10,,1,6.95,3.47,3.48,,,,,,,,,,,,,,,,,,,,,,,,,,,,,,,,,,,,,,,,,,,,,,,,,,,,,,,,,,,,,,,,,,,,1.46,0.87,0.73,0.40,1.01,1.60,0.08,0.79,,,,,,,,,,,,,,,,,,,,,,,,,
Tự học võ tại nhà Taekwondo #9 - Learn Taekwondo At Home - Taekwondo 태권도 - VinKungfu.mp4,Nhảy tiến – lùi,footwork,20,554.17,555.13,555.07,,1,6.65,3.32,3.33,,,,,,,,,,,,,,,,,,,,,,,,,,,,,,,,,,,,,,,,,,,,,,,,,,,,,,,,,,,,,,,,,,,,1.49,0.74,0.69,0.40,0.94,1.60,0.17,0.62,,,,,,,,,,,,,,,,,,,,,,,,,
Tự học võ tại nhà Taekwondo #9 - Learn Taekwondo At Home - Taekwondo 태권도 - VinKungfu.mp4,Nhảy tiến – lùi,footwork,21,555.13,556.27,556.17,,1,6.32,2.32,4.01,,,,,,,,,,,,,,,,,,,,,,,,,,,,,,,,,,,,,,,,,,,,,,,,,,,,,,,,,,,,,,,,,,,,0.84,0.55,0.53,0.40,1.50,1.60,0.00,0.90,,,,,,,,,,,,,,,,,,,,,,,,,
Tự học võ tại nhà Taekwondo #9 - Learn Taekwondo At Home - Taekwondo 태권도 - VinKungfu.mp4,Nhảy tiến – lùi,footwork,22,556.27,557.30,557.23,,1,6.36,2.50,3.86,,,,,,,,,,,,,,,,,,,,,,,,,,,,,,,,,,,,,,,,,,,,,,,,,,,,,,,,,,,,,,,,,,,,0.80,0.68,0.62,0.40,1.46,1.60,0.00,0.80,,,,,,,,,,,,,,,,,,,,,,,,,
Tự học võ tại nhà Taekwondo #9 - Learn Taekwondo At Home - Taekwondo 태권도 - VinKungfu.mp4,Nhảy tiến – lùi,footwork,23,557.30,558.23,558.20,,1,7.14,3.26,3.89,,,,,,,,,,,,,,,,,,,,,,,,,,,,,,,,,,,,,,,,,,,,,,,,,,,,,,,,,,,,,,,,,,,,1.28,0.84,0.77,0.37,1.20,1.60,0.17,0.92,,,,,,,,,,,,,,,,,,,,,,,,,
Tự học võ tại nhà Taekwondo #9 - Learn Taekwondo At Home - Taekwondo 태권도 - VinKungfu.mp4,Nhảy tiến – lùi,footwork,24,558.23,558.97,558.97,,1,7.95,3.07,4.88,,,,,,,,,,,,,,,,,,,,,,,,,,,,,,,,,,,,,,,,,,,,,,,,,,,,,,,,,,,,,,,,,,,,1.48,0.86,0.68,0.05,1.54,1.60,0.76,0.98,,,,,,,,,,,,,,,,,,,,,,,,,
Tự học võ tại nhà Taekwondo #9 - Learn Taekwondo At Home - Taekwondo 태권도 - VinKungfu.mp4,Nhảy tiến – lùi,footwork,25,558.97,559.93,559.37,,1,7.55,3.05,4.50,,,,,,,,,,,,,,,,,,,,,,,,,,,,,,,,,,,,,,,,,,,,,,,,,,,,,,,,,,,,,,,,,,,,1.60,0.81,0.64,0.00,1.40,1.12,1.27,0.71,,,,,,,,,,,,,,,,,,,,,,,,,
Tự học võ tại nhà Taekwondo #9 - Learn Taekwondo At Home - Taekwondo 태권도 - VinKungfu.mp4,Nhảy tiến – lùi,footwork,26,559.93,560.90,560.33,,1,8.82,3.60,5.22,,,,,,,,,,,,,,,,,,,,,,,,,,,,,,,,,,,,,,,,,,,,,,,,,,,,,,,,,,,,,,,,,,,,1.60,0.90,0.70,0.40,1.53,1.60,1.27,0.82,,,,,,,,,,,,,,,,,,,,,,,,,
Tự học võ tại nhà Taekwondo #9 - Learn Taekwondo At Home - Taekwondo 태권도 - VinKungfu.mp4,Nhảy tiến – lùi,footwork,27,560.90,561.73,561.20,,1,8.48,3.36,5.12,,,,,,,,,,,,,,,,,,,,,,,,,,,,,,,,,,,,,,,,,,,,,,,,,,,,,,,,,,,,,,,,,,,,1.60,0.61,0.75,0.40,1.20,1.53,1.40,1.00,,,,,,,,,,,,,,,,,,,,,,,,,
Tự học võ tại nhà Taekwondo #9 - Learn Taekwondo At Home - Taekwondo 태권도 - VinKungfu.mp4,Nhảy tiến – lùi,footwork,28,561.73,562.60,562.10,,1,8.76,3.51,5.25,,,,,,,,,,,,,,,,,,,,,,,,,,,,,,,,,,,,,,,,,,,,,,,,,,,,,,,,,,,,,,,,,,,,1.60,0.79,0.73,0.39,1.30,1.60,1.36,0.99,,,,,,,,,,,,,,,,,,,,,,,,,
Tự học võ tại nhà Taekwondo #9 - Learn Taekwondo At Home - Taekwondo 태권도 - VinKungfu.mp4,Nhảy tiến – lùi,footwork,29,562.60,562.97,562.97,,1,8.76,3.52,5.24,,,,,,,,,,,,,,,,,,,,,,,,,,,,,,,,,,,,,,,,,,,,,,,,,,,,,,,,,,,,,,,,,,,,1.60,0.91,0.71,0.30,1.38,1.60,1.36,0.90,,,,,,,,,,,,,,,,,,,,,,,,,
Tự học võ tại nhà Taekwondo #9 - Learn Taekwondo At Home - Taekwondo 태권도 - VinKungfu.mp4,Nhảy lùi – đá trước (phải),front,1,256.90,259.10,257.83,chân phải,1,7.91,2.91,5.00,,,,,2.00,1.60,1.40,0.00,,,,,,,,,0.96,1.20,0.75,0.00,,,,,,,,,,,,,,,,,,,,,,,,,,,,,,,,,,,,,,,,,,,,,,,,,,,,,,,,,,,,,,,,,,,,,,,,,,,,,,,,
Tự học võ tại nhà Taekwondo #9 - Learn Taekwondo At Home - Taekwondo 태권도 - VinKungfu.mp4,Nhảy lùi – đá trước (phải),front,2,259.60,261.80,260.53,chân phải,1,7.96,2.96,5.00,,,,,2.00,1.60,1.40,0.00,,,,,,,,,0.96,1.20,0.80,0.00,,,,,,,,,,,,,,,,,,,,,,,,,,,,,,,,,,,,,,,,,,,,,,,,,,,,,,,,,,,,,,,,,,,,,,,,,,,,,,,,
Tự học võ tại nhà Taekwondo #9 - Learn Taekwondo At Home - Taekwondo 태권도 - VinKungfu.mp4,Nhảy lùi – đá trước (phải),front,3,264.40,266.13,264.47,chân phải,1,6.39,1.39,5.00,,,,,2.00,1.60,1.40,0.00,,,,,,,,,0.48,0.77,0.00,0.14,,,,,,,,,,,,,,,,,,,,,,,,,,,,,,,,,,,,,,,,,,,,,,,,,,,,,,,,,,,,,,,,,,,,,,,,,,,,,,,,
Tự học võ tại nhà Taekwondo #9 - Learn Taekwondo At Home - Taekwondo 태권도 - VinKungfu.mp4,Nhảy lùi – đá trước (phải),front,4,266.33,268.47,266.40,chân phải,1,6.64,1.64,5.00,,,,,2.00,1.60,1.40,0.00,,,,,,,,,0.60,1.03,0.00,0.00,,,,,,,,,,,,,,,,,,,,,,,,,,,,,,,,,,,,,,,,,,,,,,,,,,,,,,,,,,,,,,,,,,,,,,,,,,,,,,,,
Tự học võ tại nhà Taekwondo #9 - Learn Taekwondo At Home - Taekwondo 태권도 - VinKungfu.mp4,Nhảy lùi – đá trước (phải),front,5,269.17,271.23,270.20,chân phải,1,7.96,2.96,5.00,,,,,2.00,1.60,1.40,0.00,,,,,,,,,0.96,1.20,0.80,0.00,,,,,,,,,,,,,,,,,,,,,,,,,,,,,,,,,,,,,,,,,,,,,,,,,,,,,,,,,,,,,,,,,,,,,,,,,,,,,,,,
Tự học võ tại nhà Taekwondo #9 - Learn Taekwondo At Home - Taekwondo 태권도 - VinKungfu.mp4,Nhảy lùi – đá trước (phải),front,6,271.23,273.20,271.93,chân phải,1,7.96,2.96,5.00,,,,,2.00,1.60,1.40,0.00,,,,,,,,,0.96,1.20,0.80,0.00,,,,,,,,,,,,,,,,,,,,,,,,,,,,,,,,,,,,,,,,,,,,,,,,,,,,,,,,,,,,,,,,,,,,,,,,,,,,,,,,
Tự học võ tại nhà Taekwondo #9 - Learn Taekwondo At Home - Taekwondo 태권도 - VinKungfu.mp4,Nhảy lùi – đá trước (phải),front,7,273.47,275.13,273.87,chân phải,1,8.60,3.60,5.00,,,,,2.00,1.60,1.40,0.00,,,,,,,,,1.60,1.20,0.80,0.00,,,,,,,,,,,,,,,,,,,,,,,,,,,,,,,,,,,,,,,,,,,,,,,,,,,,,,,,,,,,,,,,,,,,,,,,,,,,,,,,
Tự học võ tại nhà Taekwondo #9 - Learn Taekwondo At Home - Taekwondo 태권도 - VinKungfu.mp4,Nhảy lùi – đá trước (phải),front,8,276.90,278.97,277.80,chân phải,1,7.96,2.96,5.00,,,,,2.00,1.60,1.40,0.00,,,,,,,,,0.96,1.20,0.80,0.00,,,,,,,,,,,,,,,,,,,,,,,,,,,,,,,,,,,,,,,,,,,,,,,,,,,,,,,,,,,,,,,,,,,,,,,,,,,,,,,,
Tự học võ tại nhà Taekwondo #9 - Learn Taekwondo At Home - Taekwondo 태권도 - VinKungfu.mp4,Nhảy lùi – đá trước (phải),front,1,581.27,583.47,581.83,chân phải,1,4.66,1.06,3.60,,,,,2.00,1.60,0.00,0.00,,,,,,,,,0.38,0.54,0.00,0.14,,,,,,,,,,,,,,,,,,,,,,,,,,,,,,,,,,,,,,,,,,,,,,,,,,,,,,,,,,,,,,,,,,,,,,,,,,,,,,,,
Tự học võ tại nhà Taekwondo #9 - Learn Taekwondo At Home - Taekwondo 태권도 - VinKungfu.mp4,Nhảy lùi – đá trước (phải),front,2,586.43,588.63,587.37,chân phải,1,7.99,2.99,5.00,,,,,2.00,1.60,1.40,0.00,,,,,,,,,1.04,1.20,0.75,0.00,,,,,,,,,,,,,,,,,,,,,,,,,,,,,,,,,,,,,,,,,,,,,,,,,,,,,,,,,,,,,,,,,,,,,,,,,,,,,,,,
Tự học võ tại nhà Taekwondo #9 - Learn Taekwondo At Home - Taekwondo 태권도 - VinKungfu.mp4,Nhảy lùi – đá trước (phải),front,3,589.13,591.33,590.03,chân phải,1,7.98,2.98,5.00,,,,,2.00,1.60,1.40,0.00,,,,,,,,,0.98,1.20,0.80,0.00,,,,,,,,,,,,,,,,,,,,,,,,,,,,,,,,,,,,,,,,,,,,,,,,,,,,,,,,,,,,,,,,,,,,,,,,,,,,,,,,
Tự học võ tại nhà Taekwondo #9 - Learn Taekwondo At Home - Taekwondo 태권도 - VinKungfu.mp4,Nhảy lùi – đá trước (phải),front,4,592.30,594.23,593.53,chân phải,1,4.90,1.30,3.60,,,,,2.00,1.60,0.00,0.00,,,,,,,,,0.96,0.34,0.00,0.00,,,,,,,,,,,,,,,,,,,,,,,,,,,,,,,,,,,,,,,,,,,,,,,,,,,,,,,,,,,,,,,,,,,,,,,,,,,,,,,,
Tự học võ tại nhà Taekwondo #9 - Learn Taekwondo At Home - Taekwondo 태권도 - VinKungfu.mp4,Nhảy lùi – đá trước (phải),front,5,594.23,595.67,595.47,chân phải,1,6.31,1.31,5.00,,,,,2.00,1.60,1.40,0.00,,,,,,,,,0.34,0.97,0.00,0.00,,,,,,,,,,,,,,,,,,,,,,,,,,,,,,,,,,,,,,,,,,,,,,,,,,,,,,,,,,,,,,,,,,,,,,,,,,,,,,,,
Tự học võ tại nhà Taekwondo #9 - Learn Taekwondo At Home - Taekwondo 태권도 - VinKungfu.mp4,Nhảy lùi – đá trước (phải),front,6,595.87,598.00,595.93,chân phải,1,4.58,0.98,3.60,,,,,2.00,1.60,0.00,0.00,,,,,,,,,0.61,0.37,0.00,0.00,,,,,,,,,,,,,,,,,,,,,,,,,,,,,,,,,,,,,,,,,,,,,,,,,,,,,,,,,,,,,,,,,,,,,,,,,,,,,,,,
Tự học võ tại nhà Taekwondo #9 - Learn Taekwondo At Home - Taekwondo 태권도 - VinKungfu.mp4,Nhảy lùi – đá trước (phải),front,7,598.70,600.77,599.63,chân phải,1,7.96,2.96,5.00,,,,,2.00,1.60,1.40,0.00,,,,,,,,,0.96,1.20,0.80,0.00,,,,,,,,,,,,,,,,,,,,,,,,,,,,,,,,,,,,,,,,,,,,,,,,,,,,,,,,,,,,,,,,,,,,,,,,,,,,,,,,
Tự học võ tại nhà Taekwondo #9 - Learn Taekwondo At Home - Taekwondo 태권도 - VinKungfu.mp4,Nhảy lùi – đá trước (phải),front,8,600.77,602.73,601.47,chân phải,1,7.96,2.96,5.00,,,,,2.00,1.60,1.40,0.00,,,,,,,,,0.96,1.20,0.80,0.00,,,,,,,,,,,,,,,,,,,,,,,,,,,,,,,,,,,,,,,,,,,,,,,,,,,,,,,,,,,,,,,,,,,,,,,,,,,,,,,,
Tự học võ tại nhà Taekwondo #9 - Learn Taekwondo At Home - Taekwondo 태권도 - VinKungfu.mp4,Nhảy lùi – đá trước (phải),front,9,603.00,604.67,603.43,chân phải,1,8.60,3.60,5.00,,,,,2.00,1.60,1.40,0.00,,,,,,,,,1.60,1.20,0.80,0.00,,,,,,,,,,,,,,,,,,,,,,,,,,,,,,,,,,,,,,,,,,,,,,,,,,,,,,,,,,,,,,,,,,,,,,,,,,,,,,,,
Tự học võ tại nhà Taekwondo #10 - Learn Taekwondo At Home - Taekwondo 태권도 - VinKungfu.mp4,Đá ngang thấp – cao (phải),side,1,226.03,227.93,226.93,chân phải,1,7.94,2.94,5.00,,,,,2.00,1.60,1.40,0.00,,,,,,,,,,,,,,,,,,,,,,,,,,,,,,,,,,,,,,,,,,,,,,,1.60,1.20,0.00,0.14,,,,,,,,,,,,,,,,,,,,,,,,,,,,,,,,,,,,,,,,,,
Tự học võ tại nhà Taekwondo #10 - Learn Taekwondo At Home - Taekwondo 태권도 - VinKungfu.mp4,Đá ngang thấp – cao (phải),side,2,229.70,231.90,230.60,chân phải,1,8.44,3.44,5.00,,,,,2.00,1.60,1.40,0.00,,,,,,,,,,,,,,,,,,,,,,,,,,,,,,,,,,,,,,,,,,,,,,,1.60,1.20,0.64,0.00,,,,,,,,,,,,,,,,,,,,,,,,,,,,,,,,,,,,,,,,,,
Tự học võ tại nhà Taekwondo #10 - Learn Taekwondo At Home - Taekwondo 태권도 - VinKungfu.mp4,Đá ngang thấp – cao (phải),side,3,233.43,235.20,234.30,chân phải,1,8.17,3.17,5.00,,,,,2.00,1.60,1.40,0.00,,,,,,,,,,,,,,,,,,,,,,,,,,,,,,,,,,,,,,,,,,,,,,,1.60,1.20,0.31,0.05,,,,,,,,,,,,,,,,,,,,,,,,,,,,,,,,,,,,,,,,,,
Tự học võ tại nhà Taekwondo #10 - Learn Taekwondo At Home - Taekwondo 태권도 - VinKungfu.mp4,Đá ngang thấp – cao (phải),side,4,235.20,236.97,236.13,chân phải,1,8.64,3.64,5.00,,,,,2.00,1.60,1.40,0.00,,,,,,,,,,,,,,,,,,,,,,,,,,,,,,,,,,,,,,,,,,,,,,,1.60,1.20,0.80,0.04,,,,,,,,,,,,,,,,,,,,,,,,,,,,,,,,,,,,,,,,,,
Tự học võ tại nhà Taekwondo #10 - Learn Taekwondo At Home - Taekwondo 태권도 - VinKungfu.mp4,Đá ngang thấp – cao (phải),side,5,236.97,238.83,238.03,chân phải,1,8.70,3.70,5.00,,,,,2.00,1.60,1.40,0.00,,,,,,,,,,,,,,,,,,,,,,,,,,,,,,,,,,,,,,,,,,,,,,,1.60,1.20,0.80,0.10,,,,,,,,,,,,,,,,,,,,,,,,,,,,,,,,,,,,,,,,,,
Tự học võ tại nhà Taekwondo #10 - Learn Taekwondo At Home - Taekwondo 태권도 - VinKungfu.mp4,Đá ngang thấp – cao (phải),side,6,239.40,241.13,240.27,chân phải,1,8.69,3.69,5.00,,,,,2.00,1.60,1.40,0.00,,,,,,,,,,,,,,,,,,,,,,,,,,,,,,,,,,,,,,,,,,,,,,,1.60,1.20,0.80,0.09,,,,,,,,,,,,,,,,,,,,,,,,,,,,,,,,,,,,,,,,,,
Tự học võ tại nhà Taekwondo #10 - Learn Taekwondo At Home - Taekwondo 태권도 - VinKungfu.mp4,Đá ngang thấp – cao (phải),side,7,241.13,243.07,241.80,chân phải,1,8.70,3.70,5.00,,,,,2.00,1.60,1.40,0.00,,,,,,,,,,,,,,,,,,,,,,,,,,,,,,,,,,,,,,,,,,,,,,,1.60,1.20,0.80,0.10,,,,,,,,,,,,,,,,,,,,,,,,,,,,,,,,,,,,,,,,,,
Tự học võ tại nhà Taekwondo #10 - Learn Taekwondo At Home - Taekwondo 태권도 - VinKungfu.mp4,Đá ngang thấp – cao (phải),side,8,243.47,245.67,245.63,chân phải,1,7.03,2.03,5.00,,,,,2.00,1.60,1.40,0.00,,,,,,,,,,,,,,,,,,,,,,,,,,,,,,,,,,,,,,,,,,,,,,,0.72,1.20,0.00,0.11,,,,,,,,,,,,,,,,,,,,,,,,,,,,,,,,,,,,,,,,,,
Tự học võ tại nhà Taekwondo #10 - Learn Taekwondo At Home - Taekwondo 태권도 - VinKungfu.mp4,Đá ngang thấp – cao (phải),side,9,245.80,247.33,246.47,chân phải,1,7.14,2.14,5.00,,,,,2.00,1.60,1.40,0.00,,,,,,,,,,,,,,,,,,,,,,,,,,,,,,,,,,,,,,,,,,,,,,,0.00,1.20,0.80,0.14,,,,,,,,,,,,,,,,,,,,,,,,,,,,,,,,,,,,,,,,,,
Tự học võ tại nhà Taekwondo #10 - Learn Taekwondo At Home - Taekwondo 태권도 - VinKungfu.mp4,Đá ngang thấp – cao (phải),side,10,248.33,249.93,249.47,chân phải,1,8.34,3.34,5.00,,,,,2.00,1.60,1.40,0.00,,,,,,,,,,,,,,,,,,,,,,,,,,,,,,,,,,,,,,,,,,,,,,,1.60,1.20,0.49,0.04,,,,,,,,,,,,,,,,,,,,,,,,,,,,,,,,,,,,,,,,,,
Tự học võ tại nhà Taekwondo #10 - Learn Taekwondo At Home - Taekwondo 태권도 - VinKungfu.mp4,Đá ngang thấp – cao (phải),side,11,249.93,250.97,250.70,chân phải,1,7.80,2.80,5.00,,,,,2.00,1.60,1.40,0.00,,,,,,,,,,,,,,,,,,,,,,,,,,,,,,,,,,,,,,,,,,,,,,,1.60,1.20,0.00,0.00,,,,,,,,,,,,,,,,,,,,,,,,,,,,,,,,,,,,,,,,,,
Tự học võ tại nhà Taekwondo #10 - Learn Taekwondo At Home - Taekwondo 태권도 - VinKungfu.mp4,Đá ngang thấp – cao (phải),side,1,555.20,557.03,556.20,chân phải,1,7.94,2.94,5.00,,,,,2.00,1.60,1.40,0.00,,,,,,,,,,,,,,,,,,,,,,,,,,,,,,,,,,,,,,,,,,,,,,,1.60,1.20,0.00,0.14,,,,,,,,,,,,,,,,,,,,,,,,,,,,,,,,,,,,,,,,,,
Tự học võ tại nhà Taekwondo #10 - Learn Taekwondo At Home - Taekwondo 태권도 - VinKungfu.mp4,Đá ngang thấp – cao (phải),side,2,558.90,561.10,559.77,chân phải,1,8.48,3.48,5.00,,,,,2.00,1.60,1.40,0.00,,,,,,,,,,,,,,,,,,,,,,,,,,,,,,,,,,,,,,,,,,,,,,,1.60,1.20,0.68,0.00,,,,,,,,,,,,,,,,,,,,,,,,,,,,,,,,,,,,,,,,,,
Tự học võ tại nhà Taekwondo #10 - Learn Taekwondo At Home - Taekwondo 태권도 - VinKungfu.mp4,Đá ngang thấp – cao (phải),side,3,562.60,564.37,563.40,chân phải,1,8.06,3.06,5.00,,,,,2.00,1.60,1.40,0.00,,,,,,,,,,,,,,,,,,,,,,,,,,,,,,,,,,,,,,,,,,,,,,,1.60,1.20,0.26,0.00,,,,,,,,,,,,,,,,,,,,,,,,,,,,,,,,,,,,,,,,,,
Tự học võ tại nhà Taekwondo #10 - Learn Taekwondo At Home - Taekwondo 태권도 - VinKungfu.mp4,Đá ngang thấp – cao (phải),side,4,564.37,566.13,565.43,chân phải,1,8.66,3.66,5.00,,,,,2.00,1.60,1.40,0.00,,,,,,,,,,,,,,,,,,,,,,,,,,,,,,,,,,,,,,,,,,,,,,,1.60,1.20,0.80,0.06,,,,,,,,,,,,,,,,,,,,,,,,,,,,,,,,,,,,,,,,,,
Tự học võ tại nhà Taekwondo #10 - Learn Taekwondo At Home - Taekwondo 태권도 - VinKungfu.mp4,Đá ngang thấp – cao (phải),side,5,566.13,568.00,566.90,chân phải,1,8.72,3.72,5.00,,,,,2.00,1.60,1.40,0.00,,,,,,,,,,,,,,,,,,,,,,,,,,,,,,,,,,,,,,,,,,,,,,,1.60,1.20,0.80,0.12,,,,,,,,,,,,,,,,,,,,,,,,,,,,,,,,,,,,,,,,,,
Tự học võ tại nhà Taekwondo #10 - Learn Taekwondo At Home - Taekwondo 태권도 - VinKungfu.mp4,Đá ngang thấp – cao (phải),side,6,568.57,570.33,569.43,chân phải,1,8.65,3.65,5.00,,,,,2.00,1.60,1.40,0.00,,,,,,,,,,,,,,,,,,,,,,,,,,,,,,,,,,,,,,,,,,,,,,,1.60,1.20,0.80,0.05,,,,,,,,,,,,,,,,,,,,,,,,,,,,,,,,,,,,,,,,,,
Tự học võ tại nhà Taekwondo #10 - Learn Taekwondo At Home - Taekwondo 태권도 - VinKungfu.mp4,Đá ngang thấp – cao (phải),side,7,570.33,572.23,570.97,chân phải,1,8.69,3.69,5.00,,,,,2.00,1.60,1.40,0.00,,,,,,,,,,,,,,,,,,,,,,,,,,,,,,,,,,,,,,,,,,,,,,,1.60,1.20,0.80,0.09,,,,,,,,,,,,,,,,,,,,,,,,,,,,,,,,,,,,,,,,,,
Tự học võ tại nhà Taekwondo #10 - Learn Taekwondo At Home - Taekwondo 태권도 - VinKungfu.mp4,Đá ngang thấp – cao (phải),side,8,572.63,574.83,573.53,chân phải,1,8.71,3.71,5.00,,,,,2.00,1.60,1.40,0.00,,,,,,,,,,,,,,,,,,,,,,,,,,,,,,,,,,,,,,,,,,,,,,,1.60,1.20,0.80,0.11,,,,,,,,,,,,,,,,,,,,,,,,,,,,,,,,,,,,,,,,,,
Tự học võ tại nhà Taekwondo #10 - Learn Taekwondo At Home - Taekwondo 태권도 - VinKungfu.mp4,Đá ngang thấp – cao (phải),side,9,574.97,576.50,575.93,chân phải,1,8.60,3.60,5.00,,,,,2.00,1.60,1.40,0.00,,,,,,,,,,,,,,,,,,,,,,,,,,,,,,,,,,,,,,,,,,,,,,,1.60,1.20,0.80,0.00,,,,,,,,,,,,,,,,,,,,,,,,,,,,,,,,,,,,,,,,,,
Tự học võ tại nhà Taekwondo #10 - Learn Taekwondo At Home - Taekwondo 태권도 - VinKungfu.mp4,Đá ngang thấp – cao (phải),side,10,577.50,579.10,578.63,chân phải,1,8.32,3.32,5.00,,,,,2.00,1.60,1.40,0.00,,,,,,,,,,,,,,,,,,,,,,,,,,,,,,,,,,,,,,,,,,,,,,,1.60,1.20,0.50,0.03,,,,,,,,,,,,,,,,,,,,,,,,,,,,,,,,,,,,,,,,,,
Tự học võ tại nhà Taekwondo #10 - Learn Taekwondo At Home - Taekwondo 태권도 - VinKungfu.mp4,Đá ngang thấp – cao (phải),side,11,579.10,580.97,579.87,chân phải,1,8.60,3.60,5.00,,,,,2.00,1.60,1.40,0.00,,,,,,,,,,,,,,,,,,,,,,,,,,,,,,,,,,,,,,,,,,,,,,,1.60,1.20,0.80,0.00,,,,,,,,,,,,,,,,,,,,,,,,,,,,,,,,,,,,,,,,,,
Tự học võ tại nhà Taekwondo #10 - Learn Taekwondo At Home - Taekwondo 태권도 - VinKungfu.mp4,Bước chọc mũi tay (trái),spear_hand,1,273.10,275.30,274.03,tay phải,1,5.70,2.00,3.69,,,,,,,,,,,,,1.04,0.30,1.36,1.00,,,,,,,,,,,,,,,,,,,,,,,,,,,,,,,,,,,,,,,,,,,,,,,,,,,,,,,,,,,,0.45,0.49,0.80,0.26,,,,,,,,,,,,,,,,,,,,,
Tự học võ tại nhà Taekwondo #10 - Learn Taekwondo At Home - Taekwondo 태권도 - VinKungfu.mp4,Bước chọc mũi tay (trái),spear_hand,2,275.53,277.13,276.17,tay phải,1,4.55,2.15,2.40,,,,,,,,,,,,,0.00,0.00,1.40,1.00,,,,,,,,,,,,,,,,,,,,,,,,,,,,,,,,,,,,,,,,,,,,,,,,,,,,,,,,,,,,0.64,0.78,0.43,0.29,,,,,,,,,,,,,,,,,,,,,
Tự học võ tại nhà Taekwondo #10 - Learn Taekwondo At Home - Taekwondo 태권도 - VinKungfu.mp4,Bước chọc mũi tay (trái),spear_hand,3,277.67,279.87,,tay phải,0,,,,,,,,,,,,,,,,,,,,,,,,,,,,,,,,,,,,,,,,,,,,,,,,,,,,,,,,,,,,,,,,,,,,,,,,,,,,,,,,,,,,,,,,,,,,,,,,,,,,,,,"Không thấy một động tác trọn vẹn: video bắt đầu/kết thúc giữa động tác, hoặc góc quay khiến không đo được tay. Nên quay chính diện hoặc chéo ~45°."
Tự học võ tại nhà Taekwondo #10 - Learn Taekwondo At Home - Taekwondo 태권도 - VinKungfu.mp4,Bước chọc mũi tay (trái),spear_hand,4,280.17,281.13,,tay trái,0,,,,,,,,,,,,,,,,,,,,,,,,,,,,,,,,,,,,,,,,,,,,,,,,,,,,,,,,,,,,,,,,,,,,,,,,,,,,,,,,,,,,,,,,,,,,,,,,,,,,,,,"Không thấy một động tác trọn vẹn: video bắt đầu/kết thúc giữa động tác, hoặc góc quay khiến không đo được tay. Nên quay chính diện hoặc chéo ~45°."
Tự học võ tại nhà Taekwondo #10 - Learn Taekwondo At Home - Taekwondo 태권도 - VinKungfu.mp4,Bước chọc mũi tay (trái),spear_hand,5,281.40,282.93,281.87,tay phải,1,4.14,2.79,1.36,,,,,,,,,,,,,0.00,,,0.68,,,,,,,,,,,,,,,,,,,,,,,,,,,,,,,,,,,,,,,,,,,,,,,,,,,,,,,,,,,,1.02,0.60,0.80,0.37,,,,,,,,,,,,,,,,,,,,,Video bắt đầu giữa động tác — các mục xoay thân/thời gian ra đòn không tính.
Tự học võ tại nhà Taekwondo #10 - Learn Taekwondo At Home - Taekwondo 태권도 - VinKungfu.mp4,Bước chọc mũi tay (trái),spear_hand,6,282.93,284.60,,tay phải,0,,,,,,,,,,,,,,,,,,,,,,,,,,,,,,,,,,,,,,,,,,,,,,,,,,,,,,,,,,,,,,,,,,,,,,,,,,,,,,,,,,,,,,,,,,,,,,,,,,,,,,,"Không thấy một động tác trọn vẹn: video bắt đầu/kết thúc giữa động tác, hoặc góc quay khiến không đo được tay. Nên quay chính diện hoặc chéo ~45°."
Tự học võ tại nhà Taekwondo #10 - Learn Taekwondo At Home - Taekwondo 태권도 - VinKungfu.mp4,Bước chọc mũi tay (trái),spear_hand,7,285.17,286.67,,tay trái,0,,,,,,,,,,,,,,,,,,,,,,,,,,,,,,,,,,,,,,,,,,,,,,,,,,,,,,,,,,,,,,,,,,,,,,,,,,,,,,,,,,,,,,,,,,,,,,,,,,,,,,,"Không thấy một động tác trọn vẹn: video bắt đầu/kết thúc giữa động tác, hoặc góc quay khiến không đo được tay. Nên quay chính diện hoặc chéo ~45°."
Tự học võ tại nhà Taekwondo #10 - Learn Taekwondo At Home - Taekwondo 태권도 - VinKungfu.mp4,Bước chọc mũi tay (trái),spear_hand,8,286.70,288.60,287.70,tay trái,1,8.29,3.41,4.89,,,,,,,,,,,,,1.88,0.99,1.02,1.00,,,,,,,,,,,,,,,,,,,,,,,,,,,,,,,,,,,,,,,,,,,,,,,,,,,,,,,,,,,,1.46,1.01,0.80,0.14,,,,,,,,,,,,,,,,,,,,,
Tự học võ tại nhà Taekwondo #10 - Learn Taekwondo At Home - Taekwondo 태권도 - VinKungfu.mp4,Bước chọc mũi tay (trái),spear_hand,9,288.60,290.80,289.30,tay phải,1,5.43,2.78,2.65,,,,,,,,,,,,,0.00,0.89,0.76,1.00,,,,,,,,,,,,,,,,,,,,,,,,,,,,,,,,,,,,,,,,,,,,,,,,,,,,,,,,,,,,1.10,0.74,0.80,0.14,,,,,,,,,,,,,,,,,,,,,
Tự học võ tại nhà Taekwondo #10 - Learn Taekwondo At Home - Taekwondo 태권도 - VinKungfu.mp4,Bước chọc mũi tay (trái),spear_hand,10,291.13,292.13,291.80,tay trái,1,8.77,3.41,5.36,,,,,,,,,,,,,1.84,1.60,1.10,0.81,,,,,,,,,,,,,,,,,,,,,,,,,,,,,,,,,,,,,,,,,,,,,,,,,,,,,,,,,,,,1.47,0.90,0.80,0.24,,,,,,,,,,,,,,,,,,,,,Cổ tay bị che khuất nhiều — số đo kém tin cậy.
Tự học võ tại nhà Taekwondo #10 - Learn Taekwondo At Home - Taekwondo 태권도 - VinKungfu.mp4,Bước chọc mũi tay (trái),spear_hand,11,292.63,294.83,293.33,tay trái,1,9.23,3.27,5.96,,,,,,,,,,,,,2.00,1.60,1.36,1.00,,,,,,,,,,,,,,,,,,,,,,,,,,,,,,,,,,,,,,,,,,,,,,,,,,,,,,,,,,,,1.42,0.77,0.80,0.28,,,,,,,,,,,,,,,,,,,,,
Tự học võ tại nhà Taekwondo #10 - Learn Taekwondo At Home - Taekwondo 태권도 - VinKungfu.mp4,Bước chọc mũi tay (trái),spear_hand,12,296.13,296.97,,tay trái,0,,,,,,,,,,,,,,,,,,,,,,,,,,,,,,,,,,,,,,,,,,,,,,,,,,,,,,,,,,,,,,,,,,,,,,,,,,,,,,,,,,,,,,,,,,,,,,,,,,,,,,,"Không thấy một động tác trọn vẹn: video bắt đầu/kết thúc giữa động tác, hoặc góc quay khiến không đo được tay. Nên quay chính diện hoặc chéo ~45°."
Tự học võ tại nhà Taekwondo #10 - Learn Taekwondo At Home - Taekwondo 태권도 - VinKungfu.mp4,Bước chọc mũi tay (trái),spear_hand,1,598.17,600.37,599.13,tay trái,1,2.46,1.98,0.48,,,,,,,,,,,,,0.00,,,0.24,,,,,,,,,,,,,,,,,,,,,,,,,,,,,,,,,,,,,,,,,,,,,,,,,,,,,,,,,,,,0.34,0.60,0.80,0.24,,,,,,,,,,,,,,,,,,,,,Video bắt đầu giữa động tác — các mục xoay thân/thời gian ra đòn không tính.
Tự học võ tại nhà Taekwondo #10 - Learn Taekwondo At Home - Taekwondo 태권도 - VinKungfu.mp4,Bước chọc mũi tay (trái),spear_hand,2,604.67,606.30,605.30,tay phải,1,4.10,1.74,2.36,,,,,,,,,,,,,0.00,0.00,1.36,1.00,,,,,,,,,,,,,,,,,,,,,,,,,,,,,,,,,,,,,,,,,,,,,,,,,,,,,,,,,,,,0.64,0.69,0.16,0.25,,,,,,,,,,,,,,,,,,,,,
Tự học võ tại nhà Taekwondo #10 - Learn Taekwondo At Home - Taekwondo 태권도 - VinKungfu.mp4,Bước chọc mũi tay (trái),spear_hand,3,606.70,608.90,,tay phải,0,,,,,,,,,,,,,,,,,,,,,,,,,,,,,,,,,,,,,,,,,,,,,,,,,,,,,,,,,,,,,,,,,,,,,,,,,,,,,,,,,,,,,,,,,,,,,,,,,,,,,,,"Không thấy một động tác trọn vẹn: video bắt đầu/kết thúc giữa động tác, hoặc góc quay khiến không đo được tay. Nên quay chính diện hoặc chéo ~45°."
Tự học võ tại nhà Taekwondo #10 - Learn Taekwondo At Home - Taekwondo 태권도 - VinKungfu.mp4,Bước chọc mũi tay (trái),spear_hand,4,609.33,610.37,,tay trái,0,,,,,,,,,,,,,,,,,,,,,,,,,,,,,,,,,,,,,,,,,,,,,,,,,,,,,,,,,,,,,,,,,,,,,,,,,,,,,,,,,,,,,,,,,,,,,,,,,,,,,,,"Không thấy một động tác trọn vẹn: video bắt đầu/kết thúc giữa động tác, hoặc góc quay khiến không đo được tay. Nên quay chính diện hoặc chéo ~45°."
Tự học võ tại nhà Taekwondo #10 - Learn Taekwondo At Home - Taekwondo 태권도 - VinKungfu.mp4,Bước chọc mũi tay (trái),spear_hand,5,610.37,612.10,611.03,tay phải,1,3.05,2.73,0.32,,,,,,,,,,,,,0.00,,,0.16,,,,,,,,,,,,,,,,,,,,,,,,,,,,,,,,,,,,,,,,,,,,,,,,,,,,,,,,,,,,0.97,0.60,0.80,0.36,,,,,,,,,,,,,,,,,,,,,Video bắt đầu giữa động tác — các mục xoay thân/thời gian ra đòn không tính.
Tự học võ tại nhà Taekwondo #10 - Learn Taekwondo At Home - Taekwondo 태권도 - VinKungfu.mp4,Bước chọc mũi tay (trái),spear_hand,6,612.10,613.77,,tay phải,0,,,,,,,,,,,,,,,,,,,,,,,,,,,,,,,,,,,,,,,,,,,,,,,,,,,,,,,,,,,,,,,,,,,,,,,,,,,,,,,,,,,,,,,,,,,,,,,,,,,,,,,"Không thấy một động tác trọn vẹn: video bắt đầu/kết thúc giữa động tác, hoặc góc quay khiến không đo được tay. Nên quay chính diện hoặc chéo ~45°."
Tự học võ tại nhà Taekwondo #10 - Learn Taekwondo At Home - Taekwondo 태권도 - VinKungfu.mp4,Bước chọc mũi tay (trái),spear_hand,7,614.33,615.83,,tay trái,0,,,,,,,,,,,,,,,,,,,,,,,,,,,,,,,,,,,,,,,,,,,,,,,,,,,,,,,,,,,,,,,,,,,,,,,,,,,,,,,,,,,,,,,,,,,,,,,,,,,,,,,"Không thấy một động tác trọn vẹn: video bắt đầu/kết thúc giữa động tác, hoặc góc quay khiến không đo được tay. Nên quay chính diện hoặc chéo ~45°."
Tự học võ tại nhà Taekwondo #10 - Learn Taekwondo At Home - Taekwondo 태권도 - VinKungfu.mp4,Bước chọc mũi tay (trái),spear_hand,8,615.90,617.77,616.87,tay trái,1,8.38,3.40,4.98,,,,,,,,,,,,,1.74,1.17,1.10,0.97,,,,,,,,,,,,,,,,,,,,,,,,,,,,,,,,,,,,,,,,,,,,,,,,,,,,,,,,,,,,1.46,1.00,0.80,0.15,,,,,,,,,,,,,,,,,,,,,
Tự học võ tại nhà Taekwondo #10 - Learn Taekwondo At Home - Taekwondo 태권도 - VinKungfu.mp4,Bước chọc mũi tay (trái),spear_hand,9,617.77,618.67,618.47,tay phải,1,5.07,2.47,2.60,,,,,,,,,,,,,0.01,0.82,0.76,1.00,,,,,,,,,,,,,,,,,,,,,,,,,,,,,,,,,,,,,,,,,,,,,,,,,,,,,,,,,,,,1.15,0.60,,0.23,,,,,,,,,,,,,,,,,,,,,"Video kết thúc trước khi thu tay — hạng mục thu tay không tính, điểm Chính xác quy đổi theo tỉ lệ."
Tự học võ tại nhà Taekwondo #10 - Learn Taekwondo At Home - Taekwondo 태권도 - VinKungfu.mp4,Bước chọc mũi tay (trái),spear_hand,10,618.67,620.30,,tay trái,0,,,,,,,,,,,,,,,,,,,,,,,,,,,,,,,,,,,,,,,,,,,,,,,,,,,,,,,,,,,,,,,,,,,,,,,,,,,,,,,,,,,,,,,,,,,,,,,,,,,,,,,"Không thấy một động tác trọn vẹn: video bắt đầu/kết thúc giữa động tác, hoặc góc quay khiến không đo được tay. Nên quay chính diện hoặc chéo ~45°."
Tự học võ tại nhà Taekwondo #10 - Learn Taekwondo At Home - Taekwondo 태권도 - VinKungfu.mp4,Bước chọc mũi tay (trái),spear_hand,11,620.30,621.30,620.97,tay trái,1,7.26,3.24,4.02,,,,,,,,,,,,,1.50,,,0.51,,,,,,,,,,,,,,,,,,,,,,,,,,,,,,,,,,,,,,,,,,,,,,,,,,,,,,,,,,,,1.26,0.94,0.80,0.24,,,,,,,,,,,,,,,,,,,,,Video bắt đầu giữa động tác — các mục xoay thân/thời gian ra đòn không tính. | Cổ tay bị che khuất nhiều — số đo kém tin cậy.
Tự học võ tại nhà Taekwondo #10 - Learn Taekwondo At Home - Taekwondo 태권도 - VinKungfu.mp4,Bước chọc mũi tay (trái),spear_hand,12,621.67,623.87,622.53,tay trái,1,9.18,3.30,5.87,,,,,,,,,,,,,2.00,1.60,1.27,1.00,,,,,,,,,,,,,,,,,,,,,,,,,,,,,,,,,,,,,,,,,,,,,,,,,,,,,,,,,,,,1.44,0.79,0.80,0.27,,,,,,,,,,,,,,,,,,,,,
Tự học võ tại nhà Taekwondo #10 - Learn Taekwondo At Home - Taekwondo 태권도 - VinKungfu.mp4,Gạt thấp (trái) – đá trước (phải),block_kick,1,314.00,316.73,316.70,tay trái + chân phải,1,5.25,1.58,3.68,,,,,1.00,0.80,0.00,0.00,,,,,0.68,0.00,0.70,0.50,0.10,0.27,0.09,0.00,,,,,,,,,,,,,,,,,,,,,0.35,0.36,0.29,0.12,,,,,,,,,,,,,,,,,,,,,,,,,,,,,,,,,,,,,,,,,,,,,,,,,,,,,,,,"Gạt thấp: Video kết thúc trước khi thu tay — hạng mục thu tay không tính, điểm Chính xác quy đổi theo tỉ lệ."
Tự học võ tại nhà Taekwondo #10 - Learn Taekwondo At Home - Taekwondo 태권도 - VinKungfu.mp4,Gạt thấp (trái) – đá trước (phải),block_kick,2,315.67,318.87,317.27,tay trái + chân phải,1,7.21,2.80,4.40,,,,,1.00,0.80,0.70,0.00,,,,,0.70,0.00,0.70,0.50,0.80,0.60,0.40,0.00,,,,,,,,,,,,,,,,,,,,,0.35,0.35,0.19,0.12,,,,,,,,,,,,,,,,,,,,,,,,,,,,,,,,,,,,,,,,,,,,,,,,,,,,,,,,
Tự học võ tại nhà Taekwondo #10 - Learn Taekwondo At Home - Taekwondo 태권도 - VinKungfu.mp4,Gạt thấp (trái) – đá trước (phải),block_kick,3,319.10,322.30,320.40,tay trái + chân phải,1,7.70,2.96,4.74,,,,,1.00,0.80,0.70,0.00,,,,,0.80,0.24,0.70,0.50,0.80,0.60,0.40,0.00,,,,,,,,,,,,,,,,,,,,,0.23,0.36,0.40,0.17,,,,,,,,,,,,,,,,,,,,,,,,,,,,,,,,,,,,,,,,,,,,,,,,,,,,,,,,"Gạt thấp: Video kết thúc trước khi thu tay — hạng mục thu tay không tính, điểm Chính xác quy đổi theo tỉ lệ. | Thứ tự chưa đúng: 'Đá trước' tới đích trước 'Gạt thấp'."
Tự học võ tại nhà Taekwondo #10 - Learn Taekwondo At Home - Taekwondo 태권도 - VinKungfu.mp4,Gạt thấp (trái) – đá trước (phải),block_kick,4,321.40,324.60,323.03,tay trái + chân phải,1,7.33,2.63,4.69,,,,,1.00,0.80,0.70,0.00,,,,,0.76,0.24,0.70,0.50,0.80,0.60,0.40,0.00,,,,,,,,,,,,,,,,,,,,,0.23,0.36,0.12,0.12,,,,,,,,,,,,,,,,,,,,,,,,,,,,,,,,,,,,,,,,,,,,,,,,,,,,,,,,
Tự học võ tại nhà Taekwondo #10 - Learn Taekwondo At Home - Taekwondo 태권도 - VinKungfu.mp4,Gạt thấp (trái) – đá trước (phải),block_kick,5,323.17,326.37,326.10,tay trái + chân phải,1,6.47,1.96,4.51,,,,,1.00,0.80,0.70,0.00,,,,,0.68,0.12,0.70,0.50,0.48,0.60,0.00,0.00,,,,,,,,,,,,,,,,,,,,,0.49,0.27,0.00,0.12,,,,,,,,,,,,,,,,,,,,,,,,,,,,,,,,,,,,,,,,,,,,,,,,,,,,,,,,Gạt thấp: Cổ tay bị che khuất nhiều — số đo kém tin cậy.
Tự học võ tại nhà Taekwondo #10 - Learn Taekwondo At Home - Taekwondo 태권도 - VinKungfu.mp4,Gạt thấp (trái) – đá trước (phải),block_kick,6,324.53,327.73,326.10,tay trái + chân phải,1,7.26,2.55,4.71,,,,,1.00,0.80,0.70,0.00,,,,,0.79,0.22,0.70,0.50,0.80,0.60,0.40,0.00,,,,,,,,,,,,,,,,,,,,,0.28,0.30,0.00,0.17,,,,,,,,,,,,,,,,,,,,,,,,,,,,,,,,,,,,,,,,,,,,,,,,,,,,,,,,"Gạt thấp: Video kết thúc trước khi thu tay — hạng mục thu tay không tính, điểm Chính xác quy đổi theo tỉ lệ. | Gạt thấp: Cổ tay bị che khuất nhiều — số đo kém tin cậy. | Thứ tự chưa đúng: 'Đá trước' tới đích trước 'Gạt thấp'."
Tự học võ tại nhà Taekwondo #10 - Learn Taekwondo At Home - Taekwondo 태권도 - VinKungfu.mp4,Gạt thấp (trái) – đá trước (phải),block_kick,7,326.67,329.87,328.10,tay trái + chân phải,1,7.13,2.41,4.72,,,,,1.00,0.80,0.70,0.00,,,,,0.81,0.22,0.70,0.50,0.80,0.60,0.31,0.00,,,,,,,,,,,,,,,,,,,,,0.28,0.30,0.00,0.12,,,,,,,,,,,,,,,,,,,,,,,,,,,,,,,,,,,,,,,,,,,,,,,,,,,,,,,,
Tự học võ tại nhà Taekwondo #10 - Learn Taekwondo At Home - Taekwondo 태권도 - VinKungfu.mp4,Gạt thấp (trái) – đá trước (phải),block_kick,8,329.83,333.03,330.27,tay trái + chân phải,1,6.05,2.37,3.68,,,,,1.00,0.80,0.00,0.00,,,,,0.67,0.01,0.70,0.50,0.11,0.23,0.21,0.00,,,,,,,,,,,,,,,,,,,,,0.80,0.50,0.39,0.13,,,,,,,,,,,,,,,,,,,,,,,,,,,,,,,,,,,,,,,,,,,,,,,,,,,,,,,,Thứ tự chưa đúng: 'Đá trước' tới đích trước 'Gạt thấp'.
Tự học võ tại nhà Taekwondo #10 - Learn Taekwondo At Home - Taekwondo 태권도 - VinKungfu.mp4,Gạt thấp (trái) – đá trước (phải),block_kick,9,331.77,334.97,334.83,tay trái + chân phải,1,5.88,2.04,3.83,,,,,1.00,0.80,0.70,0.00,,,,,0.56,0.00,0.47,0.30,0.00,0.60,0.00,0.00,,,,,,,,,,,,,,,,,,,,,0.76,0.27,0.25,0.17,,,,,,,,,,,,,,,,,,,,,,,,,,,,,,,,,,,,,,,,,,,,,,,,,,,,,,,,
Tự học võ tại nhà Taekwondo #10 - Learn Taekwondo At Home - Taekwondo 태권도 - VinKungfu.mp4,Gạt thấp (trái) – đá trước (phải),block_kick,10,334.97,338.17,335.20,tay trái + chân phải,1,7.17,2.68,4.50,,,,,1.00,0.80,0.70,0.00,,,,,0.63,0.16,0.70,0.50,0.39,0.50,0.00,0.00,,,,,,,,,,,,,,,,,,,,,0.79,0.46,0.40,0.14,,,,,,,,,,,,,,,,,,,,,,,,,,,,,,,,,,,,,,,,,,,,,,,,,,,,,,,,Thứ tự chưa đúng: 'Đá trước' tới đích trước 'Gạt thấp'.
Tự học võ tại nhà Taekwondo #10 - Learn Taekwondo At Home - Taekwondo 태권도 - VinKungfu.mp4,Gạt thấp (trái) – đá trước (phải),block_kick,11,337.70,340.90,339.70,tay trái + chân phải,1,6.13,2.14,3.99,,,,,1.00,0.80,0.00,0.00,,,,,0.99,0.00,0.70,0.50,0.58,0.24,0.00,0.00,,,,,,,,,,,,,,,,,,,,,0.78,0.40,0.00,0.14,,,,,,,,,,,,,,,,,,,,,,,,,,,,,,,,,,,,,,,,,,,,,,,,,,,,,,,,Thứ tự chưa đúng: 'Đá trước' tới đích trước 'Gạt thấp'.
Tự học võ tại nhà Taekwondo #10 - Learn Taekwondo At Home - Taekwondo 태권도 - VinKungfu.mp4,Gạt thấp (trái) – đá trước (phải),block_kick,12,339.10,340.97,339.70,tay trái + chân phải,1,5.99,1.99,4.00,,,,,1.00,0.80,0.00,0.00,,,,,1.00,0.00,0.70,0.50,0.48,0.20,0.00,0.00,,,,,,,,,,,,,,,,,,,,,0.78,0.38,0.00,0.14,,,,,,,,,,,,,,,,,,,,,,,,,,,,,,,,,,,,,,,,,,,,,,,,,,,,,,,,Thứ tự chưa đúng: 'Đá trước' tới đích trước 'Gạt thấp'.
Tự học võ tại nhà Taekwondo #10 - Learn Taekwondo At Home - Taekwondo 태권도 - VinKungfu.mp4,Gạt thấp (trái) – đá trước (phải),block_kick,1,644.00,646.50,646.43,tay trái + chân phải,1,6.75,2.39,4.37,,,,,1.00,0.80,0.70,0.00,,,,,0.67,0.00,0.70,0.50,0.80,0.60,0.00,0.00,,,,,,,,,,,,,,,,,,,,,0.33,0.35,0.19,0.12,,,,,,,,,,,,,,,,,,,,,,,,,,,,,,,,,,,,,,,,,,,,,,,,,,,,,,,,
Tự học võ tại nhà Taekwondo #10 - Learn Taekwondo At Home - Taekwondo 태권도 - VinKungfu.mp4,Gạt thấp (trái) – đá trước (phải),block_kick,2,644.83,648.03,646.43,tay trái + chân phải,1,7.16,2.77,4.38,,,,,1.00,0.80,0.70,0.00,,,,,0.68,0.00,0.70,0.50,0.80,0.60,0.40,0.00,,,,,,,,,,,,,,,,,,,,,0.32,0.35,0.18,0.12,,,,,,,,,,,,,,,,,,,,,,,,,,,,,,,,,,,,,,,,,,,,,,,,,,,,,,,,
Tự học võ tại nhà Taekwondo #10 - Learn Taekwondo At Home - Taekwondo 태권도 - VinKungfu.mp4,Gạt thấp (trái) – đá trước (phải),block_kick,3,648.27,651.47,649.57,tay trái + chân phải,1,7.57,2.96,4.61,,,,,1.00,0.80,0.70,0.00,,,,,0.78,0.13,0.70,0.50,0.80,0.60,0.40,0.00,,,,,,,,,,,,,,,,,,,,,0.23,0.36,0.40,0.17,,,,,,,,,,,,,,,,,,,,,,,,,,,,,,,,,,,,,,,,,,,,,,,,,,,,,,,,"Gạt thấp: Video kết thúc trước khi thu tay — hạng mục thu tay không tính, điểm Chính xác quy đổi theo tỉ lệ. | Thứ tự chưa đúng: 'Đá trước' tới đích trước 'Gạt thấp'."
Tự học võ tại nhà Taekwondo #10 - Learn Taekwondo At Home - Taekwondo 태권도 - VinKungfu.mp4,Gạt thấp (trái) – đá trước (phải),block_kick,4,650.57,653.77,652.27,tay trái + chân phải,1,7.21,2.63,4.57,,,,,1.00,0.80,0.70,0.00,,,,,0.75,0.13,0.70,0.50,0.80,0.60,0.40,0.00,,,,,,,,,,,,,,,,,,,,,0.23,0.36,0.12,0.12,,,,,,,,,,,,,,,,,,,,,,,,,,,,,,,,,,,,,,,,,,,,,,,,,,,,,,,,
Tự học võ tại nhà Taekwondo #10 - Learn Taekwondo At Home - Taekwondo 태권도 - VinKungfu.mp4,Gạt thấp (trái) – đá trước (phải),block_kick,5,652.37,655.57,655.23,tay trái + chân phải,1,6.56,2.10,4.45,,,,,1.00,0.80,0.70,0.00,,,,,0.68,0.07,0.70,0.50,0.48,0.60,0.07,0.00,,,,,,,,,,,,,,,,,,,,,0.53,0.31,0.00,0.12,,,,,,,,,,,,,,,,,,,,,,,,,,,,,,,,,,,,,,,,,,,,,,,,,,,,,,,,Gạt thấp: Cổ tay bị che khuất nhiều — số đo kém tin cậy.
Tự học võ tại nhà Taekwondo #10 - Learn Taekwondo At Home - Taekwondo 태권도 - VinKungfu.mp4,Gạt thấp (trái) – đá trước (phải),block_kick,6,653.70,656.90,655.23,tay trái + chân phải,1,7.24,2.55,4.69,,,,,1.00,0.80,0.70,0.00,,,,,0.80,0.19,0.70,0.50,0.80,0.60,0.40,0.00,,,,,,,,,,,,,,,,,,,,,0.28,0.30,0.00,0.17,,,,,,,,,,,,,,,,,,,,,,,,,,,,,,,,,,,,,,,,,,,,,,,,,,,,,,,,"Gạt thấp: Video kết thúc trước khi thu tay — hạng mục thu tay không tính, điểm Chính xác quy đổi theo tỉ lệ. | Gạt thấp: Cổ tay bị che khuất nhiều — số đo kém tin cậy. | Thứ tự chưa đúng: 'Đá trước' tới đích trước 'Gạt thấp'."
Tự học võ tại nhà Taekwondo #10 - Learn Taekwondo At Home - Taekwondo 태권도 - VinKungfu.mp4,Gạt thấp (trái) – đá trước (phải),block_kick,7,655.83,659.03,657.27,tay trái + chân phải,1,7.13,2.43,4.70,,,,,1.00,0.80,0.70,0.00,,,,,0.81,0.19,0.70,0.50,0.80,0.60,0.33,0.00,,,,,,,,,,,,,,,,,,,,,0.28,0.30,0.00,0.12,,,,,,,,,,,,,,,,,,,,,,,,,,,,,,,,,,,,,,,,,,,,,,,,,,,,,,,,
Tự học võ tại nhà Taekwondo #10 - Learn Taekwondo At Home - Taekwondo 태권도 - VinKungfu.mp4,Gạt thấp (trái) – đá trước (phải),block_kick,8,658.90,662.10,659.37,tay trái + chân phải,1,5.76,2.58,3.17,,,,,1.00,0.80,0.00,0.00,,,,,0.69,0.07,0.42,0.19,0.07,0.26,0.40,0.00,,,,,,,,,,,,,,,,,,,,,0.80,0.53,0.40,0.13,,,,,,,,,,,,,,,,,,,,,,,,,,,,,,,,,,,,,,,,,,,,,,,,,,,,,,,,Thứ tự chưa đúng: 'Đá trước' tới đích trước 'Gạt thấp'.
Tự học võ tại nhà Taekwondo #10 - Learn Taekwondo At Home - Taekwondo 태권도 - VinKungfu.mp4,Gạt thấp (trái) – đá trước (phải),block_kick,9,660.93,664.13,663.67,tay trái + chân phải,1,5.89,2.02,3.87,,,,,1.00,0.80,0.70,0.00,,,,,0.56,0.00,0.47,0.34,0.00,0.60,0.00,0.00,,,,,,,,,,,,,,,,,,,,,0.75,0.26,0.25,0.17,,,,,,,,,,,,,,,,,,,,,,,,,,,,,,,,,,,,,,,,,,,,,,,,,,,,,,,,
Tự học võ tại nhà Taekwondo #10 - Learn Taekwondo At Home - Taekwondo 태권도 - VinKungfu.mp4,Gạt thấp (trái) – đá trước (phải),block_kick,10,662.93,666.13,664.37,tay trái + chân phải,1,6.85,2.26,4.59,,,,,1.00,0.80,0.44,0.00,,,,,0.81,0.34,0.70,0.50,0.23,0.48,0.36,0.00,,,,,,,,,,,,,,,,,,,,,0.80,0.26,0.00,0.14,,,,,,,,,,,,,,,,,,,,,,,,,,,,,,,,,,,,,,,,,,,,,,,,,,,,,,,,Thứ tự chưa đúng: 'Đá trước' tới đích trước 'Gạt thấp'.
Tự học võ tại nhà Taekwondo #10 - Learn Taekwondo At Home - Taekwondo 태권도 - VinKungfu.mp4,Gạt thấp (trái) – đá trước (phải),block_kick,11,664.13,667.33,664.37,tay trái + chân phải,1,6.96,2.59,4.37,,,,,1.00,0.80,0.53,0.00,,,,,0.62,0.22,0.70,0.50,0.14,0.44,0.20,0.00,,,,,,,,,,,,,,,,,,,,,0.80,0.47,0.40,0.14,,,,,,,,,,,,,,,,,,,,,,,,,,,,,,,,,,,,,,,,,,,,,,,,,,,,,,,,Thứ tự chưa đúng: 'Đá trước' tới đích trước 'Gạt thấp'.
Tự học võ tại nhà Taekwondo #10 - Learn Taekwondo At Home - Taekwondo 태권도 - VinKungfu.mp4,Gạt thấp (trái) – đá trước (phải),block_kick,12,665.87,669.07,668.77,tay trái + chân phải,1,6.07,2.24,3.83,,,,,1.00,0.80,0.00,0.00,,,,,0.62,0.22,0.70,0.50,0.19,0.24,0.00,0.00,,,,,,,,,,,,,,,,,,,,,0.80,0.47,0.40,0.14,,,,,,,,,,,,,,,,,,,,,,,,,,,,,,,,,,,,,,,,,,,,,,,,,,,,,,,,
Tự học võ tại nhà Taekwondo #10 - Learn Taekwondo At Home - Taekwondo 태권도 - VinKungfu.mp4,Gạt thấp (trái) – đá trước (phải),block_kick,13,668.27,670.97,670.60,tay trái + chân phải,1,6.13,1.80,4.33,,,,,1.00,0.80,0.20,0.00,,,,,1.00,0.13,0.70,0.50,0.00,0.34,0.19,0.00,,,,,,,,,,,,,,,,,,,,,0.76,0.37,0.00,0.14,,,,,,,,,,,,,,,,,,,,,,,,,,,,,,,,,,,,,,,,,,,,,,,,,,,,,,,,
Tự học võ tại nhà Taekwondo #10 - Learn Taekwondo At Home - Taekwondo 태권도 - VinKungfu.mp4,Gạt thấp (trái) – đá trước (phải),block_kick,14,669.87,670.97,670.60,tay trái + chân phải,1,5.48,2.02,3.46,,,,,1.00,0.80,0.00,0.00,,,,,0.44,0.59,0.21,0.42,0.01,0.24,0.00,0.00,,,,,,,,,,,,,,,,,,,,,0.79,0.45,0.40,0.12,,,,,,,,,,,,,,,,,,,,,,,,,,,,,,,,,,,,,,,,,,,,,,,,,,,,,,,,"Gạt thấp: Video kết thúc trước khi thu tay — hạng mục thu tay không tính, điểm Chính xác quy đổi theo tỉ lệ. | Thứ tự chưa đúng: 'Đá trước' tới đích trước 'Gạt thấp'."
Tự học võ tại nhà Taekwondo #11 - Learn Taekwondo At Home - Taekwondo 태권도 - VinKungfu.mp4,Đá vòng cầu (phải),roundhouse,1,112.20,114.40,113.43,chân phải,1,6.36,1.36,5.00,0.00,1.20,0.00,0.16,2.00,1.60,1.40,0.00,,,,,,,,,,,,,,,,,,,,,,,,,,,,,,,,,,,,,,,,,,,,,,,,,,,,,,,,,,,,,,,,,,,,,,,,,,,,,,,,,,,,,,,,,,,,
Tự học võ tại nhà Taekwondo #11 - Learn Taekwondo At Home - Taekwondo 태권도 - VinKungfu.mp4,Đá vòng cầu (phải),roundhouse,2,114.97,117.17,117.13,chân phải,1,6.36,1.36,5.00,0.00,1.20,0.00,0.16,2.00,1.60,1.40,0.00,,,,,,,,,,,,,,,,,,,,,,,,,,,,,,,,,,,,,,,,,,,,,,,,,,,,,,,,,,,,,,,,,,,,,,,,,,,,,,,,,,,,,,,,,,,,
Tự học võ tại nhà Taekwondo #11 - Learn Taekwondo At Home - Taekwondo 태권도 - VinKungfu.mp4,Đá vòng cầu (phải),roundhouse,3,117.37,119.57,118.27,chân phải,1,8.62,3.62,5.00,1.46,1.20,0.80,0.16,2.00,1.60,1.40,0.00,,,,,,,,,,,,,,,,,,,,,,,,,,,,,,,,,,,,,,,,,,,,,,,,,,,,,,,,,,,,,,,,,,,,,,,,,,,,,,,,,,,,,,,,,,,,
Tự học võ tại nhà Taekwondo #11 - Learn Taekwondo At Home - Taekwondo 태권도 - VinKungfu.mp4,Đá vòng cầu (phải),roundhouse,4,120.00,122.17,121.00,chân phải,1,7.95,2.95,5.00,1.60,1.20,0.15,0.00,2.00,1.60,1.40,0.00,,,,,,,,,,,,,,,,,,,,,,,,,,,,,,,,,,,,,,,,,,,,,,,,,,,,,,,,,,,,,,,,,,,,,,,,,,,,,,,,,,,,,,,,,,,,
Tự học võ tại nhà Taekwondo #11 - Learn Taekwondo At Home - Taekwondo 태권도 - VinKungfu.mp4,Đá vòng cầu (phải),roundhouse,5,122.37,124.50,123.33,chân phải,1,8.60,3.60,5.00,1.60,1.20,0.80,0.00,2.00,1.60,1.40,0.00,,,,,,,,,,,,,,,,,,,,,,,,,,,,,,,,,,,,,,,,,,,,,,,,,,,,,,,,,,,,,,,,,,,,,,,,,,,,,,,,,,,,,,,,,,,,
Tự học võ tại nhà Taekwondo #11 - Learn Taekwondo At Home - Taekwondo 태권도 - VinKungfu.mp4,Đá vòng cầu (phải),roundhouse,6,124.97,127.17,126.10,chân phải,1,8.12,3.12,5.00,1.12,1.20,0.80,0.00,2.00,1.60,1.40,0.00,,,,,,,,,,,,,,,,,,,,,,,,,,,,,,,,,,,,,,,,,,,,,,,,,,,,,,,,,,,,,,,,,,,,,,,,,,,,,,,,,,,,,,,,,,,,
Tự học võ tại nhà Taekwondo #11 - Learn Taekwondo At Home - Taekwondo 태권도 - VinKungfu.mp4,Đá vòng cầu (phải),roundhouse,7,127.57,129.67,128.50,chân phải,1,7.92,2.92,5.00,0.92,1.20,0.80,0.00,2.00,1.60,1.40,0.00,,,,,,,,,,,,,,,,,,,,,,,,,,,,,,,,,,,,,,,,,,,,,,,,,,,,,,,,,,,,,,,,,,,,,,,,,,,,,,,,,,,,,,,,,,,,
Tự học võ tại nhà Taekwondo #11 - Learn Taekwondo At Home - Taekwondo 태권도 - VinKungfu.mp4,Đá vòng cầu (phải),roundhouse,8,130.17,132.20,130.90,chân phải,1,7.54,2.54,5.00,0.86,1.20,0.48,0.00,2.00,1.60,1.40,0.00,,,,,,,,,,,,,,,,,,,,,,,,,,,,,,,,,,,,,,,,,,,,,,,,,,,,,,,,,,,,,,,,,,,,,,,,,,,,,,,,,,,,,,,,,,,,
Tự học võ tại nhà Taekwondo #11 - Learn Taekwondo At Home - Taekwondo 태권도 - VinKungfu.mp4,Đá vòng cầu (phải),roundhouse,9,132.20,133.53,133.53,chân phải,1,4.28,0.68,3.60,0.00,0.47,0.05,0.16,2.00,1.60,0.00,0.00,,,,,,,,,,,,,,,,,,,,,,,,,,,,,,,,,,,,,,,,,,,,,,,,,,,,,,,,,,,,,,,,,,,,,,,,,,,,,,,,,,,,,,,,,,,,
Tự học võ tại nhà Taekwondo #11 - Learn Taekwondo At Home - Taekwondo 태권도 - VinKungfu.mp4,Đá vòng cầu (phải),roundhouse,10,133.53,135.27,135.07,chân phải,1,4.30,0.70,3.60,0.00,0.54,0.00,0.16,2.00,1.60,0.00,0.00,,,,,,,,,,,,,,,,,,,,,,,,,,,,,,,,,,,,,,,,,,,,,,,,,,,,,,,,,,,,,,,,,,,,,,,,,,,,,,,,,,,,,,,,,,,,
Tự học võ tại nhà Taekwondo #11 - Learn Taekwondo At Home - Taekwondo 태권도 - VinKungfu.mp4,Đá vòng cầu (phải),roundhouse,11,135.27,137.33,136.10,chân phải,1,8.76,3.76,5.00,1.60,1.20,0.80,0.16,2.00,1.60,1.40,0.00,,,,,,,,,,,,,,,,,,,,,,,,,,,,,,,,,,,,,,,,,,,,,,,,,,,,,,,,,,,,,,,,,,,,,,,,,,,,,,,,,,,,,,,,,,,,
Tự học võ tại nhà Taekwondo #11 - Learn Taekwondo At Home - Taekwondo 태권도 - VinKungfu.mp4,Đá vòng cầu (phải),roundhouse,12,137.47,138.97,138.57,chân phải,1,7.91,2.91,5.00,1.51,1.20,0.04,0.16,2.00,1.60,1.40,0.00,,,,,,,,,,,,,,,,,,,,,,,,,,,,,,,,,,,,,,,,,,,,,,,,,,,,,,,,,,,,,,,,,,,,,,,,,,,,,,,,,,,,,,,,,,,,
Tự học võ tại nhà Taekwondo #11 - Learn Taekwondo At Home - Taekwondo 태권도 - VinKungfu.mp4,Đá vòng cầu (phải),roundhouse,1,440.00,441.30,440.33,chân phải,1,6.82,1.82,5.00,0.46,1.20,0.00,0.16,2.00,1.60,1.40,0.00,,,,,,,,,,,,,,,,,,,,,,,,,,,,,,,,,,,,,,,,,,,,,,,,,,,,,,,,,,,,,,,,,,,,,,,,,,,,,,,,,,,,,,,,,,,,
Tự học võ tại nhà Taekwondo #11 - Learn Taekwondo At Home - Taekwondo 태권도 - VinKungfu.mp4,Đá vòng cầu (phải),roundhouse,2,442.27,443.97,443.00,chân phải,1,6.36,1.36,5.00,0.00,1.20,0.00,0.16,2.00,1.60,1.40,0.00,,,,,,,,,,,,,,,,,,,,,,,,,,,,,,,,,,,,,,,,,,,,,,,,,,,,,,,,,,,,,,,,,,,,,,,,,,,,,,,,,,,,,,,,,,,,
Tự học võ tại nhà Taekwondo #11 - Learn Taekwondo At Home - Taekwondo 태권도 - VinKungfu.mp4,Đá vòng cầu (phải),roundhouse,3,444.67,446.80,446.70,chân phải,1,6.36,1.36,5.00,0.00,1.20,0.00,0.16,2.00,1.60,1.40,0.00,,,,,,,,,,,,,,,,,,,,,,,,,,,,,,,,,,,,,,,,,,,,,,,,,,,,,,,,,,,,,,,,,,,,,,,,,,,,,,,,,,,,,,,,,,,,
Tự học võ tại nhà Taekwondo #11 - Learn Taekwondo At Home - Taekwondo 태권도 - VinKungfu.mp4,Đá vòng cầu (phải),roundhouse,4,446.93,449.13,447.80,chân phải,1,8.46,3.46,5.00,1.46,1.20,0.80,0.00,2.00,1.60,1.40,0.00,,,,,,,,,,,,,,,,,,,,,,,,,,,,,,,,,,,,,,,,,,,,,,,,,,,,,,,,,,,,,,,,,,,,,,,,,,,,,,,,,,,,,,,,,,,,
Tự học võ tại nhà Taekwondo #11 - Learn Taekwondo At Home - Taekwondo 태권도 - VinKungfu.mp4,Đá vòng cầu (phải),roundhouse,5,449.53,451.70,450.53,chân phải,1,7.86,2.86,5.00,1.52,1.20,0.14,0.00,2.00,1.60,1.40,0.00,,,,,,,,,,,,,,,,,,,,,,,,,,,,,,,,,,,,,,,,,,,,,,,,,,,,,,,,,,,,,,,,,,,,,,,,,,,,,,,,,,,,,,,,,,,,
Tự học võ tại nhà Taekwondo #11 - Learn Taekwondo At Home - Taekwondo 태권도 - VinKungfu.mp4,Đá vòng cầu (phải),roundhouse,6,452.03,454.03,452.90,chân phải,1,8.51,3.51,5.00,1.51,1.20,0.80,0.00,2.00,1.60,1.40,0.00,,,,,,,,,,,,,,,,,,,,,,,,,,,,,,,,,,,,,,,,,,,,,,,,,,,,,,,,,,,,,,,,,,,,,,,,,,,,,,,,,,,,,,,,,,,,
Tự học võ tại nhà Taekwondo #11 - Learn Taekwondo At Home - Taekwondo 태권도 - VinKungfu.mp4,Đá vòng cầu (phải),roundhouse,7,454.50,456.70,455.60,chân phải,1,8.23,3.23,5.00,1.23,1.20,0.80,0.00,2.00,1.60,1.40,0.00,,,,,,,,,,,,,,,,,,,,,,,,,,,,,,,,,,,,,,,,,,,,,,,,,,,,,,,,,,,,,,,,,,,,,,,,,,,,,,,,,,,,,,,,,,,,
Tự học võ tại nhà Taekwondo #11 - Learn Taekwondo At Home - Taekwondo 태권도 - VinKungfu.mp4,Đá vòng cầu (phải),roundhouse,8,457.07,459.20,458.10,chân phải,1,8.12,3.12,5.00,1.12,1.20,0.80,0.00,2.00,1.60,1.40,0.00,,,,,,,,,,,,,,,,,,,,,,,,,,,,,,,,,,,,,,,,,,,,,,,,,,,,,,,,,,,,,,,,,,,,,,,,,,,,,,,,,,,,,,,,,,,,
Tự học võ tại nhà Taekwondo #11 - Learn Taekwondo At Home - Taekwondo 태권도 - VinKungfu.mp4,Đá vòng cầu (phải),roundhouse,9,459.70,461.70,460.43,chân phải,1,7.60,2.60,5.00,0.94,1.20,0.46,0.00,2.00,1.60,1.40,0.00,,,,,,,,,,,,,,,,,,,,,,,,,,,,,,,,,,,,,,,,,,,,,,,,,,,,,,,,,,,,,,,,,,,,,,,,,,,,,,,,,,,,,,,,,,,,
Tự học võ tại nhà Taekwondo #11 - Learn Taekwondo At Home - Taekwondo 태권도 - VinKungfu.mp4,Đá vòng cầu (phải),roundhouse,10,461.70,463.10,463.03,chân phải,1,4.21,0.61,3.60,0.00,0.45,0.00,0.16,2.00,1.60,0.00,0.00,,,,,,,,,,,,,,,,,,,,,,,,,,,,,,,,,,,,,,,,,,,,,,,,,,,,,,,,,,,,,,,,,,,,,,,,,,,,,,,,,,,,,,,,,,,,
Tự học võ tại nhà Taekwondo #11 - Learn Taekwondo At Home - Taekwondo 태권도 - VinKungfu.mp4,Đá vòng cầu (phải),roundhouse,11,463.10,464.80,464.60,chân phải,1,4.30,0.70,3.60,0.00,0.54,0.00,0.16,2.00,1.60,0.00,0.00,,,,,,,,,,,,,,,,,,,,,,,,,,,,,,,,,,,,,,,,,,,,,,,,,,,,,,,,,,,,,,,,,,,,,,,,,,,,,,,,,,,,,,,,,,,,
Tự học võ tại nhà Taekwondo #11 - Learn Taekwondo At Home - Taekwondo 태권도 - VinKungfu.mp4,Đá vòng cầu (phải),roundhouse,12,464.80,466.93,465.63,chân phải,1,8.76,3.76,5.00,1.60,1.20,0.80,0.16,2.00,1.60,1.40,0.00,,,,,,,,,,,,,,,,,,,,,,,,,,,,,,,,,,,,,,,,,,,,,,,,,,,,,,,,,,,,,,,,,,,,,,,,,,,,,,,,,,,,,,,,,,,,
Tự học võ tại nhà Taekwondo #11 - Learn Taekwondo At Home - Taekwondo 태권도 - VinKungfu.mp4,Thủ thế thụt người,duck,1,156.03,158.23,157.00,,1,9.32,3.60,5.72,,,,,,,,,,,,,,,,,,,,,,,,,,,,,,,,,,,,,,,,,,,,,,,,,,,,,,,,,,,,,,,,,,,,,,,,,,,,,,,,1.60,1.14,0.80,0.06,2.00,1.60,1.12,1.00,,,,,,,,,,,,,
Tự học võ tại nhà Taekwondo #11 - Learn Taekwondo At Home - Taekwondo 태권도 - VinKungfu.mp4,Thủ thế thụt người,duck,2,158.27,159.60,158.80,,1,9.07,3.35,5.72,,,,,,,,,,,,,,,,,,,,,,,,,,,,,,,,,,,,,,,,,,,,,,,,,,,,,,,,,,,,,,,,,,,,,,,,,,,,,,,,1.60,0.93,0.80,0.02,2.00,1.60,1.12,1.00,,,,,,,,,,,,,
Tự học võ tại nhà Taekwondo #11 - Learn Taekwondo At Home - Taekwondo 태권도 - VinKungfu.mp4,Thủ thế thụt người,duck,3,159.80,161.80,160.77,,1,8.92,3.39,5.53,,,,,,,,,,,,,,,,,,,,,,,,,,,,,,,,,,,,,,,,,,,,,,,,,,,,,,,,,,,,,,,,,,,,,,,,,,,,,,,,1.60,0.92,0.80,0.07,2.00,1.60,0.93,1.00,,,,,,,,,,,,,
Tự học võ tại nhà Taekwondo #11 - Learn Taekwondo At Home - Taekwondo 태권도 - VinKungfu.mp4,Thủ thế thụt người,duck,4,161.80,163.33,162.47,,1,9.12,3.49,5.63,,,,,,,,,,,,,,,,,,,,,,,,,,,,,,,,,,,,,,,,,,,,,,,,,,,,,,,,,,,,,,,,,,,,,,,,,,,,,,,,1.60,1.00,0.80,0.09,2.00,1.60,1.03,1.00,,,,,,,,,,,,,
Tự học võ tại nhà Taekwondo #11 - Learn Taekwondo At Home - Taekwondo 태권도 - VinKungfu.mp4,Thủ thế thụt người,duck,5,163.33,165.23,164.17,,1,9.34,3.62,5.72,,,,,,,,,,,,,,,,,,,,,,,,,,,,,,,,,,,,,,,,,,,,,,,,,,,,,,,,,,,,,,,,,,,,,,,,,,,,,,,,1.60,1.12,0.80,0.11,2.00,1.60,1.12,1.00,,,,,,,,,,,,,
Tự học võ tại nhà Taekwondo #11 - Learn Taekwondo At Home - Taekwondo 태권도 - VinKungfu.mp4,Thủ thế thụt người,duck,6,165.23,166.43,165.77,,1,9.22,3.59,5.63,,,,,,,,,,,,,,,,,,,,,,,,,,,,,,,,,,,,,,,,,,,,,,,,,,,,,,,,,,,,,,,,,,,,,,,,,,,,,,,,1.60,1.11,0.80,0.09,2.00,1.60,1.03,1.00,,,,,,,,,,,,,
Tự học võ tại nhà Taekwondo #11 - Learn Taekwondo At Home - Taekwondo 태권도 - VinKungfu.mp4,Thủ thế thụt người,duck,7,166.43,167.80,167.10,,1,9.81,3.90,5.91,,,,,,,,,,,,,,,,,,,,,,,,,,,,,,,,,,,,,,,,,,,,,,,,,,,,,,,,,,,,,,,,,,,,,,,,,,,,,,,,1.60,1.20,0.80,0.30,2.00,1.60,1.31,1.00,,,,,,,,,,,,,
Tự học võ tại nhà Taekwondo #11 - Learn Taekwondo At Home - Taekwondo 태권도 - VinKungfu.mp4,Thủ thế thụt người,duck,8,167.80,169.03,168.33,,1,9.51,3.79,5.72,,,,,,,,,,,,,,,,,,,,,,,,,,,,,,,,,,,,,,,,,,,,,,,,,,,,,,,,,,,,,,,,,,,,,,,,,,,,,,,,1.60,1.20,0.80,0.19,2.00,1.60,1.12,1.00,,,,,,,,,,,,,
Tự học võ tại nhà Taekwondo #11 - Learn Taekwondo At Home - Taekwondo 태권도 - VinKungfu.mp4,Thủ thế thụt người,duck,9,169.03,170.23,169.53,,1,9.33,3.52,5.81,,,,,,,,,,,,,,,,,,,,,,,,,,,,,,,,,,,,,,,,,,,,,,,,,,,,,,,,,,,,,,,,,,,,,,,,,,,,,,,,1.60,0.99,0.80,0.12,2.00,1.60,1.21,1.00,,,,,,,,,,,,,
Tự học võ tại nhà Taekwondo #11 - Learn Taekwondo At Home - Taekwondo 태권도 - VinKungfu.mp4,Thủ thế thụt người,duck,10,170.23,171.93,171.13,,1,9.49,3.77,5.72,,,,,,,,,,,,,,,,,,,,,,,,,,,,,,,,,,,,,,,,,,,,,,,,,,,,,,,,,,,,,,,,,,,,,,,,,,,,,,,,1.60,1.19,0.80,0.18,2.00,1.60,1.12,1.00,,,,,,,,,,,,,
Tự học võ tại nhà Taekwondo #11 - Learn Taekwondo At Home - Taekwondo 태권도 - VinKungfu.mp4,Thủ thế thụt người,duck,11,171.93,173.37,172.47,,1,9.53,3.81,5.72,,,,,,,,,,,,,,,,,,,,,,,,,,,,,,,,,,,,,,,,,,,,,,,,,,,,,,,,,,,,,,,,,,,,,,,,,,,,,,,,1.60,1.20,0.80,0.21,2.00,1.60,1.12,1.00,,,,,,,,,,,,,
Tự học võ tại nhà Taekwondo #11 - Learn Taekwondo At Home - Taekwondo 태권도 - VinKungfu.mp4,Thủ thế thụt người,duck,12,173.47,175.13,174.47,,1,9.28,3.47,5.81,,,,,,,,,,,,,,,,,,,,,,,,,,,,,,,,,,,,,,,,,,,,,,,,,,,,,,,,,,,,,,,,,,,,,,,,,,,,,,,,1.60,0.97,0.80,0.10,2.00,1.60,1.21,1.00,,,,,,,,,,,,,
Tự học võ tại nhà Taekwondo #11 - Learn Taekwondo At Home - Taekwondo 태권도 - VinKungfu.mp4,Thủ thế thụt người,duck,13,175.13,176.27,175.60,,1,9.25,3.43,5.81,,,,,,,,,,,,,,,,,,,,,,,,,,,,,,,,,,,,,,,,,,,,,,,,,,,,,,,,,,,,,,,,,,,,,,,,,,,,,,,,1.60,0.94,0.80,0.09,2.00,1.60,1.21,1.00,,,,,,,,,,,,,
Tự học võ tại nhà Taekwondo #11 - Learn Taekwondo At Home - Taekwondo 태권도 - VinKungfu.mp4,Thủ thế thụt người,duck,14,176.27,177.63,176.70,,1,9.12,3.31,5.81,,,,,,,,,,,,,,,,,,,,,,,,,,,,,,,,,,,,,,,,,,,,,,,,,,,,,,,,,,,,,,,,,,,,,,,,,,,,,,,,1.60,0.86,0.80,0.05,2.00,1.60,1.21,1.00,,,,,,,,,,,,,
Tự học võ tại nhà Taekwondo #11 - Learn Taekwondo At Home - Taekwondo 태권도 - VinKungfu.mp4,Thủ thế thụt người,duck,15,177.63,178.63,178.03,,1,9.23,3.32,5.91,,,,,,,,,,,,,,,,,,,,,,,,,,,,,,,,,,,,,,,,,,,,,,,,,,,,,,,,,,,,,,,,,,,,,,,,,,,,,,,,1.60,0.79,0.80,0.13,2.00,1.60,1.31,1.00,,,,,,,,,,,,,
Tự học võ tại nhà Taekwondo #11 - Learn Taekwondo At Home - Taekwondo 태권도 - VinKungfu.mp4,Thủ thế thụt người,duck,16,178.63,179.63,179.03,,1,8.84,2.84,6.00,,,,,,,,,,,,,,,,,,,,,,,,,,,,,,,,,,,,,,,,,,,,,,,,,,,,,,,,,,,,,,,,,,,,,,,,,,,,,,,,1.31,0.55,0.80,0.19,2.00,1.60,1.40,1.00,,,,,,,,,,,,,
Tự học võ tại nhà Taekwondo #11 - Learn Taekwondo At Home - Taekwondo 태권도 - VinKungfu.mp4,Thủ thế thụt người,duck,17,179.63,180.57,180.07,,1,8.94,3.13,5.81,,,,,,,,,,,,,,,,,,,,,,,,,,,,,,,,,,,,,,,,,,,,,,,,,,,,,,,,,,,,,,,,,,,,,,,,,,,,,,,,1.60,0.44,0.80,0.29,2.00,1.60,1.21,1.00,,,,,,,,,,,,,
Tự học võ tại nhà Taekwondo #11 - Learn Taekwondo At Home - Taekwondo 태권도 - VinKungfu.mp4,Thủ thế thụt người,duck,18,180.57,182.13,181.47,,1,9.58,3.67,5.91,,,,,,,,,,,,,,,,,,,,,,,,,,,,,,,,,,,,,,,,,,,,,,,,,,,,,,,,,,,,,,,,,,,,,,,,,,,,,,,,1.60,0.99,0.80,0.28,2.00,1.60,1.31,1.00,,,,,,,,,,,,,
Tự học võ tại nhà Taekwondo #11 - Learn Taekwondo At Home - Taekwondo 태권도 - VinKungfu.mp4,Thủ thế thụt người,duck,19,182.13,182.97,182.53,,1,9.20,3.30,5.91,,,,,,,,,,,,,,,,,,,,,,,,,,,,,,,,,,,,,,,,,,,,,,,,,,,,,,,,,,,,,,,,,,,,,,,,,,,,,,,,1.60,0.79,0.80,0.11,2.00,1.60,1.31,1.00,,,,,,,,,,,,,
Tự học võ tại nhà Taekwondo #11 - Learn Taekwondo At Home - Taekwondo 태권도 - VinKungfu.mp4,Thủ thế thụt người,duck,1,486.00,487.77,486.53,,1,9.32,3.60,5.72,,,,,,,,,,,,,,,,,,,,,,,,,,,,,,,,,,,,,,,,,,,,,,,,,,,,,,,,,,,,,,,,,,,,,,,,,,,,,,,,1.60,1.13,0.80,0.07,2.00,1.60,1.12,1.00,,,,,,,,,,,,,
Tự học võ tại nhà Taekwondo #11 - Learn Taekwondo At Home - Taekwondo 태권도 - VinKungfu.mp4,Thủ thế thụt người,duck,2,487.80,489.20,488.33,,1,9.06,3.34,5.72,,,,,,,,,,,,,,,,,,,,,,,,,,,,,,,,,,,,,,,,,,,,,,,,,,,,,,,,,,,,,,,,,,,,,,,,,,,,,,,,1.60,0.93,0.80,0.01,2.00,1.60,1.12,1.00,,,,,,,,,,,,,
Tự học võ tại nhà Taekwondo #11 - Learn Taekwondo At Home - Taekwondo 태권도 - VinKungfu.mp4,Thủ thế thụt người,duck,3,489.33,491.30,490.30,,1,8.88,3.34,5.53,,,,,,,,,,,,,,,,,,,,,,,,,,,,,,,,,,,,,,,,,,,,,,,,,,,,,,,,,,,,,,,,,,,,,,,,,,,,,,,,1.60,0.85,0.80,0.09,2.00,1.60,0.93,1.00,,,,,,,,,,,,,
Tự học võ tại nhà Taekwondo #11 - Learn Taekwondo At Home - Taekwondo 태권도 - VinKungfu.mp4,Thủ thế thụt người,duck,4,491.30,492.87,492.00,,1,9.10,3.47,5.63,,,,,,,,,,,,,,,,,,,,,,,,,,,,,,,,,,,,,,,,,,,,,,,,,,,,,,,,,,,,,,,,,,,,,,,,,,,,,,,,1.60,0.96,0.80,0.11,2.00,1.60,1.03,1.00,,,,,,,,,,,,,
Tự học võ tại nhà Taekwondo #11 - Learn Taekwondo At Home - Taekwondo 태권도 - VinKungfu.mp4,Thủ thế thụt người,duck,5,492.87,494.77,493.70,,1,9.30,3.58,5.72,,,,,,,,,,,,,,,,,,,,,,,,,,,,,,,,,,,,,,,,,,,,,,,,,,,,,,,,,,,,,,,,,,,,,,,,,,,,,,,,1.60,1.07,0.80,0.11,2.00,1.60,1.12,1.00,,,,,,,,,,,,,
Tự học võ tại nhà Taekwondo #11 - Learn Taekwondo At Home - Taekwondo 태권도 - VinKungfu.mp4,Thủ thế thụt người,duck,6,494.77,495.90,495.30,,1,9.18,3.56,5.63,,,,,,,,,,,,,,,,,,,,,,,,,,,,,,,,,,,,,,,,,,,,,,,,,,,,,,,,,,,,,,,,,,,,,,,,,,,,,,,,1.60,1.08,0.80,0.07,2.00,1.60,1.03,1.00,,,,,,,,,,,,,
Tự học võ tại nhà Taekwondo #11 - Learn Taekwondo At Home - Taekwondo 태권도 - VinKungfu.mp4,Thủ thế thụt người,duck,7,495.90,497.37,496.63,,1,9.75,3.84,5.91,,,,,,,,,,,,,,,,,,,,,,,,,,,,,,,,,,,,,,,,,,,,,,,,,,,,,,,,,,,,,,,,,,,,,,,,,,,,,,,,1.53,1.20,0.80,0.31,2.00,1.60,1.31,1.00,,,,,,,,,,,,,
Tự học võ tại nhà Taekwondo #11 - Learn Taekwondo At Home - Taekwondo 태권도 - VinKungfu.mp4,Thủ thế thụt người,duck,8,497.37,498.60,497.87,,1,9.51,3.79,5.72,,,,,,,,,,,,,,,,,,,,,,,,,,,,,,,,,,,,,,,,,,,,,,,,,,,,,,,,,,,,,,,,,,,,,,,,,,,,,,,,1.60,1.20,0.80,0.19,2.00,1.60,1.12,1.00,,,,,,,,,,,,,
Tự học võ tại nhà Taekwondo #11 - Learn Taekwondo At Home - Taekwondo 태권도 - VinKungfu.mp4,Thủ thế thụt người,duck,9,498.60,499.73,499.07,,1,9.31,3.50,5.81,,,,,,,,,,,,,,,,,,,,,,,,,,,,,,,,,,,,,,,,,,,,,,,,,,,,,,,,,,,,,,,,,,,,,,,,,,,,,,,,1.60,0.99,0.80,0.11,2.00,1.60,1.21,1.00,,,,,,,,,,,,,
Tự học võ tại nhà Taekwondo #11 - Learn Taekwondo At Home - Taekwondo 태권도 - VinKungfu.mp4,Thủ thế thụt người,duck,10,499.73,501.47,500.67,,1,9.48,3.76,5.72,,,,,,,,,,,,,,,,,,,,,,,,,,,,,,,,,,,,,,,,,,,,,,,,,,,,,,,,,,,,,,,,,,,,,,,,,,,,,,,,1.60,1.20,0.80,0.16,2.00,1.60,1.12,1.00,,,,,,,,,,,,,
Tự học võ tại nhà Taekwondo #11 - Learn Taekwondo At Home - Taekwondo 태권도 - VinKungfu.mp4,Thủ thế thụt người,duck,11,501.47,502.87,502.00,,1,9.52,3.80,5.72,,,,,,,,,,,,,,,,,,,,,,,,,,,,,,,,,,,,,,,,,,,,,,,,,,,,,,,,,,,,,,,,,,,,,,,,,,,,,,,,1.60,1.20,0.80,0.20,2.00,1.60,1.12,1.00,,,,,,,,,,,,,
Tự học võ tại nhà Taekwondo #11 - Learn Taekwondo At Home - Taekwondo 태권도 - VinKungfu.mp4,Thủ thế thụt người,duck,12,503.00,504.67,504.00,,1,9.28,3.47,5.81,,,,,,,,,,,,,,,,,,,,,,,,,,,,,,,,,,,,,,,,,,,,,,,,,,,,,,,,,,,,,,,,,,,,,,,,,,,,,,,,1.60,0.97,0.80,0.10,2.00,1.60,1.21,1.00,,,,,,,,,,,,,
Tự học võ tại nhà Taekwondo #11 - Learn Taekwondo At Home - Taekwondo 태권도 - VinKungfu.mp4,Thủ thế thụt người,duck,13,504.67,505.80,505.13,,1,9.22,3.40,5.81,,,,,,,,,,,,,,,,,,,,,,,,,,,,,,,,,,,,,,,,,,,,,,,,,,,,,,,,,,,,,,,,,,,,,,,,,,,,,,,,1.60,0.92,0.80,0.08,2.00,1.60,1.21,1.00,,,,,,,,,,,,,
Tự học võ tại nhà Taekwondo #11 - Learn Taekwondo At Home - Taekwondo 태권도 - VinKungfu.mp4,Thủ thế thụt người,duck,14,505.80,507.17,506.23,,1,9.11,3.29,5.81,,,,,,,,,,,,,,,,,,,,,,,,,,,,,,,,,,,,,,,,,,,,,,,,,,,,,,,,,,,,,,,,,,,,,,,,,,,,,,,,1.60,0.85,0.80,0.05,2.00,1.60,1.21,1.00,,,,,,,,,,,,,
Tự học võ tại nhà Taekwondo #11 - Learn Taekwondo At Home - Taekwondo 태권도 - VinKungfu.mp4,Thủ thế thụt người,duck,15,507.17,508.17,507.57,,1,9.24,3.34,5.91,,,,,,,,,,,,,,,,,,,,,,,,,,,,,,,,,,,,,,,,,,,,,,,,,,,,,,,,,,,,,,,,,,,,,,,,,,,,,,,,1.60,0.81,0.80,0.13,2.00,1.60,1.31,1.00,,,,,,,,,,,,,
Tự học võ tại nhà Taekwondo #11 - Learn Taekwondo At Home - Taekwondo 태권도 - VinKungfu.mp4,Thủ thế thụt người,duck,16,508.17,509.17,508.57,,1,8.55,2.65,5.91,,,,,,,,,,,,,,,,,,,,,,,,,,,,,,,,,,,,,,,,,,,,,,,,,,,,,,,,,,,,,,,,,,,,,,,,,,,,,,,,1.28,0.38,0.80,0.18,2.00,1.60,1.31,1.00,,,,,,,,,,,,,
Tự học võ tại nhà Taekwondo #11 - Learn Taekwondo At Home - Taekwondo 태권도 - VinKungfu.mp4,Thủ thế thụt người,duck,17,509.17,510.10,509.60,,1,8.91,3.10,5.81,,,,,,,,,,,,,,,,,,,,,,,,,,,,,,,,,,,,,,,,,,,,,,,,,,,,,,,,,,,,,,,,,,,,,,,,,,,,,,,,1.60,0.42,0.80,0.28,2.00,1.60,1.21,1.00,,,,,,,,,,,,,
Tự học võ tại nhà Taekwondo #11 - Learn Taekwondo At Home - Taekwondo 태권도 - VinKungfu.mp4,Thủ thế thụt người,duck,18,510.10,511.63,511.00,,1,9.54,3.63,5.91,,,,,,,,,,,,,,,,,,,,,,,,,,,,,,,,,,,,,,,,,,,,,,,,,,,,,,,,,,,,,,,,,,,,,,,,,,,,,,,,1.60,0.98,0.80,0.26,2.00,1.60,1.31,1.00,,,,,,,,,,,,,
Tự học võ tại nhà Taekwondo #11 - Learn Taekwondo At Home - Taekwondo 태권도 - VinKungfu.mp4,Thủ thế thụt người,duck,19,511.63,512.97,512.07,,1,9.23,3.33,5.91,,,,,,,,,,,,,,,,,,,,,,,,,,,,,,,,,,,,,,,,,,,,,,,,,,,,,,,,,,,,,,,,,,,,,,,,,,,,,,,,1.60,0.81,0.80,0.12,2.00,1.60,1.31,1.00,,,,,,,,,,,,,
Tự học võ tại nhà Taekwondo #11 - Learn Taekwondo At Home - Taekwondo 태권도 - VinKungfu.mp4,Tấn trước dài (trái),front_stance,1,202.00,204.97,204.07,,1,8.22,3.02,5.19,,,,,,,,,,,,,,,,,,,,,,,,,,,,,,,,,,,,,,,,,,,,,,,,,,,,,,,,,,,,,,,,2.00,1.14,1.06,1.00,,,,,,,,,,,,,,,,,,,,,0.72,1.20,0.80,,,,,,,,,,
Tự học võ tại nhà Taekwondo #11 - Learn Taekwondo At Home - Taekwondo 태권도 - VinKungfu.mp4,Tấn trước dài (trái),front_stance,2,205.00,207.97,206.17,,1,7.48,2.79,4.68,,,,,,,,,,,,,,,,,,,,,,,,,,,,,,,,,,,,,,,,,,,,,,,,,,,,,,,,,,,,,,,,2.00,0.75,0.93,1.00,,,,,,,,,,,,,,,,,,,,,0.51,1.20,0.80,,,,,,,,,,
Tự học võ tại nhà Taekwondo #11 - Learn Taekwondo At Home - Taekwondo 태권도 - VinKungfu.mp4,Tấn trước dài (trái),front_stance,3,208.00,210.97,,,0,,,,,,,,,,,,,,,,,,,,,,,,,,,,,,,,,,,,,,,,,,,,,,,,,,,,,,,,,,,,,,,,,,,,,,,,,,,,,,,,,,,,,,,,,,,,,,,,,,,,,,,Không thấy đoạn giữ tấn (đứng yên ≥ 0.5 s).
Tự học võ tại nhà Taekwondo #11 - Learn Taekwondo At Home - Taekwondo 태권도 - VinKungfu.mp4,Tấn trước dài (trái),front_stance,4,211.00,213.97,213.67,,1,4.74,0.81,3.93,,,,,,,,,,,,,,,,,,,,,,,,,,,,,,,,,,,,,,,,,,,,,,,,,,,,,,,,,,,,,,,,2.00,1.01,0.00,0.92,,,,,,,,,,,,,,,,,,,,,0.81,0.00,0.00,0.00,,,,,,,,,
Tự học võ tại nhà Taekwondo #11 - Learn Taekwondo At Home - Taekwondo 태권도 - VinKungfu.mp4,Tấn trước dài (trái),front_stance,5,214.00,216.97,215.23,,1,5.72,1.09,4.63,,,,,,,,,,,,,,,,,,,,,,,,,,,,,,,,,,,,,,,,,,,,,,,,,,,,,,,,,,,,,,,,1.39,0.84,1.40,1.00,,,,,,,,,,,,,,,,,,,,,1.09,0.00,0.00,0.00,,,,,,,,,
Tự học võ tại nhà Taekwondo #11 - Learn Taekwondo At Home - Taekwondo 태권도 - VinKungfu.mp4,Tấn trước dài (trái),front_stance,6,217.00,219.97,,,0,,,,,,,,,,,,,,,,,,,,,,,,,,,,,,,,,,,,,,,,,,,,,,,,,,,,,,,,,,,,,,,,,,,,,,,,,,,,,,,,,,,,,,,,,,,,,,,,,,,,,,,Không thấy đoạn giữ tấn (đứng yên ≥ 0.5 s).
Tự học võ tại nhà Taekwondo #11 - Learn Taekwondo At Home - Taekwondo 태권도 - VinKungfu.mp4,Tấn trước dài (trái),front_stance,7,220.00,222.97,,,0,,,,,,,,,,,,,,,,,,,,,,,,,,,,,,,,,,,,,,,,,,,,,,,,,,,,,,,,,,,,,,,,,,,,,,,,,,,,,,,,,,,,,,,,,,,,,,,,,,,,,,,Không thấy đoạn giữ tấn (đứng yên ≥ 0.5 s).
Tự học võ tại nhà Taekwondo #11 - Learn Taekwondo At Home - Taekwondo 태권도 - VinKungfu.mp4,Tấn trước dài (trái),front_stance,8,223.00,225.97,,,0,,,,,,,,,,,,,,,,,,,,,,,,,,,,,,,,,,,,,,,,,,,,,,,,,,,,,,,,,,,,,,,,,,,,,,,,,,,,,,,,,,,,,,,,,,,,,,,,,,,,,,,Không thấy đoạn giữ tấn (đứng yên ≥ 0.5 s).
Tự học võ tại nhà Taekwondo #11 - Learn Taekwondo At Home - Taekwondo 태권도 - VinKungfu.mp4,Tấn trước dài (trái),front_stance,9,226.00,228.97,,,0,,,,,,,,,,,,,,,,,,,,,,,,,,,,,,,,,,,,,,,,,,,,,,,,,,,,,,,,,,,,,,,,,,,,,,,,,,,,,,,,,,,,,,,,,,,,,,,,,,,,,,,Không ở thế tấn (gối khuỵu nhất ≈162°).
Tự học võ tại nhà Taekwondo #11 - Learn Taekwondo At Home - Taekwondo 태권도 - VinKungfu.mp4,Tấn trước dài (trái),front_stance,1,530.00,532.97,531.13,,1,2.62,0.49,2.13,,,,,,,,,,,,,,,,,,,,,,,,,,,,,,,,,,,,,,,,,,,,,,,,,,,,,,,,,,,,,,,,0.88,0.55,0.00,0.70,,,,,,,,,,,,,,,,,,,,,0.49,0.00,0.00,0.00,,,,,,,,,
Tự học võ tại nhà Taekwondo #11 - Learn Taekwondo At Home - Taekwondo 태권도 - VinKungfu.mp4,Tấn trước dài (trái),front_stance,2,533.00,535.97,535.07,,1,8.19,2.86,5.34,,,,,,,,,,,,,,,,,,,,,,,,,,,,,,,,,,,,,,,,,,,,,,,,,,,,,,,,,,,,,,,,2.00,0.94,1.40,1.00,,,,,,,,,,,,,,,,,,,,,0.58,1.20,0.79,,,,,,,,,,
Tự học võ tại nhà Taekwondo #11 - Learn Taekwondo At Home - Taekwondo 태권도 - VinKungfu.mp4,Tấn trước dài (trái),front_stance,3,536.00,538.97,537.67,,1,6.24,2.69,3.56,,,,,,,,,,,,,,,,,,,,,,,,,,,,,,,,,,,,,,,,,,,,,,,,,,,,,,,,,,,,,,,,2.00,0.56,0.00,1.00,,,,,,,,,,,,,,,,,,,,,0.42,1.20,0.80,,,,,,,,,,
Tự học võ tại nhà Taekwondo #11 - Learn Taekwondo At Home - Taekwondo 태권도 - VinKungfu.mp4,Tấn trước dài (trái),front_stance,4,539.00,541.97,,,0,,,,,,,,,,,,,,,,,,,,,,,,,,,,,,,,,,,,,,,,,,,,,,,,,,,,,,,,,,,,,,,,,,,,,,,,,,,,,,,,,,,,,,,,,,,,,,,,,,,,,,,Không thấy đoạn giữ tấn (đứng yên ≥ 0.5 s).
Tự học võ tại nhà Taekwondo #11 - Learn Taekwondo At Home - Taekwondo 태권도 - VinKungfu.mp4,Tấn trước dài (trái),front_stance,5,542.00,544.97,543.83,,1,5.26,1.06,4.20,,,,,,,,,,,,,,,,,,,,,,,,,,,,,,,,,,,,,,,,,,,,,,,,,,,,,,,,,,,,,,,,1.42,0.92,0.93,0.93,,,,,,,,,,,,,,,,,,,,,1.06,0.00,0.00,0.00,,,,,,,,,
Tự học võ tại nhà Taekwondo #11 - Learn Taekwondo At Home - Taekwondo 태권도 - VinKungfu.mp4,Tấn trước dài (trái),front_stance,6,545.00,547.97,545.30,,1,6.42,1.05,5.38,,,,,,,,,,,,,,,,,,,,,,,,,,,,,,,,,,,,,,,,,,,,,,,,,,,,,,,,,,,,,,,,1.96,1.01,1.40,1.00,,,,,,,,,,,,,,,,,,,,,1.05,0.00,0.00,0.00,,,,,,,,,
Tự học võ tại nhà Taekwondo #11 - Learn Taekwondo At Home - Taekwondo 태권도 - VinKungfu.mp4,Tấn trước dài (trái),front_stance,7,548.00,550.97,,,0,,,,,,,,,,,,,,,,,,,,,,,,,,,,,,,,,,,,,,,,,,,,,,,,,,,,,,,,,,,,,,,,,,,,,,,,,,,,,,,,,,,,,,,,,,,,,,,,,,,,,,,Không thấy đoạn giữ tấn (đứng yên ≥ 0.5 s).
Tự học võ tại nhà Taekwondo #11 - Learn Taekwondo At Home - Taekwondo 태권도 - VinKungfu.mp4,Tấn trước dài (trái),front_stance,8,551.00,553.97,,,0,,,,,,,,,,,,,,,,,,,,,,,,,,,,,,,,,,,,,,,,,,,,,,,,,,,,,,,,,,,,,,,,,,,,,,,,,,,,,,,,,,,,,,,,,,,,,,,,,,,,,,,Không thấy đoạn giữ tấn (đứng yên ≥ 0.5 s).
Tự học võ tại nhà Taekwondo #11 - Learn Taekwondo At Home - Taekwondo 태권도 - VinKungfu.mp4,Tấn trước dài (trái),front_stance,9,554.00,556.97,,,0,,,,,,,,,,,,,,,,,,,,,,,,,,,,,,,,,,,,,,,,,,,,,,,,,,,,,,,,,,,,,,,,,,,,,,,,,,,,,,,,,,,,,,,,,,,,,,,,,,,,,,,Không thấy đoạn giữ tấn (đứng yên ≥ 0.5 s).
Tự học võ tại nhà Taekwondo #11 - Learn Taekwondo At Home - Taekwondo 태권도 - VinKungfu.mp4,Tấn trước dài (phải),front_stance,1,246.00,248.97,247.50,,1,7.12,1.13,5.99,,,,,,,,,,,,,,,,,,,,,,,,,,,,,,,,,,,,,,,,,,,,,,,,,,,,,,,,,,,,,,,,1.99,1.60,1.40,1.00,,,,,,,,,,,,,,,,,,,,,1.13,0.00,0.00,0.00,,,,,,,,,
Tự học võ tại nhà Taekwondo #11 - Learn Taekwondo At Home - Taekwondo 태권도 - VinKungfu.mp4,Tấn trước dài (phải),front_stance,2,249.00,251.97,249.57,,1,6.42,1.13,5.29,,,,,,,,,,,,,,,,,,,,,,,,,,,,,,,,,,,,,,,,,,,,,,,,,,,,,,,,,,,,,,,,1.45,1.60,1.24,1.00,,,,,,,,,,,,,,,,,,,,,1.12,0.00,0.01,0.00,,,,,,,,,
Tự học võ tại nhà Taekwondo #11 - Learn Taekwondo At Home - Taekwondo 태권도 - VinKungfu.mp4,Tấn trước dài (phải),front_stance,3,252.00,254.97,253.13,,1,9.55,3.55,6.00,,,,,,,,,,,,,,,,,,,,,,,,,,,,,,,,,,,,,,,,,,,,,,,,,,,,,,,,,,,,,,,,2.00,1.60,1.40,1.00,,,,,,,,,,,,,,,,,,,,,1.20,1.20,0.80,,,,,,,,,,
Tự học võ tại nhà Taekwondo #11 - Learn Taekwondo At Home - Taekwondo 태권도 - VinKungfu.mp4,Tấn trước dài (phải),front_stance,4,255.00,257.97,257.50,,1,9.33,3.58,5.75,,,,,,,,,,,,,,,,,,,,,,,,,,,,,,,,,,,,,,,,,,,,,,,,,,,,,,,,,,,,,,,,2.00,1.35,1.40,1.00,,,,,,,,,,,,,,,,,,,,,1.22,1.20,0.80,,,,,,,,,,
Tự học võ tại nhà Taekwondo #11 - Learn Taekwondo At Home - Taekwondo 태권도 - VinKungfu.mp4,Tấn trước dài (phải),front_stance,5,258.00,260.97,259.47,,1,9.44,3.53,5.91,,,,,,,,,,,,,,,,,,,,,,,,,,,,,,,,,,,,,,,,,,,,,,,,,,,,,,,,,,,,,,,,2.00,1.51,1.40,1.00,,,,,,,,,,,,,,,,,,,,,1.18,1.20,0.80,,,,,,,,,,
Tự học võ tại nhà Taekwondo #11 - Learn Taekwondo At Home - Taekwondo 태권도 - VinKungfu.mp4,Tấn trước dài (phải),front_stance,6,261.00,263.97,262.47,,1,9.23,3.41,5.82,,,,,,,,,,,,,,,,,,,,,,,,,,,,,,,,,,,,,,,,,,,,,,,,,,,,,,,,,,,,,,,,2.00,1.42,1.40,1.00,,,,,,,,,,,,,,,,,,,,,1.07,1.20,0.80,,,,,,,,,,
Tự học võ tại nhà Taekwondo #11 - Learn Taekwondo At Home - Taekwondo 태권도 - VinKungfu.mp4,Tấn trước dài (phải),front_stance,7,264.00,266.97,265.47,,1,9.63,3.75,5.87,,,,,,,,,,,,,,,,,,,,,,,,,,,,,,,,,,,,,,,,,,,,,,,,,,,,,,,,,,,,,,,,1.87,1.60,1.40,1.00,,,,,,,,,,,,,,,,,,,,,1.38,1.20,0.80,,,,,,,,,,
Tự học võ tại nhà Taekwondo #11 - Learn Taekwondo At Home - Taekwondo 태권도 - VinKungfu.mp4,Tấn trước dài (phải),front_stance,8,267.00,269.97,268.47,,1,9.35,3.56,5.79,,,,,,,,,,,,,,,,,,,,,,,,,,,,,,,,,,,,,,,,,,,,,,,,,,,,,,,,,,,,,,,,2.00,1.39,1.40,1.00,,,,,,,,,,,,,,,,,,,,,1.20,1.20,0.80,,,,,,,,,,
Tự học võ tại nhà Taekwondo #11 - Learn Taekwondo At Home - Taekwondo 태권도 - VinKungfu.mp4,Tấn trước dài (phải),front_stance,9,270.00,272.97,271.47,,1,9.49,3.57,5.92,,,,,,,,,,,,,,,,,,,,,,,,,,,,,,,,,,,,,,,,,,,,,,,,,,,,,,,,,,,,,,,,2.00,1.52,1.40,1.00,,,,,,,,,,,,,,,,,,,,,1.22,1.20,0.80,,,,,,,,,,
Tự học võ tại nhà Taekwondo #11 - Learn Taekwondo At Home - Taekwondo 태권도 - VinKungfu.mp4,Tấn trước dài (phải),front_stance,1,576.00,578.97,578.33,,1,5.67,0.95,4.72,,,,,,,,,,,,,,,,,,,,,,,,,,,,,,,,,,,,,,,,,,,,,,,,,,,,,,,,,,,,,,,,0.87,1.46,1.40,1.00,,,,,,,,,,,,,,,,,,,,,0.91,0.00,0.04,0.00,,,,,,,,,
Tự học võ tại nhà Taekwondo #11 - Learn Taekwondo At Home - Taekwondo 태권도 - VinKungfu.mp4,Tấn trước dài (phải),front_stance,2,579.00,581.97,581.53,,1,9.08,3.63,5.45,,,,,,,,,,,,,,,,,,,,,,,,,,,,,,,,,,,,,,,,,,,,,,,,,,,,,,,,,,,,,,,,1.72,1.33,1.40,1.00,,,,,,,,,,,,,,,,,,,,,1.27,1.20,0.80,,,,,,,,,,
Tự học võ tại nhà Taekwondo #11 - Learn Taekwondo At Home - Taekwondo 태권도 - VinKungfu.mp4,Tấn trước dài (phải),front_stance,3,582.00,584.97,582.83,,1,9.49,3.55,5.94,,,,,,,,,,,,,,,,,,,,,,,,,,,,,,,,,,,,,,,,,,,,,,,,,,,,,,,,,,,,,,,,2.00,1.54,1.40,1.00,,,,,,,,,,,,,,,,,,,,,1.20,1.20,0.80,,,,,,,,,,
Tự học võ tại nhà Taekwondo #11 - Learn Taekwondo At Home - Taekwondo 태권도 - VinKungfu.mp4,Tấn trước dài (phải),front_stance,4,585.00,587.97,587.40,,1,9.37,3.58,5.79,,,,,,,,,,,,,,,,,,,,,,,,,,,,,,,,,,,,,,,,,,,,,,,,,,,,,,,,,,,,,,,,2.00,1.39,1.40,1.00,,,,,,,,,,,,,,,,,,,,,1.23,1.20,0.80,,,,,,,,,,
Tự học võ tại nhà Taekwondo #11 - Learn Taekwondo At Home - Taekwondo 태권도 - VinKungfu.mp4,Tấn trước dài (phải),front_stance,5,588.00,590.97,589.47,,1,9.41,3.50,5.90,,,,,,,,,,,,,,,,,,,,,,,,,,,,,,,,,,,,,,,,,,,,,,,,,,,,,,,,,,,,,,,,2.00,1.50,1.40,1.00,,,,,,,,,,,,,,,,,,,,,1.15,1.20,0.80,,,,,,,,,,
Tự học võ tại nhà Taekwondo #11 - Learn Taekwondo At Home - Taekwondo 태권도 - VinKungfu.mp4,Tấn trước dài (phải),front_stance,6,591.00,593.97,592.47,,1,9.12,3.35,5.77,,,,,,,,,,,,,,,,,,,,,,,,,,,,,,,,,,,,,,,,,,,,,,,,,,,,,,,,,,,,,,,,2.00,1.37,1.40,1.00,,,,,,,,,,,,,,,,,,,,,1.01,1.20,0.80,,,,,,,,,,
Tự học võ tại nhà Taekwondo #11 - Learn Taekwondo At Home - Taekwondo 태권도 - VinKungfu.mp4,Tấn trước dài (phải),front_stance,7,594.00,596.97,595.47,,1,9.75,3.83,5.91,,,,,,,,,,,,,,,,,,,,,,,,,,,,,,,,,,,,,,,,,,,,,,,,,,,,,,,,,,,,,,,,1.94,1.58,1.40,1.00,,,,,,,,,,,,,,,,,,,,,1.45,1.20,0.80,,,,,,,,,,
Tự học võ tại nhà Taekwondo #11 - Learn Taekwondo At Home - Taekwondo 태권도 - VinKungfu.mp4,Tấn trước dài (phải),front_stance,8,597.00,599.97,598.47,,1,9.28,3.51,5.77,,,,,,,,,,,,,,,,,,,,,,,,,,,,,,,,,,,,,,,,,,,,,,,,,,,,,,,,,,,,,,,,2.00,1.37,1.40,1.00,,,,,,,,,,,,,,,,,,,,,1.16,1.20,0.80,,,,,,,,,,
Tự học võ tại nhà Taekwondo #11 - Learn Taekwondo At Home - Taekwondo 태권도 - VinKungfu.mp4,Tấn trước dài (phải),front_stance,9,600.00,602.97,601.47,,1,9.50,3.63,5.88,,,,,,,,,,,,,,,,,,,,,,,,,,,,,,,,,,,,,,,,,,,,,,,,,,,,,,,,,,,,,,,,2.00,1.48,1.40,1.00,,,,,,,,,,,,,,,,,,,,,1.26,1.20,0.80,,,,,,,,,,
Tự học võ tại nhà Taekwondo #11 - Learn Taekwondo At Home - Taekwondo 태권도 - VinKungfu.mp4,Thủ co gối (trái),knee_chamber,1,292.00,293.13,292.37,,1,9.93,3.98,5.95,,,,,,,,,,,,,,,,,,,,,,,,,,,,,,,,,,,,,,,,,,,,,,,,,,,,,,,,,,,,,,,,,,,,,,,,,,,,,,,,,,,,,,,,,,,,1.60,1.20,0.80,0.38,2.00,1.60,1.35,1.00,
Tự học võ tại nhà Taekwondo #11 - Learn Taekwondo At Home - Taekwondo 태권도 - VinKungfu.mp4,Thủ co gối (trái),knee_chamber,2,293.13,294.73,294.00,,1,9.84,4.00,5.84,,,,,,,,,,,,,,,,,,,,,,,,,,,,,,,,,,,,,,,,,,,,,,,,,,,,,,,,,,,,,,,,,,,,,,,,,,,,,,,,,,,,,,,,,,,,1.60,1.20,0.80,0.40,2.00,1.60,1.24,1.00,
Tự học võ tại nhà Taekwondo #11 - Learn Taekwondo At Home - Taekwondo 태권도 - VinKungfu.mp4,Thủ co gối (trái),knee_chamber,3,294.73,296.50,295.60,,1,8.95,3.71,5.24,,,,,,,,,,,,,,,,,,,,,,,,,,,,,,,,,,,,,,,,,,,,,,,,,,,,,,,,,,,,,,,,,,,,,,,,,,,,,,,,,,,,,,,,,,,,1.60,0.98,0.80,0.33,1.81,1.60,0.83,1.00,
Tự học võ tại nhà Taekwondo #11 - Learn Taekwondo At Home - Taekwondo 태권도 - VinKungfu.mp4,Thủ co gối (trái),knee_chamber,4,296.67,298.87,297.63,,1,7.92,2.91,5.01,,,,,,,,,,,,,,,,,,,,,,,,,,,,,,,,,,,,,,,,,,,,,,,,,,,,,,,,,,,,,,,,,,,,,,,,,,,,,,,,,,,,,,,,,,,,1.60,0.45,0.80,0.06,2.00,1.60,0.73,0.68,
Tự học võ tại nhà Taekwondo #11 - Learn Taekwondo At Home - Taekwondo 태권도 - VinKungfu.mp4,Thủ co gối (trái),knee_chamber,5,298.93,300.97,299.53,,1,7.87,2.98,4.89,,,,,,,,,,,,,,,,,,,,,,,,,,,,,,,,,,,,,,,,,,,,,,,,,,,,,,,,,,,,,,,,,,,,,,,,,,,,,,,,,,,,,,,,,,,,1.60,0.43,0.73,0.22,2.00,1.60,0.31,0.98,
Tự học võ tại nhà Taekwondo #11 - Learn Taekwondo At Home - Taekwondo 태권도 - VinKungfu.mp4,Thủ co gối (trái),knee_chamber,6,300.97,302.60,301.67,,1,9.50,3.76,5.74,,,,,,,,,,,,,,,,,,,,,,,,,,,,,,,,,,,,,,,,,,,,,,,,,,,,,,,,,,,,,,,,,,,,,,,,,,,,,,,,,,,,,,,,,,,,1.60,1.20,0.80,0.16,2.00,1.60,1.14,1.00,
Tự học võ tại nhà Taekwondo #11 - Learn Taekwondo At Home - Taekwondo 태권도 - VinKungfu.mp4,Thủ co gối (trái),knee_chamber,7,302.63,304.27,303.57,,1,8.82,3.60,5.22,,,,,,,,,,,,,,,,,,,,,,,,,,,,,,,,,,,,,,,,,,,,,,,,,,,,,,,,,,,,,,,,,,,,,,,,,,,,,,,,,,,,,,,,,,,,1.46,1.20,0.80,0.14,2.00,1.60,0.62,1.00,
Tự học võ tại nhà Taekwondo #11 - Learn Taekwondo At Home - Taekwondo 태권도 - VinKungfu.mp4,Thủ co gối (trái),knee_chamber,8,304.27,305.50,305.07,,1,7.35,3.67,3.68,,,,,,,,,,,,,,,,,,,,,,,,,,,,,,,,,,,,,,,,,,,,,,,,,,,,,,,,,,,,,,,,,,,,,,,,,,,,,,,,,,,,,,,,,,,,1.45,1.20,0.80,0.22,2.00,1.60,0.00,0.08,
Tự học võ tại nhà Taekwondo #11 - Learn Taekwondo At Home - Taekwondo 태권도 - VinKungfu.mp4,Thủ co gối (trái),knee_chamber,9,305.50,306.93,306.33,,1,8.46,3.86,4.60,,,,,,,,,,,,,,,,,,,,,,,,,,,,,,,,,,,,,,,,,,,,,,,,,,,,,,,,,,,,,,,,,,,,,,,,,,,,,,,,,,,,,,,,,,,,1.60,1.20,0.80,0.26,2.00,1.60,0.41,0.58,
Tự học võ tại nhà Taekwondo #11 - Learn Taekwondo At Home - Taekwondo 태권도 - VinKungfu.mp4,Thủ co gối (trái),knee_chamber,10,307.00,308.60,307.93,,1,9.43,3.90,5.53,,,,,,,,,,,,,,,,,,,,,,,,,,,,,,,,,,,,,,,,,,,,,,,,,,,,,,,,,,,,,,,,,,,,,,,,,,,,,,,,,,,,,,,,,,,,1.60,1.20,0.80,0.30,2.00,1.60,0.93,1.00,
Tự học võ tại nhà Taekwondo #11 - Learn Taekwondo At Home - Taekwondo 태권도 - VinKungfu.mp4,Thủ co gối (trái),knee_chamber,11,308.73,310.23,309.67,,1,8.65,3.81,4.84,,,,,,,,,,,,,,,,,,,,,,,,,,,,,,,,,,,,,,,,,,,,,,,,,,,,,,,,,,,,,,,,,,,,,,,,,,,,,,,,,,,,,,,,,,,,1.60,1.04,0.80,0.38,2.00,1.60,0.52,0.72,
Tự học võ tại nhà Taekwondo #11 - Learn Taekwondo At Home - Taekwondo 태권도 - VinKungfu.mp4,Thủ co gối (trái),knee_chamber,12,310.27,312.47,311.17,,1,9.48,3.95,5.53,,,,,,,,,,,,,,,,,,,,,,,,,,,,,,,,,,,,,,,,,,,,,,,,,,,,,,,,,,,,,,,,,,,,,,,,,,,,,,,,,,,,,,,,,,,,1.60,1.20,0.80,0.35,2.00,1.60,0.93,1.00,
Tự học võ tại nhà Taekwondo #11 - Learn Taekwondo At Home - Taekwondo 태권도 - VinKungfu.mp4,Thủ co gối (trái),knee_chamber,13,313.67,315.20,313.97,,1,9.82,3.97,5.84,,,,,,,,,,,,,,,,,,,,,,,,,,,,,,,,,,,,,,,,,,,,,,,,,,,,,,,,,,,,,,,,,,,,,,,,,,,,,,,,,,,,,,,,,,,,1.60,1.20,0.80,0.37,2.00,1.60,1.24,1.00,
Tự học võ tại nhà Taekwondo #11 - Learn Taekwondo At Home - Taekwondo 태권도 - VinKungfu.mp4,Thủ co gối (trái),knee_chamber,14,315.23,316.97,315.77,,1,9.45,3.71,5.74,,,,,,,,,,,,,,,,,,,,,,,,,,,,,,,,,,,,,,,,,,,,,,,,,,,,,,,,,,,,,,,,,,,,,,,,,,,,,,,,,,,,,,,,,,,,1.59,0.98,0.80,0.34,2.00,1.60,1.14,1.00,
Tự học võ tại nhà Taekwondo #11 - Learn Taekwondo At Home - Taekwondo 태권도 - VinKungfu.mp4,Thủ co gối (trái),knee_chamber,15,317.20,318.77,317.57,,1,9.54,3.91,5.64,,,,,,,,,,,,,,,,,,,,,,,,,,,,,,,,,,,,,,,,,,,,,,,,,,,,,,,,,,,,,,,,,,,,,,,,,,,,,,,,,,,,,,,,,,,,1.60,1.20,0.80,0.31,2.00,1.60,1.04,1.00,
Tự học võ tại nhà Taekwondo #11 - Learn Taekwondo At Home - Taekwondo 태권도 - VinKungfu.mp4,Thủ co gối (trái),knee_chamber,1,620.97,622.67,621.90,,1,9.93,3.93,6.00,,,,,,,,,,,,,,,,,,,,,,,,,,,,,,,,,,,,,,,,,,,,,,,,,,,,,,,,,,,,,,,,,,,,,,,,,,,,,,,,,,,,,,,,,,,,1.60,1.20,0.80,0.33,2.00,1.60,1.40,1.00,
Tự học võ tại nhà Taekwondo #11 - Learn Taekwondo At Home - Taekwondo 태권도 - VinKungfu.mp4,Thủ co gối (trái),knee_chamber,2,622.67,624.27,623.53,,1,9.84,4.00,5.84,,,,,,,,,,,,,,,,,,,,,,,,,,,,,,,,,,,,,,,,,,,,,,,,,,,,,,,,,,,,,,,,,,,,,,,,,,,,,,,,,,,,,,,,,,,,1.60,1.20,0.80,0.40,2.00,1.60,1.24,1.00,
Tự học võ tại nhà Taekwondo #11 - Learn Taekwondo At Home - Taekwondo 태권도 - VinKungfu.mp4,Thủ co gối (trái),knee_chamber,3,624.27,626.00,625.13,,1,9.22,3.68,5.53,,,,,,,,,,,,,,,,,,,,,,,,,,,,,,,,,,,,,,,,,,,,,,,,,,,,,,,,,,,,,,,,,,,,,,,,,,,,,,,,,,,,,,,,,,,,1.60,0.97,0.80,0.32,2.00,1.60,0.93,1.00,
Tự học võ tại nhà Taekwondo #11 - Learn Taekwondo At Home - Taekwondo 태권도 - VinKungfu.mp4,Thủ co gối (trái),knee_chamber,4,626.23,628.37,627.17,,1,8.24,2.91,5.33,,,,,,,,,,,,,,,,,,,,,,,,,,,,,,,,,,,,,,,,,,,,,,,,,,,,,,,,,,,,,,,,,,,,,,,,,,,,,,,,,,,,,,,,,,,,1.60,0.44,0.80,0.07,2.00,1.60,0.73,1.00,
Tự học võ tại nhà Taekwondo #11 - Learn Taekwondo At Home - Taekwondo 태권도 - VinKungfu.mp4,Thủ co gối (trái),knee_chamber,5,628.37,630.33,629.03,,1,7.26,2.84,4.42,,,,,,,,,,,,,,,,,,,,,,,,,,,,,,,,,,,,,,,,,,,,,,,,,,,,,,,,,,,,,,,,,,,,,,,,,,,,,,,,,,,,,,,,,,,,1.60,0.43,0.58,0.23,2.00,1.60,0.10,0.71,
Tự học võ tại nhà Taekwondo #11 - Learn Taekwondo At Home - Taekwondo 태권도 - VinKungfu.mp4,Thủ co gối (trái),knee_chamber,6,630.50,632.13,631.20,,1,9.50,3.76,5.74,,,,,,,,,,,,,,,,,,,,,,,,,,,,,,,,,,,,,,,,,,,,,,,,,,,,,,,,,,,,,,,,,,,,,,,,,,,,,,,,,,,,,,,,,,,,1.60,1.20,0.80,0.16,2.00,1.60,1.14,1.00,
Tự học võ tại nhà Taekwondo #11 - Learn Taekwondo At Home - Taekwondo 태권도 - VinKungfu.mp4,Thủ co gối (trái),knee_chamber,7,632.17,633.87,633.03,,1,9.08,3.65,5.43,,,,,,,,,,,,,,,,,,,,,,,,,,,,,,,,,,,,,,,,,,,,,,,,,,,,,,,,,,,,,,,,,,,,,,,,,,,,,,,,,,,,,,,,,,,,1.50,1.20,0.80,0.15,2.00,1.60,0.83,1.00,
Tự học võ tại nhà Taekwondo #11 - Learn Taekwondo At Home - Taekwondo 태권도 - VinKungfu.mp4,Thủ co gối (trái),knee_chamber,8,633.87,635.03,634.60,,1,6.84,3.58,3.25,,,,,,,,,,,,,,,,,,,,,,,,,,,,,,,,,,,,,,,,,,,,,,,,,,,,,,,,,,,,,,,,,,,,,,,,,,,,,,,,,,,,,,,,,,,,1.35,1.20,0.80,0.23,2.00,0.00,1.14,0.11,
Tự học võ tại nhà Taekwondo #11 - Learn Taekwondo At Home - Taekwondo 태권도 - VinKungfu.mp4,Thủ co gối (trái),knee_chamber,9,635.03,636.47,635.83,,1,9.61,3.87,5.74,,,,,,,,,,,,,,,,,,,,,,,,,,,,,,,,,,,,,,,,,,,,,,,,,,,,,,,,,,,,,,,,,,,,,,,,,,,,,,,,,,,,,,,,,,,,1.60,1.20,0.80,0.27,2.00,1.60,1.14,1.00,
Tự học võ tại nhà Taekwondo #11 - Learn Taekwondo At Home - Taekwondo 태권도 - VinKungfu.mp4,Thủ co gối (trái),knee_chamber,10,636.47,638.13,637.43,,1,9.65,3.90,5.74,,,,,,,,,,,,,,,,,,,,,,,,,,,,,,,,,,,,,,,,,,,,,,,,,,,,,,,,,,,,,,,,,,,,,,,,,,,,,,,,,,,,,,,,,,,,1.60,1.20,0.80,0.30,2.00,1.60,1.14,1.00,
Tự học võ tại nhà Taekwondo #11 - Learn Taekwondo At Home - Taekwondo 태권도 - VinKungfu.mp4,Thủ co gối (trái),knee_chamber,11,638.27,639.77,639.20,,1,8.94,3.83,5.12,,,,,,,,,,,,,,,,,,,,,,,,,,,,,,,,,,,,,,,,,,,,,,,,,,,,,,,,,,,,,,,,,,,,,,,,,,,,,,,,,,,,,,,,,,,,1.60,1.03,0.80,0.39,2.00,1.60,0.52,1.00,
Tự học võ tại nhà Taekwondo #11 - Learn Taekwondo At Home - Taekwondo 태권도 - VinKungfu.mp4,Thủ co gối (trái),knee_chamber,12,639.80,642.00,640.67,,1,9.59,3.96,5.64,,,,,,,,,,,,,,,,,,,,,,,,,,,,,,,,,,,,,,,,,,,,,,,,,,,,,,,,,,,,,,,,,,,,,,,,,,,,,,,,,,,,,,,,,,,,1.60,1.20,0.80,0.36,2.00,1.60,1.04,1.00,
Tự học võ tại nhà Taekwondo #11 - Learn Taekwondo At Home - Taekwondo 태권도 - VinKungfu.mp4,Thủ co gối (trái),knee_chamber,13,643.07,644.73,643.50,,1,9.80,3.96,5.84,,,,,,,,,,,,,,,,,,,,,,,,,,,,,,,,,,,,,,,,,,,,,,,,,,,,,,,,,,,,,,,,,,,,,,,,,,,,,,,,,,,,,,,,,,,,1.60,1.20,0.80,0.36,2.00,1.60,1.24,1.00,
Tự học võ tại nhà Taekwondo #11 - Learn Taekwondo At Home - Taekwondo 태권도 - VinKungfu.mp4,Thủ co gối (trái),knee_chamber,14,644.77,646.50,645.30,,1,9.41,3.67,5.74,,,,,,,,,,,,,,,,,,,,,,,,,,,,,,,,,,,,,,,,,,,,,,,,,,,,,,,,,,,,,,,,,,,,,,,,,,,,,,,,,,,,,,,,,,,,1.55,0.98,0.80,0.34,2.00,1.60,1.14,1.00,
