relative_path,split,class_label,sequence_id,frames,keypoints,coordinate_dims,visibility_shape,fps,sha256
data/processed_pose_sequences/train/front/front_0001.npz,train,front,front_0001,92,13,2,92x13,30.0,7407f449aec6ef8950a9af34ac946b29d19d1ce46872c2437a7043f7415ca4a4
data/processed_pose_sequences/train/front/front_0003.npz,train,front,front_0003,98,13,2,98x13,30.0,36b204bf8332637d01b3798533f85aa86b802a1fae819d56f405b7d4408ef9d6
data/processed_pose_sequences/train/front/front_0005.npz,train,front,front_0005,190,13,2,190x13,60.0,74cdda13dba70f2e7a86629d17b47b92ebf19dc28e87975644dbf5b254253a77
data/processed_pose_sequences/train/front/front_0006.npz,train,front,front_0006,223,13,2,223x13,59.97919845581055,0db710e8dfa23579864a6e99d9fda7f1b4114387ba6fdf593a2acc36405be8f3
data/processed_pose_sequences/train/front/front_0007.npz,train,front,front_0007,163,13,2,163x13,59.97718811035156,fb1328cc8d4774aa91c2e464b17a08b34b7afa0ab166214732a62822ba26b23c
data/processed_pose_sequences/train/front/front_0008.npz,train,front,front_0008,235,13,2,235x13,59.978729248046875,fc0e29a514c03c646707812ac3173aa8567102659d2a38635824d407306cb11a
data/processed_pose_sequences/train/front/front_0009.npz,train,front,front_0009,174,13,2,174x13,59.98069763183594,a647353a41b02a56ce135c2308bf197e8188238aedc2af75430b6e14efb5d3d4
data/processed_pose_sequences/train/front/front_0010.npz,train,front,front_0010,162,13,2,162x13,59.97926712036133,66c9ab311c62a57119c7cd1de5404352b1198ae07ebd335220e00f1d1e2daa6b
data/processed_pose_sequences/train/front/front_0011.npz,train,front,front_0011,260,13,2,260x13,59.97431945800781,e08f22dc414ae801a624c488700918f9b460f3a186285a232d7ecb80bc0b2bf5
data/processed_pose_sequences/train/front/front_0012.npz,train,front,front_0012,124,13,2,124x13,59.98258590698242,e052364f3bf3f4a219cc983bd45a6fba7deb9be44706d06b93bca83e3b95834d
data/processed_pose_sequences/train/front/front_0013.npz,train,front,front_0013,154,13,2,154x13,59.980525970458984,a7d0d3de97b64f617709935f91fe30af6ec0a0235606344db42e4920d8596304
data/processed_pose_sequences/train/front/front_0014.npz,train,front,front_0014,184,13,2,184x13,59.976314544677734,a94b218791fbb388eafa5b0a8c8f7374c3f697d3dc6bdefd8d6565de4bfe4dcd
data/processed_pose_sequences/train/front/front_0016.npz,train,front,front_0016,67,13,2,67x13,59.980899810791016,50f6f2668738fb7ae8253d8169ed8aacc831c328f673beba04e812013fc74551
data/processed_pose_sequences/train/front/front_0017.npz,train,front,front_0017,143,13,2,143x13,59.98210144042969,0a21ec0d21d0072a2c0bf616f461ab511d3261975b864f3f3dca6e1165e7715e
data/processed_pose_sequences/train/front/front_0018.npz,train,front,front_0018,133,13,2,133x13,59.98256301879883,cc4138302b61250ddab3940c3dec2a4afd899bbb256cfab4996204447702227a
data/processed_pose_sequences/train/front/front_0019.npz,train,front,front_0019,279,13,2,279x13,59.97621154785156,976217e5b388e5425df4e2f2f32e33511c9aad27adab255fe1fa7c41e964c985
data/processed_pose_sequences/train/front/front_0020.npz,train,front,front_0020,141,13,2,141x13,59.980430603027344,ed615c4a286d37e1466e2b7ecdb19f41603413a106d0d417d0a4755263c61651
data/processed_pose_sequences/train/front/front_0021.npz,train,front,front_0021,144,13,2,144x13,59.97972869873047,dc0c70dc3b7a247dac5839af340b13f9d53b308a5483fe9e9623154b62b948ed
data/processed_pose_sequences/train/front/front_0022.npz,train,front,front_0022,158,13,2,158x13,59.98051452636719,bbfeed1a12b4e7d9d67802ef8341fa03148ae3186314445b70613291adde68d5
data/processed_pose_sequences/train/front/front_0023.npz,train,front,front_0023,138,13,2,138x13,59.97739791870117,1ab3f359ce9bbc6938eabc130062c3bc4bc89fae88086d678cc8545b71820544
data/processed_pose_sequences/train/front/front_0024.npz,train,front,front_0024,235,13,2,235x13,59.97549819946289,079de067e6872acacdfcb056f3fca03fad1f051b34866ab3b6926f7f0c294a21
data/processed_pose_sequences/train/front/front_0025.npz,train,front,front_0025,228,13,2,228x13,59.979305267333984,e0ccc17f8b9e62e5ea8f5de35b67dd50d7b8cf82adfa8776d32bb4e6b924b313
data/processed_pose_sequences/train/front/front_0026.npz,train,front,front_0026,70,13,2,70x13,30.0,bd93fef58363e4db9b2825b5873c9401aa3ffd61f49f3403d2f9df17a81b9444
data/processed_pose_sequences/train/front/front_0027.npz,train,front,front_0027,77,13,2,77x13,30.003896713256836,b50282f97090054c2e1222fdbcdd505c11f207377b22bed1b8a9792dcc55057b
data/processed_pose_sequences/train/front/front_0028.npz,train,front,front_0028,76,13,2,76x13,30.003948211669922,199faea524a561a44a6b7f9cba6fe912c5f3e29b67aa821b77dd14f6aa748b25
data/processed_pose_sequences/train/front/front_0029.npz,train,front,front_0029,66,13,2,66x13,30.004545211791992,c70450773ff3aaa341b81238174ad091f669c65dfd87d725332a226d6bfe46eb
data/processed_pose_sequences/train/front/front_0030.npz,train,front,front_0030,56,13,2,56x13,30.00535774230957,f67fe0a054293c24f97a346bf3485ffa6d078e657145b0409b9d419bf74cd266
data/processed_pose_sequences/train/front/front_0031.npz,train,front,front_0031,78,13,2,78x13,30.003847122192383,5bfea6b2579c8eefe87e866ffd7fd02d43d17b6b5537c3cdacf110c5a4bcef30
data/processed_pose_sequences/train/front/front_0032.npz,train,front,front_0032,68,13,2,68x13,30.004411697387695,c15076d7410cb634fe4dde96f77c0c8a56089eb2d2ec1908b2cbdcae46c192db
data/processed_pose_sequences/train/front/front_0037.npz,train,front,front_0037,316,13,2,316x13,30.0,8de1759ec22d97593fab848ad945a84398f9bec5e1489ce209a152377d42c713
data/processed_pose_sequences/train/front/front_0046.npz,train,front,front_0046,364,13,2,364x13,30.0,0f57a5bd6bde0a53fd8120bef3aeb51b58637c487cfc7c540618a300e350f043
data/processed_pose_sequences/train/front/front_0047.npz,train,front,front_0047,137,13,2,137x13,29.782608032226562,706bd594a7dfcad8adad3d1b3ab87baaaf91fffad94d8c38a713c61e780c80b5
data/processed_pose_sequences/train/front/front_0048.npz,train,front,front_0048,101,13,2,101x13,30.0,ac08a5a45f5bebf1fa99d17717d2ed92b4c55097521f6fcdd1fc71065e450e40
data/processed_pose_sequences/train/front/front_0049.npz,train,front,front_0049,144,13,2,144x13,30.0,6e1ba3fc780befd05a1d3675a424487966386c30665b578177cf7f432427c494
data/processed_pose_sequences/train/front/front_0050.npz,train,front,front_0050,212,13,2,212x13,30.0,ab31294aac5482de335fb8da098d8a4dcdd213f56f90721de47967db5a6503b7
data/processed_pose_sequences/train/front/front_0051.npz,train,front,front_0051,82,13,2,82x13,30.0,c2270f0f0239443b5cb3133564cdfc52a52bcba9827e1e95f6221239c783502a
data/processed_pose_sequences/train/front/front_0052.npz,train,front,front_0052,110,13,2,110x13,30.0,0bd021d9d7595d1641bae1b1310348f63690260f6c712a19204210feb48d35f2
data/processed_pose_sequences/train/front/front_0053.npz,train,front,front_0053,166,13,2,166x13,30.0,37a40e541269c1be4507138c7005112b4604b6c4df35020ade49445f0b1a2ffc
data/processed_pose_sequences/train/front/front_0054.npz,train,front,front_0054,139,13,2,139x13,29.785715103149414,0398003652fe87b0ebba0ddbba7368fb9ecae395560e6eac41e2f9994acec72d
data/processed_pose_sequences/train/front/front_0055.npz,train,front,front_0055,160,13,2,160x13,29.81366539001465,afe66be79a6d30512513a44450bfad42d53859cdacae663e526dd1fd0e5487ab
data/processed_pose_sequences/train/front/front_0056.npz,train,front,front_0056,88,13,2,88x13,30.0,9f919f6baa1517819accc6211076ea1fac4265bf392da2de2475f42438fc22c3
data/processed_pose_sequences/train/front/front_0057.npz,train,front,front_0057,102,13,2,102x13,30.0,dd67755820d7758f11e1e327fbab4e7a7b5a99c9503216882e6748476a55be0a
data/processed_pose_sequences/train/front/front_0058.npz,train,front,front_0058,106,13,2,106x13,30.0,85bc706e5c7c7bd17a5f782fc2d3cbe88ccd596b90fea0d00e0fd0e09b98903c
data/processed_pose_sequences/train/front/front_0059.npz,train,front,front_0059,157,13,2,157x13,30.0,c9b0de93a1370b64725402087e1d23b265910d8297385564761356b6437eeb07
data/processed_pose_sequences/train/front/front_0060.npz,train,front,front_0060,139,13,2,139x13,29.785715103149414,7329e957966a1c0414a2d151855f85e8bfd1296ad57041d1c19fea49d42dc806
data/processed_pose_sequences/train/front/front_0061.npz,train,front,front_0061,107,13,2,107x13,30.0,caf2f9220a6041d9d5da4acf27412447b423625c7543fc8f1ead5e9d6c685bfd
data/processed_pose_sequences/train/front/front_0062.npz,train,front,front_0062,118,13,2,118x13,29.747900009155273,2253446010fe36203f6bd5c74797edfde2f5824c3d58c227b6f222efe0184096
data/processed_pose_sequences/train/front/front_0063.npz,train,front,front_0063,133,13,2,133x13,30.0,73a1bb7e3d106082de0041f0dff9dbaf2ed21d0f156f3050362fe029e161328f
data/processed_pose_sequences/train/front/front_0064.npz,train,front,front_0064,122,13,2,122x13,29.7560977935791,b5b5e10316c19dfefd664244bfb0ad7ec2bbc6fd4758e878604441ccba201727
data/processed_pose_sequences/train/front/front_0065.npz,train,front,front_0065,148,13,2,148x13,30.0,77aa093da84bfdb405aacb976a4ab1d2b6c5eeadd7686d8aa0e578bf45bcf513
data/processed_pose_sequences/train/front/front_0066.npz,train,front,front_0066,86,13,2,86x13,30.0,f466165bf6b83ddd06ce0c7d2e1e2b5b8035a41151702c8dd9998ed706d7c6df
data/processed_pose_sequences/train/front/front_0067.npz,train,front,front_0067,63,13,2,63x13,30.0,47bd6d9e6a417debc5c6d32f2ae64011c065ea12e2473a11b5769e0d495874f0
data/processed_pose_sequences/train/front/front_0068.npz,train,front,front_0068,85,13,2,85x13,30.0,1e4365129359641bc6b238c1f6badaff1402ead8ebf8c654d6cc1b512c99e42e
data/processed_pose_sequences/train/front/front_0069.npz,train,front,front_0069,144,13,2,144x13,29.970029830932617,3a7f169168bc4f3350811ded134afd80592097356bda9a00a9a17a18adb53b89
data/processed_pose_sequences/train/front/front_0070.npz,train,front,front_0070,154,13,2,154x13,29.970029830932617,469b9e273140bb48a10c5f95f69926791f1bec815567a1223c451333aedbd8b0
data/processed_pose_sequences/train/front/front_0071.npz,train,front,front_0071,148,13,2,148x13,29.970029830932617,dced4d89c577956a9d89b80b976316b09255a35444022a44139752c620f906d6
data/processed_pose_sequences/train/front/front_0072.npz,train,front,front_0072,140,13,2,140x13,29.970029830932617,29cb743e7d963de42c88d166447de70ec12f8532bb3e0af9ce1f43eff3ade549
data/processed_pose_sequences/train/front/front_0073.npz,train,front,front_0073,137,13,2,137x13,29.000028610229492,9123e7916e3266cfcdd1ff1db3296191d005357a1a09ad558b7dbf854fe29edd
data/processed_pose_sequences/train/front/front_0074.npz,train,front,front_0074,82,13,2,82x13,24.79838752746582,ba3e5509ecb2d02af5abc00490914060691f4115a04ee44fdc05e9d495407896
data/processed_pose_sequences/train/front/front_0075.npz,train,front,front_0075,107,13,2,107x13,28.6096248626709,0b4d896e429b25d193bf4e60ac61121256cbd5578317b2769c63772efb97b8dd
data/processed_pose_sequences/train/front/front_0076.npz,train,front,front_0076,213,13,2,213x13,30.0,3c7bd24bd45e0e52b69e8189f5d0bcb883de1b0e561abcce113082a87031f4f4
data/processed_pose_sequences/train/front/front_0077.npz,train,front,front_0077,136,13,2,136x13,24.0,976d3af454c3d47b664c1bff9ba147d5a63d4fb7a03d544162ec98dcc113dac3
data/processed_pose_sequences/train/front/front_0078.npz,train,front,front_0078,113,13,2,113x13,30.0,2c1692c2db32dd98c9b807220be85551193ce2410ffb212acbcecd2878656ed2
data/processed_pose_sequences/train/front/front_0079.npz,train,front,front_0079,97,13,2,97x13,30.0,5bb3967857db0998ebd1ab416289edc1d951ec0be8e8e7c808635a4d576101de
data/processed_pose_sequences/train/front/front_0080.npz,train,front,front_0080,43,13,2,43x13,29.000059127807617,8eba7dac43aab7f3a91bd4d8c5acb11be280530b048efdc57be9bfae2d78d1ab
data/processed_pose_sequences/train/front/front_0081.npz,train,front,front_0081,91,13,2,91x13,30.0,d4413442f8cab876b124dca941affd149d6e33446e95f15d9deff9c361337fc7
data/processed_pose_sequences/train/front/front_0083.npz,train,front,front_0083,86,13,2,86x13,30.0,1b61d07223dae3a4ae3be9cb083899552adda2087ed082d79676d8f2214a1307
data/processed_pose_sequences/train/front/front_0084.npz,train,front,front_0084,81,13,2,81x13,24.0,97a574e7f6fc8ffe19918263fb3d8a58f9c2cab54b0cd2a281f3300f998640d0
data/processed_pose_sequences/train/front/front_0085.npz,train,front,front_0085,110,13,2,110x13,29.00002670288086,9c168bd6aeb5f667c17a587f68a54890e4bde904894bb3a6c0b8b322cc091004
data/processed_pose_sequences/train/front/front_0086.npz,train,front,front_0086,46,13,2,46x13,30.006088256835938,74582c866280543e170c9d27c45eb88d72ea37bce7c46e67c4e6930df6076c09
data/processed_pose_sequences/train/front/front_0087.npz,train,front,front_0087,117,13,2,117x13,30.0,8667dd83b06a741bb80cd32d0f252cc3040a6df96bc2b710ff01835be94a26a7
data/processed_pose_sequences/train/front/front_0088.npz,train,front,front_0088,116,13,2,116x13,27.40021514892578,351c4e055849ddb090a1951a10e229e71d3b547ed60b757c3bf1c5e85ba7bd46
data/processed_pose_sequences/train/front/front_0089.npz,train,front,front_0089,108,13,2,108x13,27.677873611450195,011f3ec3b57987706bfff17bf0859a2d925f01c8dc9d4e9fc1771ce06bfde43a
data/processed_pose_sequences/train/front/front_0090.npz,train,front,front_0090,108,13,2,108x13,30.0,785bc17584f5208b39bc2b030ca24e824e4b242c3222c9115b9a7c755583157b
data/processed_pose_sequences/train/front/front_0091.npz,train,front,front_0091,127,13,2,127x13,30.0,6d7b8c0d1f661f8e023ad6c2877a11639c25499f37be669a0028880837260fb7
data/processed_pose_sequences/train/front/front_0093.npz,train,front,front_0093,139,13,2,139x13,19.952152252197266,4f30d3ede563a6efa3b0c7fc444c930a6809784ed468f2df68508e5f1388a2da
data/processed_pose_sequences/train/front/front_0094.npz,train,front,front_0094,129,13,2,129x13,30.0,3a838ce7fc926c31572450c9a5a3a116f564f7dbf938c3fb4918d97e91c04e1d
data/processed_pose_sequences/train/front/front_0095.npz,train,front,front_0095,130,13,2,130x13,30.0,53041897c8bbe7ffd24f9ce5d1fb54c84b8cfdbd06985141bc2d0df112b1d035
data/processed_pose_sequences/train/front/front_0096.npz,train,front,front_0096,94,13,2,94x13,20.14285659790039,de70bc5b91605df6e742422e67e0711228dd172422d88f36067ba9fd60a43244
data/processed_pose_sequences/train/front/front_0097.npz,train,front,front_0097,105,13,2,105x13,29.716981887817383,f7ead3acbc207904384c2bcd0b2002c5edbd342729038c0f3d7a319dac4531d3
data/processed_pose_sequences/train/front/front_0098.npz,train,front,front_0098,58,13,2,58x13,29.000160217285156,a17e3a88d1b5f39b6d3ecd1bf6963b5ddf3184e3be57edb498281878872a9ca3
data/processed_pose_sequences/train/front/front_0099.npz,train,front,front_0099,51,13,2,51x13,29.423076629638672,f16d29472d964002a19db8a66fcaeba85b640a01729b91e3973d5e51ca61df60
data/processed_pose_sequences/train/front/front_0100.npz,train,front,front_0100,48,13,2,48x13,30.00458335876465,9af27c528695168d4c9ccfdfaa38d2f9113ab53dc90694467570cd3659f9a263
data/processed_pose_sequences/train/front/front_0101.npz,train,front,front_0101,103,13,2,103x13,29.000106811523438,798bf48652668ab07db0fb9c5686f6196e8be92ac007833a6a3fb9d14d409d0b
data/processed_pose_sequences/train/front/front_0102.npz,train,front,front_0102,141,13,2,141x13,29.788732528686523,77c1ee31419a2842b41fea55a46fa839fc1e441ae29dcb1e0016d91755bf1a2a
data/processed_pose_sequences/train/front/front_0103.npz,train,front,front_0103,84,13,2,84x13,30.0,d92da83d76364190bf5c87a2e75206d8df61b0e2e8c95a3d0c553dca459eca7f
data/processed_pose_sequences/train/front/front_0104.npz,train,front,front_0104,84,13,2,84x13,30.0,cffdceba540dc81ce1312f89e69cdde9c1663afcce65610cc08c8d3b9792369b
data/processed_pose_sequences/train/front/front_0105.npz,train,front,front_0105,115,13,2,115x13,24.0,dca5175544ea8184a285d1bda9b92e0d80129c4dd6eadc7d049a2146a8a2a1d8
data/processed_pose_sequences/train/front/front_0106.npz,train,front,front_0106,90,13,2,90x13,30.0,e2a5c8e2b7c19139e879489324855398eee31f2a3e4ff9f1a115bdc990cda366
data/processed_pose_sequences/train/front/front_0107.npz,train,front,front_0107,128,13,2,128x13,30.0,7f816a44ec832f3f6855c845f45ba708d26f5f2fc6d84c6c582bef6907c615ed
data/processed_pose_sequences/train/front/front_0108.npz,train,front,front_0108,125,13,2,125x13,23.809524536132812,64357a722e5ff59edef47d25d7bd2f69ffe7259f52e6620278e9637493a41311
data/processed_pose_sequences/train/front/front_0109.npz,train,front,front_0109,102,13,2,102x13,30.0,f81dfb1e39631a34a9de8da112681b4335e9413170a872216110a239e621ce72
data/processed_pose_sequences/train/front/front_0110.npz,train,front,front_0110,130,13,2,130x13,29.770992279052734,6c35c51a502048c95e5ae3d7c8eda22c188895bb4c23244d7524c4103ae45cce
data/processed_pose_sequences/train/front/front_0111.npz,train,front,front_0111,93,13,2,93x13,30.0,e0f0e2efbc2c9c371a734229ee020c288b32859e80df99cd0aa2f0fbc14df3fa
data/processed_pose_sequences/train/front/front_0112.npz,train,front,front_0112,98,13,2,98x13,30.0,db9a3dc6d4143147f2c78f223032e3b16d22ab64086a914e45967199d0ebf5d8
data/processed_pose_sequences/train/front/front_0113.npz,train,front,front_0113,129,13,2,129x13,59.95352554321289,9beae3e5224099d81caca0512c30add2d03d1c1d605bb88327f7d7f2b45f2d33
data/processed_pose_sequences/train/front/front_0114.npz,train,front,front_0114,132,13,2,132x13,59.9545783996582,3980070b9c98047c1c498f61d3e4aa8c7de3272d2b5d3828622a380b4deb2d99
data/processed_pose_sequences/train/front/front_0115.npz,train,front,front_0115,76,13,2,76x13,30.000003814697266,f94a5dc416eb2dc760dcfe493c24b7b48f38b60651032249a0492b079b6b3869
data/processed_pose_sequences/train/front/front_0116.npz,train,front,front_0116,90,13,2,90x13,30.0,7f6e19ebec69eade74a453836afd8bec2db482e7d07ae4c827cf157d6d91e020
data/processed_pose_sequences/train/front/front_0117.npz,train,front,front_0117,82,13,2,82x13,30.0,8cc41e261028a27350ad665204d9b48e9fc868f758046254099fedf1c114f956
data/processed_pose_sequences/train/front/front_0119.npz,train,front,front_0119,75,13,2,75x13,30.0,289a5d2807f0a59da2587cf8101ce7619fdc118a7045e7bc628884ce6108843c
data/processed_pose_sequences/train/front/front_0120.npz,train,front,front_0120,81,13,2,81x13,30.0,b6e3b0f8180c08ff1e086a53afe655747010ccb30918992b9848f2c8545cc494
data/processed_pose_sequences/train/front/front_0121.npz,train,front,front_0121,105,13,2,105x13,30.0,fe0a2665565a2ad3f4ddd3d767371bdce5b97b68529552ddcee8c99ca542125f
data/processed_pose_sequences/train/front/front_0122.npz,train,front,front_0122,103,13,2,103x13,30.0,5bbe9ad78a247792046aea7a2910178549ea276ca9031cf1b621235b9260e700
data/processed_pose_sequences/train/front/front_0123.npz,train,front,front_0123,96,13,2,96x13,29.69072151184082,ae4e6e6d41d27c924a99fc0f584810c90acb91f73773bfca0d8387a88f581cac
data/processed_pose_sequences/train/front/front_0124.npz,train,front,front_0124,123,13,2,123x13,29.75806427001953,3be80e355b768a81698ee200b7b0664cbdead6581326588a97979cefd4ba6ba9
data/processed_pose_sequences/train/front/front_0125.npz,train,front,front_0125,108,13,2,108x13,29.72477149963379,a1ce71043bba7f390d06c16da02666e5890a6b4634fc4cd007094c0ca844a0dd
data/processed_pose_sequences/train/front/front_0126.npz,train,front,front_0126,99,13,2,99x13,30.0,c3cfab7c853d11211a3934427071424c4402f5c46a793179c198754459e1341c
data/processed_pose_sequences/train/front/front_0127.npz,train,front,front_0127,100,13,2,100x13,30.0,8f8da675595a56c7ff0512b1dd6d8c6ba55d0c4fc8f64a28f40ecf9fc9f32425
data/processed_pose_sequences/train/front/front_0128.npz,train,front,front_0128,100,13,2,100x13,30.0,c90810425acb7d17ac7ce455c7cf49388b819bb821523ffebb07596c168f9c46
data/processed_pose_sequences/train/front/front_0129.npz,train,front,front_0129,134,13,2,134x13,30.0,0aa0d5b45b9b5b0651a6678c7ce837b121750cf131c1b22f1f53223df50519f9
data/processed_pose_sequences/train/front/front_0130.npz,train,front,front_0130,80,13,2,80x13,30.148883819580078,93ab0824d4fe95d70987304cf0213b2737fbf46a057239225d8a29850363524f
data/processed_pose_sequences/train/front/front_0131.npz,train,front,front_0131,89,13,2,89x13,26.34782600402832,c81c65ea737cbcfe02144e0a99c235da726f1340fdbad955aa3d40dc5aa89c28
data/processed_pose_sequences/train/front/front_0132.npz,train,front,front_0132,72,13,2,72x13,30.01862335205078,c0b35dbdf5d71564e2d17606154291387aaf4078a7b4e5895a4433242bf3518b
data/processed_pose_sequences/train/front/front_0133.npz,train,front,front_0133,72,13,2,72x13,30.01862335205078,24c3e9457ce01ea00470abe8cd67144f8504ec987c9655258f1b4f71fd70901f
data/processed_pose_sequences/train/front/front_0134.npz,train,front,front_0134,74,13,2,74x13,29.600000381469727,d66630f7f83c3e6a40dbaee9f6f94334bd01aec0affd960f98c13c349b33edb5
data/processed_pose_sequences/train/front/front_0135.npz,train,front,front_0135,75,13,2,75x13,29.605262756347656,149ac09121d1f656b5fc237e5942b252c70e497175f6ed0e07ca7f28649bb761
data/processed_pose_sequences/train/front/front_0136.npz,train,front,front_0136,79,13,2,79x13,30.0,551b0cbda688489ec0d1f8dd8f591b8e9efafd14979dc7240cc580bfac8e3885
data/processed_pose_sequences/train/front/front_0137.npz,train,front,front_0137,90,13,2,90x13,30.0,29e7f5ad852c70654a9e6ae61ab49d880608774f9e2ebcb238e122f0c5428771
data/processed_pose_sequences/train/front/front_0138.npz,train,front,front_0138,104,13,2,104x13,30.0,bd6ee1d5e368c9513a3296c452dddadd446dd04f1ff6ed01a075db1c4a66c28e
data/processed_pose_sequences/train/front/front_0139.npz,train,front,front_0139,77,13,2,77x13,30.010522842407227,1d9e3f40fb8925d7b3e5e67cf005704e11c526c4b1a7cbf776e3e6b989a582d7
data/processed_pose_sequences/train/front/front_0140.npz,train,front,front_0140,50,13,2,50x13,30.01040267944336,9dccc1b6c0d11461c7ba11eda7af983814af5285c055b77d18c21b4c638d7acc
data/processed_pose_sequences/train/front/front_0141.npz,train,front,front_0141,85,13,2,85x13,30.0,f6222fe058c07fcc529cf57fd9696ed240e6a0f96563e6a5f75cc710bfe7a676
data/processed_pose_sequences/train/front/front_0142.npz,train,front,front_0142,128,13,2,128x13,29.99609375,e9a95963cfccdd2a3ca13fbfa61793e6ec03a646684e9fda4a4a6cc5d661955e
data/processed_pose_sequences/train/front/front_0143.npz,train,front,front_0143,125,13,2,125x13,29.99656105041504,f596627257c54076882e60200f2dfa931a8b0b3d3d39f01184a6f2923099337e
data/processed_pose_sequences/train/front/front_0144.npz,train,front,front_0144,102,13,2,102x13,30.0,e717b6cd85ae84787f4ea818711e9a3dececc449c33692c4f67b894d2b677f6f
data/processed_pose_sequences/train/front/front_0145.npz,train,front,front_0145,141,13,2,141x13,30.0,a872f924f5a648951ea4940e996ac985d44d25fb00c99d19281ba64093442191
data/processed_pose_sequences/train/front/front_0147.npz,train,front,front_0147,90,13,2,90x13,29.636350631713867,a1259a83146e465830896eadce635613413473ddc7f2bc2c2e51f2e78b4f93c3
data/processed_pose_sequences/train/front/front_0148.npz,train,front,front_0148,254,13,2,254x13,60.01669692993164,0264a778ecaec936a1d23cf43f3dea8253c59b450420376c8dda70ad258e2867
data/processed_pose_sequences/train/front/front_0149.npz,train,front,front_0149,146,13,2,146x13,60.01671600341797,626e28b254e57904e1bee51c9eed66579e96d17d0ecf037a4ccda74986f42cec
data/processed_pose_sequences/train/front/front_0150.npz,train,front,front_0150,74,13,2,74x13,30.007299423217773,7450d091a1dcc540c6cbdbcf1bcd662a6dafabc9f4a03406ebb0768e6f9b9f1a
data/processed_pose_sequences/train/front/front_0151.npz,train,front,front_0151,60,13,2,60x13,30.0,f7421ce477306a41ae6e6451a45992578dc7c2ae8d782af8156bd5975a4fc700
data/processed_pose_sequences/train/front/front_0152.npz,train,front,front_0152,135,13,2,135x13,60.0201530456543,af5cea306d6698204326587ba1676b075089f7ccaedd1b758c13a4bacec8e924
data/processed_pose_sequences/train/front/front_0153.npz,train,front,front_0153,139,13,2,139x13,60.01899719238281,20270bdc51a4b011ea4cb9e54ee94ca2e6c07ac478e366569b1e7abcc37d369f
data/processed_pose_sequences/train/front/front_0154.npz,train,front,front_0154,106,13,2,106x13,30.0,1f96e213f996ee0273eb6ee622fc8568b5453bc4ee8de55b09453d9d69d9e415
data/processed_pose_sequences/train/front/front_0155.npz,train,front,front_0155,89,13,2,89x13,30.0,5cbf396032dd6f62b169ff4f86c432c8192ab59971f2d24e2d7980b51afc7c02
data/processed_pose_sequences/train/front/front_0156.npz,train,front,front_0156,130,13,2,130x13,30.0,a9816b29f84aab5cdc9e37f4d6240bd85ae59c2cafcc88ab08a639c7c6094648
data/processed_pose_sequences/train/front/front_0157.npz,train,front,front_0157,137,13,2,137x13,30.0,16d49258450fd35ae7704ae43429e1bc573208c014ff59d32585a2fa44133801
data/processed_pose_sequences/train/front/front_0158.npz,train,front,front_0158,104,13,2,104x13,29.454988479614258,18db97cba9aec4ea3ccca932a47b81742251bd2944db9a93e1bf0d14a6cb0730
data/processed_pose_sequences/train/front/front_0159.npz,train,front,front_0159,101,13,2,101x13,30.020906448364258,cb21f531e45967b586aacafb9b961fb16b7780fd8187805843b28468d50bae07
data/processed_pose_sequences/train/front/front_0160.npz,train,front,front_0160,105,13,2,105x13,29.9271297454834,7df475dca59216d36bd709af9391a4d5cb73062334196365703b81e3da088b82
data/processed_pose_sequences/train/front/front_0161.npz,train,front,front_0161,117,13,2,117x13,29.963207244873047,5d1f1280b2167fc996dc7d90d3b767250d53af8a528bd2c1364366dddef83f5f
data/processed_pose_sequences/train/front/front_0162.npz,train,front,front_0162,119,13,2,119x13,29.963573455810547,7c94a8068dc614933998052caae192ab9bf74c9233577ec545ffe11e70e76c83
data/processed_pose_sequences/train/front/front_0163.npz,train,front,front_0163,151,13,2,151x13,29.980674743652344,a4f773cce2291003d5f113f60e290aded8148a22c35775483b92c621d59013eb
data/processed_pose_sequences/train/front/front_0164.npz,train,front,front_0164,157,13,2,157x13,29.982812881469727,6c8327f28b73b69ed5b005490b3ce673a6128e341faba04a78e418b8abec43ad
data/processed_pose_sequences/train/front/front_0165.npz,train,front,front_0165,152,13,2,152x13,29.926692962646484,3c647229dd1872e1a04039fd64b1ac17ecd0cc52841163320589a2cdf5c410cd
data/processed_pose_sequences/train/front/front_0167.npz,train,front,front_0167,117,13,2,117x13,29.914348602294922,07385edd772f30fd7c476724e7cac1b24379cde56b8b32f86fc83ba82784ee36
data/processed_pose_sequences/train/front/front_0169.npz,train,front,front_0169,124,13,2,124x13,29.982269287109375,e76cb9806662fb5abe6ddbc923dd52674405d7d9dd538b6016607785b19c0160
data/processed_pose_sequences/train/front/front_0170.npz,train,front,front_0170,49,13,2,49x13,30.017969131469727,05cd2cc3cbc5618c8cfb088a5031f57992bf834115ce72417efb24e0eac17698
data/processed_pose_sequences/train/front/front_0171.npz,train,front,front_0171,47,13,2,47x13,30.0157527923584,4e0f32f65b0787399b201b789be4182e001c080df3be1a75bdcf3ca427dcdca3
data/processed_pose_sequences/train/front/front_0173.npz,train,front,front_0173,160,13,2,160x13,60.005001068115234,3e5f3e3c34e8506b946991b5aa400c27a10b11f4ee66a0f3960bf46a5416075b
data/processed_pose_sequences/train/front/front_0174.npz,train,front,front_0174,82,13,2,82x13,30.006099700927734,8840f0e43078d1bbcd1a3ccd1e62334ddecee9bb423dcea443f5e08500a4c12e
data/processed_pose_sequences/train/front/front_0175.npz,train,front,front_0175,80,13,2,80x13,30.380823135375977,94e34c8d3919e361a7385f5025e578b7530c489086d3f7888fe43e48be271ada
data/processed_pose_sequences/train/front/front_0176.npz,train,front,front_0176,71,13,2,71x13,29.997182846069336,3c264ad12cbc1c56fc3917f7f2d68e80eed6abf468449f3eba025b6f973c2a18
data/processed_pose_sequences/train/front/front_0177.npz,train,front,front_0177,36,13,2,36x13,30.03531837463379,b48b899a3746e698131d13be1aab305dd674883f0203dae2f2d3c41dacd75af0
data/processed_pose_sequences/train/front/front_0179.npz,train,front,front_0179,110,13,2,110x13,30.034494400024414,84c5b4ce887dd50bc897adf40c46f3edfeb4993ca1f71015fd9f83c3364505ed
data/processed_pose_sequences/train/front/front_0181.npz,train,front,front_0181,49,13,2,49x13,29.987760543823242,3192ee0b9908b5c4f073f379043b178fd321b459060e0d85a6ce82fd36bfb516
data/processed_pose_sequences/train/front/front_0182.npz,train,front,front_0182,145,13,2,145x13,59.91900634765625,da5cff3a49fe51051505681f360cf65faca846ebdb84feb7a4348267aa887357
data/processed_pose_sequences/train/front/front_0183.npz,train,front,front_0183,171,13,2,171x13,59.90424728393555,20fa9ee2332a048d1700123759a2ff3c1c45f95b811050eb2d63dcdb0260b045
data/processed_pose_sequences/train/front/front_0184.npz,train,front,front_0184,312,13,2,312x13,30.0,f1b7b08aa3b9816114ec3b54bfe9a0c374b2e6a3f0d7aa0833f3c4368c42bb76
data/processed_pose_sequences/train/front/front_0185.npz,train,front,front_0185,146,13,2,146x13,30.04492950439453,c6bd188ab788f04ef02180407093bbbbcd43d276bd1960ab2636aaead0d17fa0
data/processed_pose_sequences/train/front/front_0186.npz,train,front,front_0186,254,13,2,254x13,29.975610733032227,1dad87c9ca9fb6d801f28e4c3474f332f828c505049fe6cbe0c6ab5da32a67bb
data/processed_pose_sequences/train/front/front_0187.npz,train,front,front_0187,122,13,2,122x13,30.0,77f0f81a2b53eb1e29fc3d147db71c84e1db929af8c593f13dec1085d1adc71b
data/processed_pose_sequences/train/front/front_0188.npz,train,front,front_0188,135,13,2,135x13,30.006668090820312,b4190787b425b0f6af9ec3f23ff68cd65a7a1039d45d8c63199f002edc4bc7a1
data/processed_pose_sequences/train/front/front_0189.npz,train,front,front_0189,90,13,2,90x13,30.0100040435791,ec68a5724f641dbe63a920db3906e8554b27f355a2beb1c4ab74daec1e5cc093
data/processed_pose_sequences/train/front/front_0190.npz,train,front,front_0190,86,13,2,86x13,30.0,ba491b98af1dfc849df541e2200c1c6bfef30c12253b1f2eef320be7439cfa27
data/processed_pose_sequences/train/front/front_0191.npz,train,front,front_0191,215,13,2,215x13,59.97210693359375,6496112938975f0553b01c28952f05bba53f8ffcb55091c87c4df4f5264c79d4
data/processed_pose_sequences/train/front/front_0192.npz,train,front,front_0192,231,13,2,231x13,59.974037170410156,ea03215ab34fd45ea0037dfa5401b107ed857a34082c8fa12554590c42c1dd2b
data/processed_pose_sequences/train/front/front_0193.npz,train,front,front_0193,139,13,2,139x13,60.010650634765625,3b66a093f6e34f5e78023b286182f5ade8e0623524b66ed8e257ca6c4c45568e
data/processed_pose_sequences/train/front/front_0220.npz,train,front,front_0220,104,13,2,104x13,30.0,b08c5548b4e9e02c3b96dd0bc193330d5c6235b34561c9088b4aeb6ddefdfd57
data/processed_pose_sequences/train/front/front_0221.npz,train,front,front_0221,123,13,2,123x13,30.0,c8b38c3256a23bf9ad6052c2caf6d91503fc8c1085da61211836754faec0ee57
data/processed_pose_sequences/train/front/front_0222.npz,train,front,front_0222,76,13,2,76x13,30.0,fc939d65da88ebefcbd91c4ae09ce8b60288d95da55a78353da4cd0d7ea39ddd
data/processed_pose_sequences/train/front/front_0223.npz,train,front,front_0223,76,13,2,76x13,30.0,64ce447e1456c9bf21e631f3cd24b3fdfb9b66cb2638555d02f605ec8d4753a3
data/processed_pose_sequences/train/front/front_0224.npz,train,front,front_0224,296,13,2,296x13,59.241336822509766,1d6347d42ca8a3b5a48b138b08c42bb541419424ae4ba0f09098195b0401af07
data/processed_pose_sequences/train/front/front_0225.npz,train,front,front_0225,345,13,2,345x13,59.23289108276367,59c8d0db455e01d729505c2eb892643ac2267035a0ba4e697a5d49d43d3b1fcb
data/processed_pose_sequences/train/front/front_0226.npz,train,front,front_0226,58,13,2,58x13,29.98190689086914,3f033d6c15f01bc22d20c1f53c688756b76fa98e287441113fea1fe77cfd8e5e
data/processed_pose_sequences/train/front/front_0227.npz,train,front,front_0227,304,13,2,304x13,29.99802589416504,7db6d5e6a2e4f16ea9ed99bd47fbddc85daa02d53363600035e8794f9a392d8c
data/processed_pose_sequences/train/front/front_0228.npz,train,front,front_0228,482,13,2,482x13,30.001245498657227,2d315cdc41ee5e9f70cc209e2e7088567d15c9d060c639d000cc3d8d7e0920c5
data/processed_pose_sequences/train/front/front_0229.npz,train,front,front_0229,131,13,2,131x13,30.004581451416016,51bf8cccd45b4423334b23b2b2efb2656fefb686bb9a503a0f78c295e8386c6f
data/processed_pose_sequences/train/front/front_0230.npz,train,front,front_0230,153,13,2,153x13,30.0,ed3562a732958883c69e917708f313f8fa10a6d40a5ad3ccf59c978c25f552ad
data/processed_pose_sequences/train/front/front_0231.npz,train,front,front_0231,116,13,2,116x13,30.0,12f08dd5ac35d83a31855694c871e980d269f372ce6eb62187240a47c9599f28
data/processed_pose_sequences/train/front/front_0232.npz,train,front,front_0232,115,13,2,115x13,30.0,cb7b1690323c1264928f53cf7f12ea77fc1aca2948c0ee14db51a0c4fb853b91
data/processed_pose_sequences/train/front/front_0233.npz,train,front,front_0233,138,13,2,138x13,30.0,25ca8c405b7cbb53d8964d765ec76d756e75907f48d0fc348cb76dc9f03f6ac9
data/processed_pose_sequences/train/front/front_0234.npz,train,front,front_0234,85,13,2,85x13,30.0,c99e9cb605c42285bb2b1c0617425feff2bcdb1e1e5046c81a3b9e7cc620e10e
data/processed_pose_sequences/train/front/front_0235.npz,train,front,front_0235,118,13,2,118x13,29.000070571899414,e2622a71668f74dad4e169e417f3285abc993e081db9f6136adeb04da107c95d
data/processed_pose_sequences/train/front/front_0236.npz,train,front,front_0236,69,13,2,69x13,30.0,4cee3c8f42ec301e5ea4c48ead02cfe3b6798892257c2967153c886474ada534
data/processed_pose_sequences/train/front/front_0237.npz,train,front,front_0237,125,13,2,125x13,30.0,9495d0e367001fb6f18bc65ac8de1b44a3aed4eb0cfca9b240c94cbd2b0b29b1
data/processed_pose_sequences/train/front/front_0238.npz,train,front,front_0238,128,13,2,128x13,30.0,051d1fd8c4edb1af1109ec4278c3489ff9ad60d8caa97cdd00c670484cc582e6
data/processed_pose_sequences/train/front/front_0239.npz,train,front,front_0239,121,13,2,121x13,30.0,96c484433c93daac93bdbf743ab0fc3c8ac0e4fca49f435f1be9f9ed47200325
data/processed_pose_sequences/train/front/front_0241.npz,train,front,front_0241,91,13,2,91x13,30.0,a2efeb2d1a5f82383eebe2a9bad79865d37f36666af1b72099742d0862d3de5f
data/processed_pose_sequences/train/front/front_0243.npz,train,front,front_0243,146,13,2,146x13,30.0,0fd424ebd279a7c3bcc73864a15d92a187f13de2e0ba58ddbf598b469827a55c
data/processed_pose_sequences/train/front/front_0244.npz,train,front,front_0244,70,13,2,70x13,29.000051498413086,6b47201d1e5f0da48be73c19d7e269aedbf282a02cafda50c6473694e6788b10
data/processed_pose_sequences/train/front/front_0245.npz,train,front,front_0245,72,13,2,72x13,30.0,5cead381e8c37ab80c2566b7bac59ea912dc615f9cc2db15bfe17ad783a94bfe
data/processed_pose_sequences/train/front/front_0246.npz,train,front,front_0246,98,13,2,98x13,29.000089645385742,8fa39adbef0e613143e487e72d7342c94e2f1c59120236ebe7cd4d354ccf6a1a
data/processed_pose_sequences/train/front/front_0247.npz,train,front,front_0247,135,13,2,135x13,30.0,7fe8e683cd8156f4539aabd9e691cf960261f2c0b4a63699cb923c42cb9f3617
data/processed_pose_sequences/train/front/front_0249.npz,train,front,front_0249,209,13,2,209x13,30.0,9a395b1d0cf6291bd82bd02db95fad94ce9907f8db17d3ff72d95002fc78d394
data/processed_pose_sequences/train/front/front_0250.npz,train,front,front_0250,408,13,2,408x13,30.0,b23b756b8f13134f8af4ec8e47c98d2c76e92c161aa871c34d2fa22094ed6aa9
data/processed_pose_sequences/train/front/front_0251.npz,train,front,front_0251,149,13,2,149x13,29.98993682861328,0f59b1435b2e0bbf75241f0788e7bb6f29db7047bfb8a6cdc1b6a26da85c20b0
data/processed_pose_sequences/train/front/front_0252.npz,train,front,front_0252,116,13,2,116x13,30.0,dde4844bb4e3db1789c16d33e0ea68e84876842e2a997527dd11fc39d9f58376
data/processed_pose_sequences/train/front/front_0253.npz,train,front,front_0253,113,13,2,113x13,30.0,e74753972ae1375dc00510c9f6c214792d03ea397b2e14d5c4c324e78e7cc7cf
data/processed_pose_sequences/train/front/front_0254.npz,train,front,front_0254,152,13,2,152x13,29.990135192871094,52e83e19195692d76cedc54bb5b87daf813d8b834335ae6b31d84a108ba5edcb
data/processed_pose_sequences/train/front/front_0255.npz,train,front,front_0255,174,13,2,174x13,30.0,78260cc04226d5e942d1c45ae23c81ed8a63e7e4b1a07796cebbf4ae91eca199
data/processed_pose_sequences/train/front/front_0256.npz,train,front,front_0256,198,13,2,198x13,30.0,dbd8b36223c7d32702b90b435dcd6b2105e61666c02225b898c9b4f14d8087f0
data/processed_pose_sequences/train/front/front_0257.npz,train,front,front_0257,104,13,2,104x13,30.0,096f06a577853995a6f2e09745f97985a2b51e533d223cd3ee316ba5273ec7bb
data/processed_pose_sequences/train/front/front_0258.npz,train,front,front_0258,171,13,2,171x13,29.000036239624023,66f9d5a6c66beb38c90e9d7ea18301d07976b2b43d65644adbb75e44816a4a63
data/processed_pose_sequences/train/front/front_0260.npz,train,front,front_0260,134,13,2,134x13,30.0,be83425450ac239d9baaa84a1c4d8c29071b2dcc1e50add36cc37d1c2d09cee9
data/processed_pose_sequences/train/front/front_0261.npz,train,front,front_0261,147,13,2,147x13,30.0,697f04c7b5bd84f47ac6f4a2aa9e56ba224e71241c1f86966a4ccf2bd9f6ad73
data/processed_pose_sequences/train/front/front_0262.npz,train,front,front_0262,391,13,2,391x13,30.0,e51f4ce6faa0b07009d33fa1cf0298f40bcbc890ad3acdeec817a7278900b529
data/processed_pose_sequences/train/front/front_0263.npz,train,front,front_0263,101,13,2,101x13,30.0,3fedc21909dd6f5e91d49eacbc953d6eaf165ff83c0705b3ad00f01404aab1b7
data/processed_pose_sequences/train/front/front_0264.npz,train,front,front_0264,99,13,2,99x13,30.0,d9f48ed9b3926b8e56f3d21f34a31e649eb50f6df278c4f7387ad351e5ae043e
data/processed_pose_sequences/train/front/front_0265.npz,train,front,front_0265,71,13,2,71x13,30.0,5f5247f1098fe8cde583885e238f428ffc5e7d6703a1228ff2867114de982f19
data/processed_pose_sequences/train/front/front_0266.npz,train,front,front_0266,114,13,2,114x13,30.0,66a8c152915c08c0598ef2b87da159f1aa67bd253df7914d7ea5f84c7167c9a1
data/processed_pose_sequences/train/front/front_0267.npz,train,front,front_0267,186,13,2,186x13,30.0,0074a298b77f446e6b15f59a82b40a88be20412239d70f231537bf5a8817f7fd
data/processed_pose_sequences/train/front/front_0268.npz,train,front,front_0268,130,13,2,130x13,30.0,8ba51ad6435e537e491ee43d3ec5cd05a30991817c3d6ee74c912722195d441d
data/processed_pose_sequences/train/front/front_0269.npz,train,front,front_0269,126,13,2,126x13,30.0,407383ce3190d01e5434dd1e602f1faeeada619735154ccacf088d0bd6cab07d
data/processed_pose_sequences/train/front/front_0270.npz,train,front,front_0270,86,13,2,86x13,29.000059127807617,720405cc7891f4b48ff7723fe0d8821adc65970bad3d146f6eb4ad3b74e74e5a
data/processed_pose_sequences/train/front/front_0271.npz,train,front,front_0271,92,13,2,92x13,26.926334381103516,b346d82071d1a4259cffde6efd150682e7bfc96f852ad8d29efebd50263b3891
data/processed_pose_sequences/train/front/front_0272.npz,train,front,front_0272,133,13,2,133x13,30.0,3b8a18974436087ae983e062278c29afbe925389bb921469ada14869b61aaf67
data/processed_pose_sequences/train/front/front_0273.npz,train,front,front_0273,128,13,2,128x13,30.0,a73f24ab7cdfb7bf73e1ceb523207558d8aa02a63037fdd744670619a37a074a
data/processed_pose_sequences/train/front/front_0274.npz,train,front,front_0274,127,13,2,127x13,30.0,1fa4028e0161d066df1d227561081270692a0c87ea0e8726a98505f79afc91fd
data/processed_pose_sequences/train/front/front_0275.npz,train,front,front_0275,98,13,2,98x13,30.0,f4c28d0a58f52d9058e02031589e5f2d8f6e4d9405871999277482035a67181f
data/processed_pose_sequences/train/front/front_0276.npz,train,front,front_0276,93,13,2,93x13,30.0,a660b5f9b7081aeddf0fc16d1366b9bf5c91ab295cd4c2cc6cfba73eb3811575
data/processed_pose_sequences/train/front/front_0277.npz,train,front,front_0277,89,13,2,89x13,30.0,8f72ad0778c4a88f49fca3617716efe90790e840144ad321aadc5c4d8c435a1a
data/processed_pose_sequences/train/front/front_0279.npz,train,front,front_0279,84,13,2,84x13,30.0,20c9c9f061f837340a100869aae989975ac3bfc2455ca5198fc313cd0e3f8560
data/processed_pose_sequences/train/front/front_0281.npz,train,front,front_0281,65,13,2,65x13,27.996593475341797,99d7121136dd636c2777e98cbc2ed1f5dc53c560827d71265a44f1e7555101ed
data/processed_pose_sequences/train/front/front_0282.npz,train,front,front_0282,68,13,2,68x13,30.0,65a91c336081af739adad9bce0895ba9948b178cf94899261a5d012c5a5624bc
data/processed_pose_sequences/train/front/front_0283.npz,train,front,front_0283,90,13,2,90x13,30.0,4b9f0d702815b8f0e6ff7231966772b450cf403c5468ee5c9ae440cc135b08e1
data/processed_pose_sequences/train/front/front_0285.npz,train,front,front_0285,89,13,2,89x13,29.000093460083008,34f362190b000cfe92ff12a9f677a92b3683afbce880371f0156f8611ad0937d
data/processed_pose_sequences/train/front/front_0287.npz,train,front,front_0287,104,13,2,104x13,29.00005531311035,3ea53ea805742bd5eea80a123243d409b145aaee73fedc2d223e392cafd85daf
data/processed_pose_sequences/train/front/front_0288.npz,train,front,front_0288,108,13,2,108x13,29.000036239624023,b8b3dc1cf951a35258816464d6941b0a538f212ea7c205bced2a1b1d9db83052
data/processed_pose_sequences/train/front/front_0289.npz,train,front,front_0289,88,13,2,88x13,29.00004768371582,83ab0b08a61cda607b17530d021b3940dfa69f6dc055f7ea572eef5b247d3dd9
data/processed_pose_sequences/train/front/front_0290.npz,train,front,front_0290,145,13,2,145x13,30.0,fb3ef7b8682d1f33d50eb922caa784165fdf3129f0a95cac1d52640edd835b67
data/processed_pose_sequences/train/front/front_0291.npz,train,front,front_0291,126,13,2,126x13,30.0,69df94e45a1293010d030a5874f6007e8ca9aa0c11b4ab66ec08e3a51eb82034
data/processed_pose_sequences/train/front/front_0292.npz,train,front,front_0292,99,13,2,99x13,30.0,6baf0c38dceb03f43e8eee86ee3e92f1570a4cf205ce9131cbd1b0a2cf363349
data/processed_pose_sequences/train/front/front_0293.npz,train,front,front_0293,162,13,2,162x13,29.000036239624023,0049f37b66087833792707739e448a2bb7ac02cb66ee20719fd67b61be700d1d
data/processed_pose_sequences/train/front/front_0294.npz,train,front,front_0294,96,13,2,96x13,30.0,80a418e2aa8b429046cfef2b5ee0e1ba13b5b1ec443111f6440ae483bcca9b4e
data/processed_pose_sequences/train/front/front_0296.npz,train,front,front_0296,94,13,2,94x13,30.0,72a867b4d5dd05c7807169c3a04b559dde4d2d6a4133b3a1526f3bac45409b76
data/processed_pose_sequences/train/front/front_0297.npz,train,front,front_0297,110,13,2,110x13,30.0,2bd6149c9a104b6891f67ee82cda40694a064999bf897cee1711f9c1d74aab5f
data/processed_pose_sequences/train/front/front_0298.npz,train,front,front_0298,104,13,2,104x13,30.0,9c33ac7f991e51c7bc12e463039901378c7f7d29f61b41ccd220f02ef9915e1b
data/processed_pose_sequences/train/front/front_0299.npz,train,front,front_0299,129,13,2,129x13,30.0,695f76ba78f98c80896946c0cae1bdaafd278c391dc81328eee19bd1ce67cf65
data/processed_pose_sequences/train/front/front_0301.npz,train,front,front_0301,136,13,2,136x13,30.0,855de80725bfbee0ca69b0eca733c901723137f5a21080737770d2704700ca9d
data/processed_pose_sequences/train/front/front_0302.npz,train,front,front_0302,84,13,2,84x13,30.0,d450c1c3ba23e46291cb0c2fd3c98d179f41549e45d15689068d2411c4220b0e
data/processed_pose_sequences/train/front/front_0303.npz,train,front,front_0303,96,13,2,96x13,30.0,6e75d5f7645c2643d917c63a2e95f0c7dfa2efe90361ea31efc185329a90fd99
data/processed_pose_sequences/train/front/front_0304.npz,train,front,front_0304,402,13,2,402x13,30.0,1724c04e5c3dd9672cafa77741c76d6805e9fb7c6e13ded94d39b05ccec4fc56
data/processed_pose_sequences/train/front/front_0305.npz,train,front,front_0305,1854,13,2,1854x13,30.00016212463379,89568455cefda45fd5f75d60dec06cee8afee9698abfdce7aefc8f4968fb9080
data/processed_pose_sequences/train/roundhouse/roundhouse_0001.npz,train,roundhouse,roundhouse_0001,97,13,2,97x13,30.0,44c19c6c78b73bb040b786a3ea3e59a43b3315900f34b73ffddaaf49652cf076
data/processed_pose_sequences/train/roundhouse/roundhouse_0003.npz,train,roundhouse,roundhouse_0003,191,13,2,191x13,50.0,e3a57393f985d964237e32ddeef31fcad24e758c6b75f10c4b3a96d7b33e71f0
data/processed_pose_sequences/train/roundhouse/roundhouse_0004.npz,train,roundhouse,roundhouse_0004,196,13,2,196x13,60.0,f187b003c74bd29e9efca5b4afcc370f20959909efbae3a9d1ff7b4c9dc238a0
data/processed_pose_sequences/train/roundhouse/roundhouse_0005.npz,train,roundhouse,roundhouse_0005,184,13,2,184x13,60.0,c6a054c620b33bad3a74d5ded4c6c701a6fc4807586aebdf9d110d03d54b5b26
data/processed_pose_sequences/train/roundhouse/roundhouse_0007.npz,train,roundhouse,roundhouse_0007,143,13,2,143x13,59.98014831542969,7e656e86db93a3cb98fe5a9d3d87aa16b9cbbbf16e4938be5e7995937f6fcd01
data/processed_pose_sequences/train/roundhouse/roundhouse_0008.npz,train,roundhouse,roundhouse_0008,159,13,2,159x13,59.976863861083984,a043770fce4a6c0225663d70de6bbcd1b0ddd852d19150b41fb400b9bf2181f5
data/processed_pose_sequences/train/roundhouse/roundhouse_0009.npz,train,roundhouse,roundhouse_0009,230,13,2,230x13,59.97722625732422,2896eaa57dde9ebc7c9bf0d3a1b794a86460acb0cbd01c632c566807a84891dc
data/processed_pose_sequences/train/roundhouse/roundhouse_0010.npz,train,roundhouse,roundhouse_0010,246,13,2,246x13,59.97870635986328,07ab96b933a66ce61f12f24b1c311485a9f1054efbbc66cc2b5c9ac87809c63e
data/processed_pose_sequences/train/roundhouse/roundhouse_0011.npz,train,roundhouse,roundhouse_0011,218,13,2,218x13,59.700767517089844,8227948cdcf30bb1efd557227185226d9f72ea17d592efb73faa26163603fb6f
data/processed_pose_sequences/train/roundhouse/roundhouse_0012.npz,train,roundhouse,roundhouse_0012,256,13,2,256x13,59.98016357421875,228048c94715f227dbc596410865a435ec4eb91286adc2629c58969c4f92878e
data/processed_pose_sequences/train/roundhouse/roundhouse_0013.npz,train,roundhouse,roundhouse_0013,233,13,2,233x13,59.97906494140625,4847fb70c47a51fa2a6bc03cf85d8c4c3b23937f2e3c0aa18d9253b533dca6c0
data/processed_pose_sequences/train/roundhouse/roundhouse_0014.npz,train,roundhouse,roundhouse_0014,171,13,2,171x13,59.97357940673828,aaae61270d9850c4ced165dedc0013cac5d9b94f16a01cb19e65d38f437411f4
data/processed_pose_sequences/train/roundhouse/roundhouse_0015.npz,train,roundhouse,roundhouse_0015,220,13,2,220x13,59.97673797607422,b5c7faf9ce81bf490a0ecf99e53adb36ce8985649707e609ea2e11acff314a0e
data/processed_pose_sequences/train/roundhouse/roundhouse_0016.npz,train,roundhouse,roundhouse_0016,254,13,2,254x13,59.98000717163086,cd92793912569cbfb1230dbda10efde8a787e934efa2342ccd578a0a653c16b2
data/processed_pose_sequences/train/roundhouse/roundhouse_0017.npz,train,roundhouse,roundhouse_0017,248,13,2,248x13,59.97758865356445,a396d833a61c541a046b585e3360f2f0f21b3de8fcb1c0f6f90f321c303d5880
data/processed_pose_sequences/train/roundhouse/roundhouse_0018.npz,train,roundhouse,roundhouse_0018,302,13,2,302x13,59.979740142822266,4fc14aebafc1d73288885da288a6611a89c8a5c30938bae5e1c797af58052218
data/processed_pose_sequences/train/roundhouse/roundhouse_0019.npz,train,roundhouse,roundhouse_0019,146,13,2,146x13,59.97589874267578,520ff1761030b71f74e5eecdd548ab923fbec3f368e29de03a8f6f2f0a2b8100
data/processed_pose_sequences/train/roundhouse/roundhouse_0020.npz,train,roundhouse,roundhouse_0020,226,13,2,226x13,59.97753143310547,0aedaeecf974123ee15d707447db9b65ce73d6a44ce4bf3972e928e15648907c
data/processed_pose_sequences/train/roundhouse/roundhouse_0021.npz,train,roundhouse,roundhouse_0021,216,13,2,216x13,59.9763069152832,8404a15647a7287f4fbae8858b712be931ebfbfbbb1cc08a9d47396fd4dd7938
data/processed_pose_sequences/train/roundhouse/roundhouse_0023.npz,train,roundhouse,roundhouse_0023,254,13,2,254x13,59.97670364379883,190602e9fb9f721c6a0cc4d2c4a52362eebe5e5f2023cc53a5be40a746ccc0ef
data/processed_pose_sequences/train/roundhouse/roundhouse_0024.npz,train,roundhouse,roundhouse_0024,208,13,2,208x13,59.9792366027832,1fe89e779b291ebb507213b3be1702b5a2ecaaf3b92c37265d80bfde6fc1611f
data/processed_pose_sequences/train/roundhouse/roundhouse_0025.npz,train,roundhouse,roundhouse_0025,147,13,2,147x13,59.975791931152344,37251973008fe8f6619c96f06229b22aeac45bfd13622e4fd416c60f24063d40
data/processed_pose_sequences/train/roundhouse/roundhouse_0026.npz,train,roundhouse,roundhouse_0026,251,13,2,251x13,59.97992706298828,813add0621e2d53b69d131a36b2e5092b8d9c18027bd683dfc1673f490842664
data/processed_pose_sequences/train/roundhouse/roundhouse_0028.npz,train,roundhouse,roundhouse_0028,207,13,2,207x13,59.97604751586914,0c222de8065ba8932a11c43e9f48d873d115d728394f0e4d259e5d12b8e98775
data/processed_pose_sequences/train/roundhouse/roundhouse_0029.npz,train,roundhouse,roundhouse_0029,219,13,2,219x13,59.979366302490234,da9e8654990c89feb9e52e5b75e55049767185fc2df5fe979b6080ee775eca97
data/processed_pose_sequences/train/roundhouse/roundhouse_0030.npz,train,roundhouse,roundhouse_0030,184,13,2,184x13,59.97935485839844,afdda7f194237552009ad35a9201d6bb0f987f291bbf68b7cf91c8e9229057de
data/processed_pose_sequences/train/roundhouse/roundhouse_0031.npz,train,roundhouse,roundhouse_0031,70,13,2,70x13,30.00428581237793,4332690a4a1176f5b5ab3b594479f76f2749d9e51a08b23d902ddad0ab64a134
data/processed_pose_sequences/train/roundhouse/roundhouse_0032.npz,train,roundhouse,roundhouse_0032,104,13,2,104x13,29.714284896850586,a4a9994fee9c8c328d9b62d45789cfd7c342a5e19d52866117c25c7ad2199f4c
data/processed_pose_sequences/train/roundhouse/roundhouse_0033.npz,train,roundhouse,roundhouse_0033,70,13,2,70x13,29.577465057373047,72fa134e805e084bdd788def6d9b3dbc7a6208ce17e6f753cdb755e24e575a9a
data/processed_pose_sequences/train/roundhouse/roundhouse_0034.npz,train,roundhouse,roundhouse_0034,127,13,2,127x13,29.765625,4ea26284cdcb853cbf372b29fe745311a59fccb87ead93e8b38166398bedec7e
data/processed_pose_sequences/train/roundhouse/roundhouse_0036.npz,train,roundhouse,roundhouse_0036,103,13,2,103x13,29.711538314819336,84d08417f126c40828a1649f633fc4decb093ba1ffa7cf34d0ad4aadbbd93a73
data/processed_pose_sequences/train/roundhouse/roundhouse_0037.npz,train,roundhouse,roundhouse_0037,113,13,2,113x13,29.736841201782227,b7035dfa65bea7341c225537060a1275fa9227aec15a1fc45a8b66450e3468b8
data/processed_pose_sequences/train/roundhouse/roundhouse_0038.npz,train,roundhouse,roundhouse_0038,85,13,2,85x13,29.65116310119629,1f5713e296ca4c10b9e95747aac9c2649ca08d505d31a519e9623b8940f7b874
data/processed_pose_sequences/train/roundhouse/roundhouse_0039.npz,train,roundhouse,roundhouse_0039,80,13,2,80x13,29.629629135131836,16bcfeb2de9f48441aab24bf84f0cdeb4169cfb2e6f1fa257c85f1a38bb62faa
data/processed_pose_sequences/train/roundhouse/roundhouse_0040.npz,train,roundhouse,roundhouse_0040,71,13,2,71x13,29.58333396911621,1ab4e90fa2e2ac23f07a811171fdb448ed0b3792d42ae9cd5d0d3705663317b9
data/processed_pose_sequences/train/roundhouse/roundhouse_0041.npz,train,roundhouse,roundhouse_0041,104,13,2,104x13,29.714284896850586,3171841a37fde5a361e0a55e05d442c37e2b923b4c78209adac614a01885598a
data/processed_pose_sequences/train/roundhouse/roundhouse_0042.npz,train,roundhouse,roundhouse_0042,90,13,2,90x13,29.670330047607422,df5b62b77e7d2b7ed85825f4c85597b55392df9383206f1ea52f703d63a3e6a4
data/processed_pose_sequences/train/roundhouse/roundhouse_0043.npz,train,roundhouse,roundhouse_0043,85,13,2,85x13,29.65116310119629,1c2ce4719d1989b2b864b11d0f44ec222c543a114432d7792d6d88016e949abb
data/processed_pose_sequences/train/roundhouse/roundhouse_0044.npz,train,roundhouse,roundhouse_0044,67,13,2,67x13,29.558822631835938,1b6e8a8836a1d68721748e7f5ef9fa77a71d863371630d7f82b1dc569c551543
data/processed_pose_sequences/train/roundhouse/roundhouse_0045.npz,train,roundhouse,roundhouse_0045,71,13,2,71x13,29.58333396911621,c870a997539691e0ee0bcfb0e69ea1a33095aae909f53f41b25ae9ed0978dc45
data/processed_pose_sequences/train/roundhouse/roundhouse_0046.npz,train,roundhouse,roundhouse_0046,106,13,2,106x13,29.71962547302246,9ee36c0eead42914db85e54228d63073528d90301f0b76903334142fb5c56528
data/processed_pose_sequences/train/roundhouse/roundhouse_0047.npz,train,roundhouse,roundhouse_0047,81,13,2,81x13,29.277109146118164,4526553fb747b0c87fe253701b4e5d594f74218bf80db9e907a9d72c8aab4d54
data/processed_pose_sequences/train/roundhouse/roundhouse_0048.npz,train,roundhouse,roundhouse_0048,134,13,2,134x13,29.77777862548828,47e873f27fc69b51701f0aacc35129e701b8522e5e19ce7e50448d41e809f64f
data/processed_pose_sequences/train/roundhouse/roundhouse_0049.npz,train,roundhouse,roundhouse_0049,60,13,2,60x13,29.508195877075195,a7f2e9143096b19b5ebddd1b477a650f1a0f6ebccb3e8cff6288b73ab1f3499e
data/processed_pose_sequences/train/roundhouse/roundhouse_0050.npz,train,roundhouse,roundhouse_0050,90,13,2,90x13,29.670330047607422,7741dbf4b93e34d3fe9a9af0327499cb9371d9382652a193370a34172fd918e4
data/processed_pose_sequences/train/roundhouse/roundhouse_0051.npz,train,roundhouse,roundhouse_0051,98,13,2,98x13,29.696969985961914,ed0ae46ebee2a9629e153c85677ab9403dc98e63a0a086dff5b4446c707be8fd
data/processed_pose_sequences/train/roundhouse/roundhouse_0052.npz,train,roundhouse,roundhouse_0052,97,13,2,97x13,29.693878173828125,6e26b9d173455fd3ba934563c4f89915cd150eb4d18c61eb389e7c300f9b9d96
data/processed_pose_sequences/train/roundhouse/roundhouse_0055.npz,train,roundhouse,roundhouse_0055,117,13,2,117x13,29.74576187133789,d07ce4e5f9a0e83cedd173129a1487d44fe6682215a87ca012698b8ca0d73f2e
data/processed_pose_sequences/train/roundhouse/roundhouse_0056.npz,train,roundhouse,roundhouse_0056,109,13,2,109x13,30.0,4648d43174d671054e96518e0001e234abf61a2d9b260ffb63f55adf67be4fe1
data/processed_pose_sequences/train/roundhouse/roundhouse_0057.npz,train,roundhouse,roundhouse_0057,132,13,2,132x13,30.0,1239ee7d340a830599dc74e461daed144e208f0b486aead210b4c1da92852493
data/processed_pose_sequences/train/roundhouse/roundhouse_0058.npz,train,roundhouse,roundhouse_0058,116,13,2,116x13,30.0,cec8fb75be0e0c8acc63730a7f24a3c58113cea8269cf8735094ba750ba01570
data/processed_pose_sequences/train/roundhouse/roundhouse_0059.npz,train,roundhouse,roundhouse_0059,91,13,2,91x13,30.0,0c46f9f50b604fdc6bf765b0fbfc25c22571959ed65e72ce702bc1b1d3bff494
data/processed_pose_sequences/train/roundhouse/roundhouse_0061.npz,train,roundhouse,roundhouse_0061,194,13,2,194x13,60.010929107666016,31746ced364a4e4858103cd60ea8619362522ca53a77a0d83d10b4d05ef7628c
data/processed_pose_sequences/train/roundhouse/roundhouse_0062.npz,train,roundhouse,roundhouse_0062,193,13,2,193x13,60.010986328125,c9d86b8712ffdaff57ef41e34319283dfbef55cf7f37a87ce2e904f70dcd8b48
data/processed_pose_sequences/train/roundhouse/roundhouse_0063.npz,train,roundhouse,roundhouse_0063,195,13,2,195x13,60.01087188720703,66877170a95c18132b3e7b8486cc6a683c6905bcc7753f14cf2e78a89c20445b
data/processed_pose_sequences/train/roundhouse/roundhouse_0065.npz,train,roundhouse,roundhouse_0065,79,13,2,79x13,30.0,725297da0f2bc2157e1673455d64612b92c25fe3f4c830afb5a8e3b720f41267
data/processed_pose_sequences/train/roundhouse/roundhouse_0066.npz,train,roundhouse,roundhouse_0066,200,13,2,200x13,30.0,8ad5d94e415773ec3daf81b8f002ca1248c7a0702310ba225c43c432ecb8263d
data/processed_pose_sequences/train/roundhouse/roundhouse_0067.npz,train,roundhouse,roundhouse_0067,63,13,2,63x13,30.0,04e79b5e2b4faeab52c9d5c8975ed839c902f904546ae886f70422d01bd725f6
data/processed_pose_sequences/train/roundhouse/roundhouse_0068.npz,train,roundhouse,roundhouse_0068,61,13,2,61x13,30.0,903fee048cbccadde38ef431a7fd9458fc594fb9dd8006707a8c239734941233
data/processed_pose_sequences/train/roundhouse/roundhouse_0069.npz,train,roundhouse,roundhouse_0069,117,13,2,117x13,29.0,598da61bd5c3346751a2f4ac8bb531f799be9af1bd22682a6d272d9ac3ecf659
data/processed_pose_sequences/train/roundhouse/roundhouse_0071.npz,train,roundhouse,roundhouse_0071,124,13,2,124x13,29.0,f4574c379c60428aa40256a08175f73c6d14ada01173b2d8890076b6fbfcf26a
data/processed_pose_sequences/train/roundhouse/roundhouse_0072.npz,train,roundhouse,roundhouse_0072,113,13,2,113x13,29.0,28caac162bef15b45fd8bddb14da45423411c7b9809b3d6d559d2dd44e5a581d
data/processed_pose_sequences/train/roundhouse/roundhouse_0074.npz,train,roundhouse,roundhouse_0074,86,13,2,86x13,30.0,8efa64e83b36d35d584074de77bed499c0bf0c76edce369f61f057e49c599d65
data/processed_pose_sequences/train/roundhouse/roundhouse_0075.npz,train,roundhouse,roundhouse_0075,123,13,2,123x13,30.0,7a3e4a3d20bf32f89a1306205c432a2d231100e02cf753d3e58aeb36fe189860
data/processed_pose_sequences/train/roundhouse/roundhouse_0076.npz,train,roundhouse,roundhouse_0076,92,13,2,92x13,30.0,b5690a586d25e80e7e638b1391c3476812c7c28641defae3cfdd0af505be6bc6
data/processed_pose_sequences/train/roundhouse/roundhouse_0077.npz,train,roundhouse,roundhouse_0077,112,13,2,112x13,30.0,5637a197fe0c984ef3cd15ab6d0a74a58474a41d7cf8e7f70f7cda7b5e9709de
data/processed_pose_sequences/train/roundhouse/roundhouse_0078.npz,train,roundhouse,roundhouse_0078,107,13,2,107x13,30.0,b7f5a73038caec5f7fe6cbf9047bc6a6713413fd70206e6e2ae82aa56bf6af0f
data/processed_pose_sequences/train/roundhouse/roundhouse_0080.npz,train,roundhouse,roundhouse_0080,214,13,2,214x13,30.0,75aa64d195c664fc39d894eb318d8f4db81505949a377191d7f37ee8d561eb07
data/processed_pose_sequences/train/roundhouse/roundhouse_0081.npz,train,roundhouse,roundhouse_0081,77,13,2,77x13,30.0,19532021944ad46d23464a221e225edf5e5b3f5460757a7b0315cad081c54db5
data/processed_pose_sequences/train/roundhouse/roundhouse_0082.npz,train,roundhouse,roundhouse_0082,68,13,2,68x13,30.0,8a95d514e635e5267b57dea6c2533a89bd5dd2b278d096223bd6a16e9a6cc8d3
data/processed_pose_sequences/train/roundhouse/roundhouse_0083.npz,train,roundhouse,roundhouse_0083,61,13,2,61x13,30.0,f1a78816ed7a36bc885d9612168be49a7d499c75d6802d5e4b8d63be3cb4ce14
data/processed_pose_sequences/train/roundhouse/roundhouse_0084.npz,train,roundhouse,roundhouse_0084,41,13,2,41x13,30.0,b44605e84ef46b5e5dd99cfeaaa20e039524bbd442279a44b7d9e1303534448c
data/processed_pose_sequences/train/roundhouse/roundhouse_0085.npz,train,roundhouse,roundhouse_0085,133,13,2,133x13,30.0,b641f5d0ff7574e4ff299851d6d60981060b9a71e4ae91164db92d5e4da91856
data/processed_pose_sequences/train/roundhouse/roundhouse_0086.npz,train,roundhouse,roundhouse_0086,133,13,2,133x13,30.0,15f77adb42be7d153be19c48be755803cb3345a736c74df1d6bd5e8af210de9b
data/processed_pose_sequences/train/roundhouse/roundhouse_0087.npz,train,roundhouse,roundhouse_0087,121,13,2,121x13,30.0,2d29ce3862d8711aaadb094b952922bcd7a7e2ae7433eaacfeaf035f8cd88da6
data/processed_pose_sequences/train/roundhouse/roundhouse_0088.npz,train,roundhouse,roundhouse_0088,261,13,2,261x13,30.0,381633925b198d15fe40bd0160580664581663bde251218240af149b961f8c8e
data/processed_pose_sequences/train/roundhouse/roundhouse_0089.npz,train,roundhouse,roundhouse_0089,82,13,2,82x13,29.638553619384766,7077b460adfdf164f9e20c02456caafd35ec0ec4f3061efa27b0ccad8e26b693
data/processed_pose_sequences/train/roundhouse/roundhouse_0090.npz,train,roundhouse,roundhouse_0090,96,13,2,96x13,29.69072151184082,fd0a57bfc9e976884f12529a5c574f645d7f2ba34bb79e9371f52b5e8ad70e02
data/processed_pose_sequences/train/roundhouse/roundhouse_0091.npz,train,roundhouse,roundhouse_0091,98,13,2,98x13,29.696969985961914,e16bf5cdb612f22c22de6dc887be1be8cb4ee7b0b6eaafb1bfd3a94b173236ba
data/processed_pose_sequences/train/roundhouse/roundhouse_0092.npz,train,roundhouse,roundhouse_0092,225,13,2,225x13,29.86725616455078,1123be588edb11ef2c0eda7dac96b1f28d8f6e9b0c87f666c7bc979c7fe3d51c
data/processed_pose_sequences/train/roundhouse/roundhouse_0093.npz,train,roundhouse,roundhouse_0093,90,13,2,90x13,30.0,a77d03200d05efc169ef13c1b54e3b86e28c29c8ba9c3b5b06b0f0bdc4dfd88b
data/processed_pose_sequences/train/roundhouse/roundhouse_0094.npz,train,roundhouse,roundhouse_0094,301,13,2,301x13,30.0,9554f623cf24a98154af5d21e1957101528dddfe8f2a3c44b5c680a1020f7e74
data/processed_pose_sequences/train/roundhouse/roundhouse_0095.npz,train,roundhouse,roundhouse_0095,146,13,2,146x13,30.0,03b11d9c73a3b5878aff696ba9df9c3155bd3f5339d77dacaf8dbb5afbcafbe7
data/processed_pose_sequences/train/roundhouse/roundhouse_0096.npz,train,roundhouse,roundhouse_0096,107,13,2,107x13,30.0,257a0ff12b281f5b33a4d6733af4eb5b258c12d62d48e0929c4b93589ddd43db
data/processed_pose_sequences/train/roundhouse/roundhouse_0097.npz,train,roundhouse,roundhouse_0097,118,13,2,118x13,30.0,5035aba6ffe655190308f6c37764e68ce39daeaf94b76578540b7fbef31af7db
data/processed_pose_sequences/train/roundhouse/roundhouse_0098.npz,train,roundhouse,roundhouse_0098,154,13,2,154x13,30.0,cd9b83cfe7e8438c34e5b7c0acbc942aaa6c93b6262faf6688aec70d2c03e1b3
data/processed_pose_sequences/train/roundhouse/roundhouse_0099.npz,train,roundhouse,roundhouse_0099,100,13,2,100x13,30.0,7d5f992e769c5950a3b706b1042e37d67108719eded908bb3766a609fbcca1eb
data/processed_pose_sequences/train/roundhouse/roundhouse_0100.npz,train,roundhouse,roundhouse_0100,96,13,2,96x13,30.0,b7bef25325028799d70708c147e3eafdc59a9f63f6bd0536cbec8adece7a9c98
data/processed_pose_sequences/train/roundhouse/roundhouse_0101.npz,train,roundhouse,roundhouse_0101,159,13,2,159x13,30.0,49d7f7882d5d15d0aed531560e9a90c23c1695f9afaffe610215e670f4186046
data/processed_pose_sequences/train/roundhouse/roundhouse_0102.npz,train,roundhouse,roundhouse_0102,367,13,2,367x13,29.91847801208496,c28264af23b9f4ab8ecb00589bcc4fb5c13d8392924016644616b116354db6e9
data/processed_pose_sequences/train/roundhouse/roundhouse_0103.npz,train,roundhouse,roundhouse_0103,127,13,2,127x13,30.0,285db7c6ab36277f036bf1a2394f34347b19ba2c9690c21b7b91999e4342f3b3
data/processed_pose_sequences/train/roundhouse/roundhouse_0104.npz,train,roundhouse,roundhouse_0104,116,13,2,116x13,30.0,18ec390580577f07a57f62f663085ab0bf9ca8c4698d1b259f34f93e99afea20
data/processed_pose_sequences/train/roundhouse/roundhouse_0105.npz,train,roundhouse,roundhouse_0105,130,13,2,130x13,30.0,e32a3fae1bde4b3147f6d86d920ee68bf754a5df27439755ee966fd24b5a1f01
data/processed_pose_sequences/train/roundhouse/roundhouse_0106.npz,train,roundhouse,roundhouse_0106,274,13,2,274x13,29.782608032226562,70ac1c94d386c911cf51e9fedbe50960e618a4d28adc723e9b8c3d3237837f48
data/processed_pose_sequences/train/roundhouse/roundhouse_0107.npz,train,roundhouse,roundhouse_0107,113,13,2,113x13,30.0,0f02dfed2ccaf27e650f8bae2f2a8fbd4a672cb611c8f5fe9ee2dd368465683e
data/processed_pose_sequences/train/roundhouse/roundhouse_0108.npz,train,roundhouse,roundhouse_0108,118,13,2,118x13,30.0,63f2056e489afa7fe8e4bbce540204e3796f63b88be3fc8716674edc2dc9e190
data/processed_pose_sequences/train/roundhouse/roundhouse_0110.npz,train,roundhouse,roundhouse_0110,295,13,2,295x13,60.101871490478516,3603efd3842df250c8f29db702a61ba10ce4872202191d120734c790f1e21bcd
data/processed_pose_sequences/train/roundhouse/roundhouse_0111.npz,train,roundhouse,roundhouse_0111,308,13,2,308x13,59.91868209838867,33154a686cbfedebc95f55d02e2c26dcd2d94abbcacfd15b67a32bc0a12ba34f
data/processed_pose_sequences/train/roundhouse/roundhouse_0112.npz,train,roundhouse,roundhouse_0112,134,13,2,134x13,30.21291732788086,9dd7b91a2ae7ff141634737bc57d6fe74882ac6a3217de849d86aa00c34d8e20
data/processed_pose_sequences/train/roundhouse/roundhouse_0113.npz,train,roundhouse,roundhouse_0113,150,13,2,150x13,30.085308074951172,99e79dd69b8bb94207a15f74515153567dd0eb27d97cc019673d1660eac756f1
data/processed_pose_sequences/train/roundhouse/roundhouse_0115.npz,train,roundhouse,roundhouse_0115,152,13,2,152x13,30.084314346313477,ca3b04e5da5c19cafecd49ed90a82e77519c234081baa3401be4ec87ad09ae58
data/processed_pose_sequences/train/roundhouse/roundhouse_0116.npz,train,roundhouse,roundhouse_0116,121,13,2,121x13,30.08420181274414,db1a3e1abd69abc982b6e1aea0b32c3d1cfb45175adf5f4b011ad9741151edcb
data/processed_pose_sequences/train/roundhouse/roundhouse_0117.npz,train,roundhouse,roundhouse_0117,340,13,2,340x13,30.0,15e89a8e46fac1df9f82c3224518da325247028d618b096d167937ddf6004f13
data/processed_pose_sequences/train/roundhouse/roundhouse_0118.npz,train,roundhouse,roundhouse_0118,98,13,2,98x13,30.0,365babe0a74a7e143f52605667d57d775223177bfc6c9e24ef885600bd03f648
data/processed_pose_sequences/train/roundhouse/roundhouse_0119.npz,train,roundhouse,roundhouse_0119,114,13,2,114x13,30.0,7bdda10d515974e16920f24fc46e24daf7d4a61f1c0c2ae5797f3b094ca89b97
data/processed_pose_sequences/train/roundhouse/roundhouse_0120.npz,train,roundhouse,roundhouse_0120,129,13,2,129x13,30.0,80083389d991cb826d1f7df0d3f43891f3f9008fbb5f47536c0c4c243bb81c39
data/processed_pose_sequences/train/roundhouse/roundhouse_0121.npz,train,roundhouse,roundhouse_0121,138,13,2,138x13,30.0,3efa8cf8dc1896465a97f2eab53ccf9bfb188421e41adcc884cebdbddc7691a1
data/processed_pose_sequences/train/roundhouse/roundhouse_0122.npz,train,roundhouse,roundhouse_0122,261,13,2,261x13,29.77186393737793,c1ddb74cd14cda49f0a1332a007e13fed2f395cba8d6990531f518300d263220
data/processed_pose_sequences/train/roundhouse/roundhouse_0123.npz,train,roundhouse,roundhouse_0123,159,13,2,159x13,30.0,58894c5a526257f323d82b0d28f3b7c9797d827d5a5eb6eef6d224aebbc42e8a
data/processed_pose_sequences/train/roundhouse/roundhouse_0124.npz,train,roundhouse,roundhouse_0124,116,13,2,116x13,30.0,85e0a074863e0316cdc0a4e03b919b8231741a8bb0dd1e46febdaac5e3be4b50
data/processed_pose_sequences/train/roundhouse/roundhouse_0125.npz,train,roundhouse,roundhouse_0125,108,13,2,108x13,30.0,8cc43304df3b3770e0f131987c4e1b8517c157df143a57d53c76b0769520bf0c
data/processed_pose_sequences/train/roundhouse/roundhouse_0126.npz,train,roundhouse,roundhouse_0126,105,13,2,105x13,30.0,2e65585a85a2776c2a9c2f6dad89141a095e6e5085d5f06ed3b62158bc6402e5
data/processed_pose_sequences/train/roundhouse/roundhouse_0127.npz,train,roundhouse,roundhouse_0127,121,13,2,121x13,30.0,d712fed2d42a415e3de17052522715d77f9ecd731fd50d10b9bd333dd2a09368
data/processed_pose_sequences/train/roundhouse/roundhouse_0128.npz,train,roundhouse,roundhouse_0128,283,13,2,283x13,30.0,d75633a5c9c691dc7ed3bb8fb50a44550db189f0df7375672abcc17b4e6fbe8a
data/processed_pose_sequences/train/roundhouse/roundhouse_0129.npz,train,roundhouse,roundhouse_0129,93,13,2,93x13,30.0,914ce648c18b99966f9b131f584fd530e3de8d10587119b2285788274f76cf5d
data/processed_pose_sequences/train/roundhouse/roundhouse_0130.npz,train,roundhouse,roundhouse_0130,66,13,2,66x13,30.0,a33dc679b0ef6dd805f63a9e872ef92c3180bfb1983774c6d6c1d5bcd3960427
data/processed_pose_sequences/train/roundhouse/roundhouse_0131.npz,train,roundhouse,roundhouse_0131,75,13,2,75x13,30.0,e5decf500a124c383bf3389ace54ec414b451b82adf84293be0913e53388a41c
data/processed_pose_sequences/train/roundhouse/roundhouse_0132.npz,train,roundhouse,roundhouse_0132,310,13,2,310x13,29.0,dcfe0fb55bf7e51cd8ec7f26b65b87c866eddcbc9d534c37c96bd1e0248be75e
data/processed_pose_sequences/train/roundhouse/roundhouse_0133.npz,train,roundhouse,roundhouse_0133,81,13,2,81x13,30.0,2ccf608a14e39bafd9748cbe6e480f9fb36126c078ba557980fd92edf2634074
data/processed_pose_sequences/train/roundhouse/roundhouse_0134.npz,train,roundhouse,roundhouse_0134,87,13,2,87x13,29.0,c3cb4fad03fc24c0bf18344b6143cda799d7c3f91815e844f8014c5dcef46438
data/processed_pose_sequences/train/roundhouse/roundhouse_0136.npz,train,roundhouse,roundhouse_0136,110,13,2,110x13,30.261348724365234,58dfdabb6f1e9b23c8fa667e5e70289fd95d73eba5f2624dd2d72c7c845798c4
data/processed_pose_sequences/train/roundhouse/roundhouse_0137.npz,train,roundhouse,roundhouse_0137,131,13,2,131x13,30.0,915eaff4e09de98812debb920c98efccb7e4e3683ae638445622326e166f95c2
data/processed_pose_sequences/train/roundhouse/roundhouse_0138.npz,train,roundhouse,roundhouse_0138,98,13,2,98x13,30.0,7610ee60d57b325f7123a9ec379d5bf81f4ad0fe0942c0ab735d213ddf845cc7
data/processed_pose_sequences/train/roundhouse/roundhouse_0139.npz,train,roundhouse,roundhouse_0139,110,13,2,110x13,30.0,8dcabb37f4bcc2c1618b6c44585ba42a3aee5588d8873f6511d5033a416cc9b5
data/processed_pose_sequences/train/roundhouse/roundhouse_0140.npz,train,roundhouse,roundhouse_0140,104,13,2,104x13,30.0,e90692e39bd8e4143d754b61dcf02d507e2269b465aa11683e62a1d8c1b8ec95
data/processed_pose_sequences/train/roundhouse/roundhouse_0141.npz,train,roundhouse,roundhouse_0141,120,13,2,120x13,30.0,efb86220b65a39a902ac990c809f8d84a032d278420f8e6bfa6994eacda3d45e
data/processed_pose_sequences/train/roundhouse/roundhouse_0142.npz,train,roundhouse,roundhouse_0142,123,13,2,123x13,30.0,10c7710b1c6216f6ae7678bd0f14080eb2df271c39ec60949ea8b2012d29e791
data/processed_pose_sequences/train/roundhouse/roundhouse_0143.npz,train,roundhouse,roundhouse_0143,95,13,2,95x13,30.0,b4ea9e667a28b0dc2fc46a728e08b309ccee5dcca20b59a8dfeada411822702b
data/processed_pose_sequences/train/roundhouse/roundhouse_0144.npz,train,roundhouse,roundhouse_0144,110,13,2,110x13,30.0,39be15874a6daac56c0895314d9bc5c7cf357b844d19ca97797984b87aba5ad3
data/processed_pose_sequences/train/roundhouse/roundhouse_0145.npz,train,roundhouse,roundhouse_0145,98,13,2,98x13,30.0,fb138af837ca8ec6144a513ee712d6ea8e1838685dcf63bb614e820ab952ef64
data/processed_pose_sequences/train/roundhouse/roundhouse_0147.npz,train,roundhouse,roundhouse_0147,109,13,2,109x13,30.0,17f0af7c1b7e08d9c379f28571d6f1fa88d6abb7bd8b03b11a203eb995a19890
data/processed_pose_sequences/train/roundhouse/roundhouse_0148.npz,train,roundhouse,roundhouse_0148,114,13,2,114x13,30.0,e9bbfad6b069e631ffe1760259c4e6d46c7c9ae31fb102633bb03ee1e46bd208
data/processed_pose_sequences/train/roundhouse/roundhouse_0149.npz,train,roundhouse,roundhouse_0149,104,13,2,104x13,30.0,524cb573ca7a6f2dbd2d882e88177ac98c14ed26165ceabd9bcfd18187c0bfbe
data/processed_pose_sequences/train/roundhouse/roundhouse_0150.npz,train,roundhouse,roundhouse_0150,108,13,2,108x13,30.0,ef41d09093cc515411ae2b6e3d651fa9278423fd5ccf543a84ca0ee36ff30696
data/processed_pose_sequences/train/roundhouse/roundhouse_0151.npz,train,roundhouse,roundhouse_0151,82,13,2,82x13,30.000003814697266,bbb6010782e273cb10c80c42a3fed78eacab4308198a5a1777a7b4b8a55c9d54
data/processed_pose_sequences/train/roundhouse/roundhouse_0155.npz,train,roundhouse,roundhouse_0155,122,13,2,122x13,30.0,e73587137dec4fc1f773a89cc7964fd545ebb247a4c880a476ade4078e586e89
data/processed_pose_sequences/train/roundhouse/roundhouse_0156.npz,train,roundhouse,roundhouse_0156,113,13,2,113x13,30.0,fab770549161a7812519eae8056766b082b571eec9e4d548b13e99ed8721b79c
data/processed_pose_sequences/train/roundhouse/roundhouse_0157.npz,train,roundhouse,roundhouse_0157,134,13,2,134x13,30.0,e5261cf4d2d3c1d086687b8fe1cdd1e124aa397ae17caa1e88b38cd16e768874
data/processed_pose_sequences/train/roundhouse/roundhouse_0158.npz,train,roundhouse,roundhouse_0158,263,13,2,263x13,30.0,acf42898c3da8b7081ec1cbe9c2f89bc43906704a54c1936be862b6cf388dfc1
data/processed_pose_sequences/train/roundhouse/roundhouse_0159.npz,train,roundhouse,roundhouse_0159,128,13,2,128x13,30.0,75390797cd976ceae71275fb674d5998ecb69cbc39168aedc5176a84c7cce1f5
data/processed_pose_sequences/train/roundhouse/roundhouse_0161.npz,train,roundhouse,roundhouse_0161,128,13,2,128x13,30.0,94842c7d6d6fb37cfaf842499c213ef43f72fd5a09613a886410e5daaaf5d74c
data/processed_pose_sequences/train/roundhouse/roundhouse_0162.npz,train,roundhouse,roundhouse_0162,123,13,2,123x13,30.0,f59a2ea5e4a7c84a663c9a3fa8357d094809733e6e675a80d92090d5d0098158
data/processed_pose_sequences/train/roundhouse/roundhouse_0163.npz,train,roundhouse,roundhouse_0163,153,13,2,153x13,30.0,d811236ffc596038d61c388f4c73f07a24ef9a6e9b2d1d06f0611a969bed7377
data/processed_pose_sequences/train/roundhouse/roundhouse_0164.npz,train,roundhouse,roundhouse_0164,161,13,2,161x13,19.958677291870117,f62a1917d596720c13169110375ae2c8b6956747165db466daac40795c096fe9
data/processed_pose_sequences/train/roundhouse/roundhouse_0165.npz,train,roundhouse,roundhouse_0165,68,13,2,68x13,30.0,55375dbae7d6f770aa4a590c35a050255581cbc68d902972974b2ccf3955229a
data/processed_pose_sequences/train/roundhouse/roundhouse_0166.npz,train,roundhouse,roundhouse_0166,94,13,2,94x13,30.0,a96fc9136b465508c71e4196cf8c2b1642c7192995280a85c28a88b2997c9eb8
data/processed_pose_sequences/train/roundhouse/roundhouse_0168.npz,train,roundhouse,roundhouse_0168,118,13,2,118x13,30.0,648e1a17972e55e31c39ef4950404ea7ecce05c4518c79dad90cd0e1ce0103ea
data/processed_pose_sequences/train/roundhouse/roundhouse_0169.npz,train,roundhouse,roundhouse_0169,165,13,2,165x13,30.0,81c22fcd8972a3182350a3939963a896fbfbc594a54282b4c38e40e7990332ae
data/processed_pose_sequences/train/roundhouse/roundhouse_0170.npz,train,roundhouse,roundhouse_0170,124,13,2,124x13,30.0,2d3bf7417d11069a850e9aadb973d96c6572e859eb48867ae0a1267cf6c70591
data/processed_pose_sequences/train/roundhouse/roundhouse_0173.npz,train,roundhouse,roundhouse_0173,145,13,2,145x13,30.0,ea51fe3e37b74a3a330fe07bd8008d0883a5f15c19c6646ceccc1b53af8e2e82
data/processed_pose_sequences/train/roundhouse/roundhouse_0174.npz,train,roundhouse,roundhouse_0174,137,13,2,137x13,30.0,439b3e08998e9b3b15d5014ad42eea720c9396093d9ee3f9e9d8f4d36e522d38
data/processed_pose_sequences/train/roundhouse/roundhouse_0175.npz,train,roundhouse,roundhouse_0175,146,13,2,146x13,30.0,38070e1f7979ce9006f286c1456ad7a8c700491d68c6dc8602667a10cd215912
data/processed_pose_sequences/train/roundhouse/roundhouse_0176.npz,train,roundhouse,roundhouse_0176,159,13,2,159x13,30.0,28b436c53e72e9a25b0272fba676ea113f9fc16b3331ba8d9e65a80f19b5bf41
data/processed_pose_sequences/train/roundhouse/roundhouse_0177.npz,train,roundhouse,roundhouse_0177,137,13,2,137x13,30.0,0a365545bc01e9964abc35dff17ebaa0034aa45b85b835d155159da13e917cb4
data/processed_pose_sequences/train/roundhouse/roundhouse_0178.npz,train,roundhouse,roundhouse_0178,146,13,2,146x13,30.0,f91ae03c461f5eec5f64cb4f8b003f1b83562abdd0bc32176c7c640bf2b790b3
data/processed_pose_sequences/train/roundhouse/roundhouse_0179.npz,train,roundhouse,roundhouse_0179,237,13,2,237x13,59.94940948486328,92cff1a6711278776cf3d923fcbd30559f65e7b0d6d7ed1702f73d907110f2ad
data/processed_pose_sequences/train/roundhouse/roundhouse_0180.npz,train,roundhouse,roundhouse_0180,243,13,2,243x13,59.95065689086914,ca5a12f8fc5b3e0ba3d4209c1c6d072869c3d8e00df8d3ee5a82a76a76e6bb5a
data/processed_pose_sequences/train/roundhouse/roundhouse_0181.npz,train,roundhouse,roundhouse_0181,228,13,2,228x13,59.94741439819336,9bbccec4552e3a88474e12f18d4cf844da228bc73650c2f6e22c70c38bc35da2
data/processed_pose_sequences/train/roundhouse/roundhouse_0182.npz,train,roundhouse,roundhouse_0182,241,13,2,241x13,59.95024871826172,6300c578c898dbbfd2476e90b8cd52fb18ad792e5e80e571bc7f49c5c4f7d978
data/processed_pose_sequences/train/axe/axe_0002.npz,train,axe,axe_0002,182,13,2,182x13,60.0,b925bdde91aa440702f092bd908b469409d86ace00cdb9a1e42520935867c38f
data/processed_pose_sequences/train/axe/axe_0003.npz,train,axe,axe_0003,156,13,2,156x13,59.98077392578125,c800626ab04d8f02631294c2fc8acd099b359ce5c6216d2299a9b97192fec9dd
data/processed_pose_sequences/train/axe/axe_0004.npz,train,axe,axe_0004,221,13,2,221x13,59.979736328125,ff4decc2a4516be3a9667565f7b06ecb1ad25b5cc0c4b00a0dd1d9fa7c46a2e1
data/processed_pose_sequences/train/axe/axe_0005.npz,train,axe,axe_0005,140,13,2,140x13,59.978294372558594,07590492855262c5103fd05ae23a74c1328a926f110b1c10291b07f0ba01087e
data/processed_pose_sequences/train/axe/axe_0006.npz,train,axe,axe_0006,151,13,2,151x13,59.97908020019531,ee8f8d04dd8da79d20aff094f6f4b625775cb72d3c4a2230c866059dc7802a7c
data/processed_pose_sequences/train/axe/axe_0007.npz,train,axe,axe_0007,232,13,2,232x13,59.98000717163086,988aa0c64a453618c1d6441900a4d567dc025762d86a6ea6b625bfa60aeb7acc
data/processed_pose_sequences/train/axe/axe_0008.npz,train,axe,axe_0008,147,13,2,147x13,59.97443389892578,9e240690ed0bb337ceed85f25cce5a5bf9a95f8a9cf3a9471a90937a3eb8d150
data/processed_pose_sequences/train/axe/axe_0009.npz,train,axe,axe_0009,196,13,2,196x13,59.97674560546875,4eefd4e15b2c2853ff0b6463573e2c132c608b559ba9fdc0ed2da6c544239e55
data/processed_pose_sequences/train/axe/axe_0010.npz,train,axe,axe_0010,172,13,2,172x13,59.980472564697266,763a42e53d7980cbff5592838b7bae934d8cbdcd729775b9ca557c25c7da046a
data/processed_pose_sequences/train/axe/axe_0011.npz,train,axe,axe_0011,226,13,2,226x13,59.97806167602539,e425b58adb147a1f3e9254b28f605557951c0669725f9ea3d3c7b6a58fbd2b85
data/processed_pose_sequences/train/axe/axe_0012.npz,train,axe,axe_0012,150,13,2,150x13,59.978675842285156,968a7f63062f83b567b7e98c0881feb0e8ad68269717a66a29b7394c4b784e2c
data/processed_pose_sequences/train/axe/axe_0013.npz,train,axe,axe_0013,252,13,2,252x13,59.97969055175781,313e6f625aa33db210bef3410240d7725a23dc4af1a8290d764e322eec241199
data/processed_pose_sequences/train/axe/axe_0015.npz,train,axe,axe_0015,132,13,2,132x13,59.98000717163086,bc77f83626caaceb6e7ad52021a3046ac7df328407fe88c78a6a5518ab79138b
data/processed_pose_sequences/train/axe/axe_0016.npz,train,axe,axe_0016,178,13,2,178x13,59.97978210449219,a1d5b311a8172414df1a94dd4f5b05bd36ff12d9572d719850d7c9d47db78e27
data/processed_pose_sequences/train/axe/axe_0017.npz,train,axe,axe_0017,206,13,2,206x13,59.97922897338867,8c35d6bfc905acbe0b6d27c584b63b2d93837d5be8628de000e140a936dd3e5d
data/processed_pose_sequences/train/axe/axe_0018.npz,train,axe,axe_0018,213,13,2,213x13,59.97991180419922,ab26c110577d4f5128341c26a32ab2fa62190f607f652180530d95530120b965
data/processed_pose_sequences/train/axe/axe_0019.npz,train,axe,axe_0019,144,13,2,144x13,59.974456787109375,045bc1fc15ef9bb2a2ddfee4c502d3ac91486e43e60f0b9d9bdb87395f93c579
data/processed_pose_sequences/train/axe/axe_0020.npz,train,axe,axe_0020,170,13,2,170x13,59.97554016113281,c3e09dbcbffc8684f2d861fb22bf12faa666b8e968a3bcc3704e01c928beb319
data/processed_pose_sequences/train/axe/axe_0021.npz,train,axe,axe_0021,189,13,2,189x13,59.97969055175781,86eb1ac11dfdc9e86f5cd8c20853de7b94febcde897f6daf8c3643a844d6111b
data/processed_pose_sequences/train/axe/axe_0022.npz,train,axe,axe_0022,67,13,2,67x13,29.558822631835938,81d2330349000ab09a5dea6ba90a1d0b8531abc19c8fd1b83e12204d30d8663f
data/processed_pose_sequences/train/axe/axe_0023.npz,train,axe,axe_0023,88,13,2,88x13,30.0,cbeb32673a32dc9cd8c83094b108180cf515ef10496cc5263249fe7d09be6d8f
data/processed_pose_sequences/train/axe/axe_0024.npz,train,axe,axe_0024,88,13,2,88x13,29.662921905517578,77198515730a38e6ddc90031ce2db26d7e5ecd292113f0825379f6b0a445cb8e
data/processed_pose_sequences/train/axe/axe_0025.npz,train,axe,axe_0025,50,13,2,50x13,30.0,24f5c80e0cbfe30cbeea257d2022cc8286e39fb58eff4c4b7b17d4806512cb04
data/processed_pose_sequences/train/axe/axe_0026.npz,train,axe,axe_0026,76,13,2,76x13,29.610389709472656,57feed7d75e52beb6a260d00e554c00befaf95ca02e6b66e33ba41327bfc27ec
data/processed_pose_sequences/train/axe/axe_0027.npz,train,axe,axe_0027,83,13,2,83x13,29.64285659790039,dd3e9eb37e0f01fcf3d2aa41c63a0e62a89202efff2ffc69d31290fe29b50fa3
data/processed_pose_sequences/train/axe/axe_0028.npz,train,axe,axe_0028,59,13,2,59x13,30.0,9b58135830c1261b3e7512c8aee5d468b7075d3e0d8eec8af374e61b4691bcd3
data/processed_pose_sequences/train/axe/axe_0029.npz,train,axe,axe_0029,72,13,2,72x13,30.0,c30d5819797aadaec8de301fb0f0dece6fdfa66e4f00d96d9f1eb52575df2ea7
data/processed_pose_sequences/train/axe/axe_0030.npz,train,axe,axe_0030,77,13,2,77x13,30.0,07b53ac6786f48cf96423284c1119f514c9ad71eefdc7ed98d94c2a2abb2a413
data/processed_pose_sequences/train/axe/axe_0031.npz,train,axe,axe_0031,67,13,2,67x13,29.558822631835938,7e99b45c4e7697d45621846399029fa9de92d5769f4b692dadb35eb2b62c520e
data/processed_pose_sequences/train/axe/axe_0032.npz,train,axe,axe_0032,65,13,2,65x13,30.0,4ce9498229eb7bab4a05af3890b2e21de3f885b4e5b606cf7a81a512601f4b18
data/processed_pose_sequences/train/axe/axe_0033.npz,train,axe,axe_0033,90,13,2,90x13,29.670330047607422,ff4d0a5a73daf6f692b0a236c54fe8453e1a284beabe7294daf9a4d237ea4406
data/processed_pose_sequences/train/axe/axe_0034.npz,train,axe,axe_0034,97,13,2,97x13,29.693878173828125,2628080fbe9ab1bf8656139229c21aef2ec8648c510e7043230a7c071e698c91
data/processed_pose_sequences/train/axe/axe_0035.npz,train,axe,axe_0035,57,13,2,57x13,30.0,02599208b6d5d33d9e6e994851b6e7ef123330fa4ea6243df003aa85990646da
data/processed_pose_sequences/train/axe/axe_0036.npz,train,axe,axe_0036,64,13,2,64x13,30.0,fde0a7342abb188c086646b23d8cba4f703237988e5abf840392296997a8f104
data/processed_pose_sequences/train/axe/axe_0038.npz,train,axe,axe_0038,80,13,2,80x13,29.629629135131836,4620dce4bc9651ae7ef1392fa11a13ddb17843bba7b3dfabc5a838b3c44c8b26
data/processed_pose_sequences/train/axe/axe_0039.npz,train,axe,axe_0039,70,13,2,70x13,29.577465057373047,c455c644da3f3cfe4b75da75476eb54c70a0146c067e58078f9a57f2d3bf3183
data/processed_pose_sequences/train/axe/axe_0040.npz,train,axe,axe_0040,74,13,2,74x13,29.600000381469727,f6c243daee9aff7b2f38cf09cfa5a05d6f80ad17702eedc2e62d55047ce011ca
data/processed_pose_sequences/train/axe/axe_0041.npz,train,axe,axe_0041,47,13,2,47x13,30.0,8ac58775f1922e0ce1bad9420fadd054e8732ef25fe72708dec463f82119866e
data/processed_pose_sequences/train/axe/axe_0042.npz,train,axe,axe_0042,76,13,2,76x13,30.0,c04c811f247e4382fedeea313ef18eb08a94623a5f9005a4c6d2339da171ae02
data/processed_pose_sequences/train/axe/axe_0043.npz,train,axe,axe_0043,205,13,2,205x13,30.000001907348633,a6fb529454c66af3d4fa8f0de68c2c2a497cefc2ce0e089b3f936195c3c1f843
data/processed_pose_sequences/train/axe/axe_0044.npz,train,axe,axe_0044,44,13,2,44x13,30.0,86388e4105d976e6e0fc49c439d8207fe402658fdff170cf3f465ea821c0cd6a
data/processed_pose_sequences/train/axe/axe_0045.npz,train,axe,axe_0045,90,13,2,90x13,30.0,c65ac19d43dcd365be92df1ce85c2f14ef03b66c79ca77664d330c6b488568cb
data/processed_pose_sequences/train/axe/axe_0046.npz,train,axe,axe_0046,140,13,2,140x13,30.000003814697266,2830aaf565cafde5e280f3ceab55029a423f2fbd1a2044e2d9dd0382c3dad261
data/processed_pose_sequences/train/axe/axe_0047.npz,train,axe,axe_0047,127,13,2,127x13,24.0,bb15aebbf285d6938a6479e360818af6a82821e5274c1dda93945b18ec4e5336
data/processed_pose_sequences/train/axe/axe_0049.npz,train,axe,axe_0049,78,13,2,78x13,30.0,42c4b530ddb170a05b9e6396ff1441067c84cf0a68791bd64beab7a009656552
data/processed_pose_sequences/train/axe/axe_0050.npz,train,axe,axe_0050,95,13,2,95x13,29.996843338012695,4ee0d9a8b8cc125ec3338d6ac9d5c612edc1a95b0c778236a051db7d86c70f95
data/processed_pose_sequences/train/axe/axe_0051.npz,train,axe,axe_0051,56,13,2,56x13,30.0,4a7cc13655f192a34dc590a617aba96d409e43cf7ceea1d1078ca8cc28bb5638
data/processed_pose_sequences/train/axe/axe_0052.npz,train,axe,axe_0052,48,13,2,48x13,30.00458335876465,872e101db16397668dfc68ac838517a5aa4fce16031b7d9db1fbc7dcbf7cf56e
data/processed_pose_sequences/train/axe/axe_0053.npz,train,axe,axe_0053,45,13,2,45x13,29.000244140625,5ea0ef60ae18552ae7c6eeca8c83448616a2c565c23045541f9cfbff88d98cf6
data/processed_pose_sequences/train/axe/axe_0054.npz,train,axe,axe_0054,114,13,2,114x13,30.0,820c1018ec76071968a180f96b1fb9bd9ca46b68a5726a7562f8b4d2c5c09bd1
data/processed_pose_sequences/train/axe/axe_0055.npz,train,axe,axe_0055,86,13,2,86x13,30.0,36991afb2855c8acd1cc3195ad6b6a732d693f1ec2f3417d28bee5c93d9e9bec
data/processed_pose_sequences/train/axe/axe_0056.npz,train,axe,axe_0056,52,13,2,52x13,29.433961868286133,435ee2c8e07cbb26d39fb6deab680cce8aedd90ea5ef2a37e34da8474027a0d8
data/processed_pose_sequences/train/axe/axe_0057.npz,train,axe,axe_0057,82,13,2,82x13,30.0,7c8704160b0ac0a9eee9a2f9c16a60205f25e06c840aabc2addeab57de9c8247
data/processed_pose_sequences/train/axe/axe_0058.npz,train,axe,axe_0058,128,13,2,128x13,30.0,cc284b62024440205502e3436cb2f82381703327593c1b83f2d5d64a73c675d3
data/processed_pose_sequences/train/axe/axe_0059.npz,train,axe,axe_0059,136,13,2,136x13,24.0,af4ec7db4a23a5ab5efe25c3da4d40b4a59dd3a7808c309d93a74a969b7acfe5
data/processed_pose_sequences/train/axe/axe_0060.npz,train,axe,axe_0060,130,13,2,130x13,30.0,134b339e6a56da3ed619e00a6f95bab7aad260bd257c7557e098d745ded67872
data/processed_pose_sequences/train/axe/axe_0061.npz,train,axe,axe_0061,108,13,2,108x13,20.124223709106445,de42eaf02ee9776bb51a96cabefd8dea861be4bcaa9082729a74bf6a500967b8
data/processed_pose_sequences/train/axe/axe_0062.npz,train,axe,axe_0062,100,13,2,100x13,25.0,7caf3cf655e24be548be5377b009989ed3ae79309441012988acf7691fbaf54a
data/processed_pose_sequences/train/axe/axe_0063.npz,train,axe,axe_0063,81,13,2,81x13,25.1552791595459,41fd0f02b8778505e50089558302ef65fd08c21bee9b5cfdcdf2b0338f369ff8
data/processed_pose_sequences/train/axe/axe_0064.npz,train,axe,axe_0064,137,13,2,137x13,30.0,97e580ecaa265dd66b45972911013fd11c3b5709d02df5aa8636b4e446f01fb4
data/processed_pose_sequences/train/axe/axe_0065.npz,train,axe,axe_0065,86,13,2,86x13,28.000057220458984,5780e873fcf203e874a797fa5b3ec2396a09c20e5aae8901e4a6a2148ade84c1
data/processed_pose_sequences/train/axe/axe_0066.npz,train,axe,axe_0066,101,13,2,101x13,29.705883026123047,b229c2266a0d6f0ad0ebbb89bee8f91787e41dfcd825fc5b02521323fcf1897c
data/processed_pose_sequences/train/axe/axe_0067.npz,train,axe,axe_0067,94,13,2,94x13,30.0,6968547f72953d9cfa50ddc029de3e0761956d24d45471307781de4f20ea5324
data/processed_pose_sequences/train/axe/axe_0068.npz,train,axe,axe_0068,84,13,2,84x13,30.0,0d788e6fcbd1cfe925f62fbad94ce70c0eaa4c92af09028332ba0f1f84ea48bd
data/processed_pose_sequences/train/axe/axe_0069.npz,train,axe,axe_0069,144,13,2,144x13,30.0,b8e22428818232efad653f7981d042f023f826471eaeffea1b1dbbb879dd1bd0
data/processed_pose_sequences/train/axe/axe_0070.npz,train,axe,axe_0070,48,13,2,48x13,29.00010108947754,a34251fa0739c1eb57ffc6a4fea389062d7d9246dc9256fd3809ac5083ed355e
data/processed_pose_sequences/train/axe/axe_0071.npz,train,axe,axe_0071,72,13,2,72x13,30.0,c5c1a6126dce46c59e388e93fe627585da80e771dd4cd603d92e209f3b7418b7
data/processed_pose_sequences/train/axe/axe_0072.npz,train,axe,axe_0072,114,13,2,114x13,27.091354370117188,6d2a5d46f8ec44858e62823f544b219db07be0a0a49109dea4f03e2253ef1612
data/processed_pose_sequences/train/axe/axe_0073.npz,train,axe,axe_0073,111,13,2,111x13,26.7665958404541,98128e8797eeacab9b3fb40adea78d363f909f429ba94fccb5f3669439959449
data/processed_pose_sequences/train/axe/axe_0074.npz,train,axe,axe_0074,129,13,2,129x13,30.0,ee8e320b98bc8d74970d2955919c87bcb88eff1822d96062b09829ff533ca46b
data/processed_pose_sequences/train/axe/axe_0075.npz,train,axe,axe_0075,113,13,2,113x13,30.0,2c38f4990a42a60f86fc24e5f155b5f76107eec55a3bb3223ead65646fb9ae54
data/processed_pose_sequences/train/axe/axe_0076.npz,train,axe,axe_0076,85,13,2,85x13,30.0,a8ef3fcb015cdb7a2f592fc83d1e0e414e19404ebaab152a600a945be9b40bea
data/processed_pose_sequences/train/axe/axe_0077.npz,train,axe,axe_0077,79,13,2,79x13,30.0,efdcbe66ff74bde2000dd33a2b88e814442edcd0a022e2db541bd2b2bd236210
data/processed_pose_sequences/train/axe/axe_0078.npz,train,axe,axe_0078,108,13,2,108x13,24.0,6c105fa489beae13417904250e6ce7885df6985a21451950346c2a7912feb836
data/processed_pose_sequences/train/axe/axe_0079.npz,train,axe,axe_0079,94,13,2,94x13,30.0,7dbf309fce763c1ffb5489ce1bc03abdee756359c4633ab0d1d3fdf6d19b0b28
data/processed_pose_sequences/train/axe/axe_0080.npz,train,axe,axe_0080,112,13,2,112x13,30.0,836f63f24fbeae8d02b10b814ac2f51711a8b193694044c1024d10fa782edcda
data/processed_pose_sequences/train/axe/axe_0081.npz,train,axe,axe_0081,137,13,2,137x13,29.782608032226562,35982ddee9dc0a9a3e081165d6262c8bcfdccbd50cc8af09b0b95289b2fe6e9f
data/processed_pose_sequences/train/axe/axe_0082.npz,train,axe,axe_0082,117,13,2,117x13,24.0,df84c34ff6ad900001549991a42ea3a2f62e9ca79e454967eff18228d9a0700f
data/processed_pose_sequences/train/axe/axe_0083.npz,train,axe,axe_0083,94,13,2,94x13,30.0,226214272d58b4d34046423221c7866c4bde55c10722bf799e8e64c5d78d8149
data/processed_pose_sequences/train/axe/axe_0084.npz,train,axe,axe_0084,60,13,2,60x13,30.0,7679d8a7324bd62079d239d317c72c95299ad87c17d8f79efbeca16aefe0c88d
data/processed_pose_sequences/train/axe/axe_0085.npz,train,axe,axe_0085,142,13,2,142x13,30.0,fdbb58fea111868ce945011a53ad27dbd437b96bc27cbdb79449f3393338dc82
data/processed_pose_sequences/train/axe/axe_0086.npz,train,axe,axe_0086,185,13,2,185x13,30.0,15aefe88306979cd38957125ff00531352291f917ffd84b7cca9efeb59a15742
data/processed_pose_sequences/train/axe/axe_0087.npz,train,axe,axe_0087,62,13,2,62x13,30.0,2c62d14b3150fc82973793501d9a2bff18c6cf942b2a18af3911823705a84682
data/processed_pose_sequences/train/axe/axe_0088.npz,train,axe,axe_0088,102,13,2,102x13,30.0,55b45e45023ace1c75bc57f93be19501c6958935a91362ca4c09e68574942f43
data/processed_pose_sequences/train/axe/axe_0089.npz,train,axe,axe_0089,62,13,2,62x13,30.0,f8d60388ae562e2f740a56dede53e079f8eed2a6525e4b53fd90ad9c4ae656ce
data/processed_pose_sequences/train/axe/axe_0090.npz,train,axe,axe_0090,57,13,2,57x13,30.0,1de81aef584bbc97bb966b9f7785aac83c5811e43800af183065cbc133ef2132
data/processed_pose_sequences/train/axe/axe_0091.npz,train,axe,axe_0091,136,13,2,136x13,29.781021118164062,e60a75d547950323fab194ef4a7edd421dfcd96e61076360193bd3c0dd6e4682
data/processed_pose_sequences/train/axe/axe_0092.npz,train,axe,axe_0092,153,13,2,153x13,30.0,530e65957341cd6129dda9d7cf3bd44d7e8df6b66b4b934f34d6f177ee9158ea
data/processed_pose_sequences/train/axe/axe_0093.npz,train,axe,axe_0093,127,13,2,127x13,30.0,5a9d2627d3ccbd11d15d05a9c6841f959be681fa8fd38f63fa1e721d926b15a5
data/processed_pose_sequences/train/axe/axe_0094.npz,train,axe,axe_0094,90,13,2,90x13,30.000999450683594,d7e8b6bcd6bd106aff5617e4da4853b9ccfbf529c2b3ce7f7f2363b215fd39e9
data/processed_pose_sequences/train/axe/axe_0095.npz,train,axe,axe_0095,82,13,2,82x13,30.0,c053afd77ab9c82c32f922a80d98d7d937029ad2361db5ef861acfd656617252
data/processed_pose_sequences/train/axe/axe_0096.npz,train,axe,axe_0096,86,13,2,86x13,20.15625,85426de19daf397a8120a891f596c1de1f5784b3369579f4a9e9d2e38ec27790
data/processed_pose_sequences/train/axe/axe_0097.npz,train,axe,axe_0097,98,13,2,98x13,30.0,d7d19c0f24293a1dd3271daadfd1ac2bf73655ec95444cd5e31523dec72d8de2
data/processed_pose_sequences/train/axe/axe_0098.npz,train,axe,axe_0098,80,13,2,80x13,30.0,ce3ebfaa4626d452203de95e74b065a7d05e1849935849591df3dc8c4c6a7871
data/processed_pose_sequences/train/axe/axe_0099.npz,train,axe,axe_0099,119,13,2,119x13,30.0,a69363f469e01be87a703ccfb6e2a69f893b764819966a0b7764422043705125
data/processed_pose_sequences/train/axe/axe_0100.npz,train,axe,axe_0100,95,13,2,95x13,30.0,57eb8972058b2227dcca9a01aefe64e62c8a1eac72e0f651e304b4f68003f000
data/processed_pose_sequences/train/axe/axe_0101.npz,train,axe,axe_0101,44,13,2,44x13,30.003637313842773,a498c98fae60a435fa53daf343470c0f6e81ab1f42a5f020fc3c69a63552d316
data/processed_pose_sequences/train/axe/axe_0103.npz,train,axe,axe_0103,118,13,2,118x13,30.0,744803b45105fdede50371d2ff8b639af4373afa7b786ad8d418ec0344e4d94e
data/processed_pose_sequences/train/axe/axe_0104.npz,train,axe,axe_0104,109,13,2,109x13,60.0,7f79629e1149556b8674eed9a8e7d68176d74f8435e1a06ba4043326f4b0da3e
data/processed_pose_sequences/train/axe/axe_0105.npz,train,axe,axe_0105,94,13,2,94x13,60.0,8bf48b27870c2eb494308d6b8bf98e906a77a756e9125a163384575765b28e21
data/processed_pose_sequences/train/axe/axe_0106.npz,train,axe,axe_0106,89,13,2,89x13,30.00000762939453,ecb14a00c253df2dac1fb09970f6495d63b2ac6da74b8aa842a5cf1225ff83b7
data/processed_pose_sequences/train/axe/axe_0107.npz,train,axe,axe_0107,65,13,2,65x13,30.000009536743164,452b14677cc0d38e4b2765062918aa61dea4ed8c1fd93eddd8ce1d5789e35bd7
data/processed_pose_sequences/train/axe/axe_0108.npz,train,axe,axe_0108,52,13,2,52x13,30.02155303955078,87b18a896494558f4a2a40234875d7d1f2278b99c7fe86cc71432862e1b0333a
data/processed_pose_sequences/train/axe/axe_0110.npz,train,axe,axe_0110,86,13,2,86x13,30.0,bb3763591ded912b4ca1b1aefca7804d8b83188bf8f68289ac3692dec23ac383
data/processed_pose_sequences/train/axe/axe_0111.npz,train,axe,axe_0111,77,13,2,77x13,30.0,8c9ba375d427fd1f0770eee3f724ca9b694eefdf56170d7ae0bb94714b70068a
data/processed_pose_sequences/train/axe/axe_0113.npz,train,axe,axe_0113,98,13,2,98x13,30.0,daf1abde8ba9731826ec226d94f9a9c030c8f01a7f9186be1cdda448cd811a90
data/processed_pose_sequences/train/axe/axe_0114.npz,train,axe,axe_0114,83,13,2,83x13,27.969924926757812,c6b492dcbb6354f9eb38c8107cd79b52444ffd638c5e58044cb715317b0108a4
data/processed_pose_sequences/train/axe/axe_0115.npz,train,axe,axe_0115,54,13,2,54x13,30.0,7b047bc617e91f1644b7f375260d2c2dcad3d5559ea79237fc1b9b899091c181
data/processed_pose_sequences/train/axe/axe_0116.npz,train,axe,axe_0116,78,13,2,78x13,30.0,0657025783e7fb9b3857b8cb563a3f55a98e5c97d833f90abab55fcfbeec3167
data/processed_pose_sequences/train/axe/axe_0117.npz,train,axe,axe_0117,99,13,2,99x13,30.0,a36e8c5754b6cf17b1b45ca0d1621f572af2e98656ca077a81dcd3f14815ced1
data/processed_pose_sequences/train/axe/axe_0118.npz,train,axe,axe_0118,106,13,2,106x13,30.0,5c1da87ae7b36ca6c13c504ab746c866881411200d88a597c70efc9141cf35f6
data/processed_pose_sequences/train/axe/axe_0119.npz,train,axe,axe_0119,88,13,2,88x13,30.050647735595703,22364bfb4326b0edfe52eeb28a643d4800d7de82dda77bf8064345ae605109d2
data/processed_pose_sequences/train/axe/axe_0120.npz,train,axe,axe_0120,78,13,2,78x13,30.264816284179688,866bfe78ad1a7b4aa0c47a10b3da23a5f0e0ee85e6c6eb6514dde18c6c1dc63c
data/processed_pose_sequences/train/axe/axe_0121.npz,train,axe,axe_0121,58,13,2,58x13,30.443708419799805,b8763de4049a62b96284da12cd6481505883365ebf956d6e36b28ae0b8f0c0f9
data/processed_pose_sequences/train/axe/axe_0122.npz,train,axe,axe_0122,53,13,2,53x13,29.96984100341797,5e1d3caf6bab25b9eca799888be8c49a644bc4a68a59e9c8a4f0ecc0a694738f
data/processed_pose_sequences/train/axe/axe_0123.npz,train,axe,axe_0123,57,13,2,57x13,30.0,7bc438e1b13d687afa323c5fb081754c6b045941bfb5e50a26afdd9d93ceee8f
data/processed_pose_sequences/train/axe/axe_0124.npz,train,axe,axe_0124,66,13,2,66x13,29.55223846435547,79e57aee6c594db4559af3b43a04b1894d177686b88888c92aa2bc3b4b205417
data/processed_pose_sequences/train/axe/axe_0125.npz,train,axe,axe_0125,52,13,2,52x13,30.0,3840f76ddbc86f6bae13c56d07a0fd93681ab55b2611799f262501e87238704a
data/processed_pose_sequences/train/axe/axe_0126.npz,train,axe,axe_0126,83,13,2,83x13,30.0,ea7e8285f023bbcceaac6c2949647907deced75ea3d3a83138acd9234009b7ba
data/processed_pose_sequences/train/axe/axe_0127.npz,train,axe,axe_0127,80,13,2,80x13,29.629629135131836,0769cab0d6d1176c491462560617b0eeed9f678f938e0274087de07ae4983fcf
data/processed_pose_sequences/train/axe/axe_0128.npz,train,axe,axe_0128,86,13,2,86x13,29.65517234802246,2ae7df7823c85f071f53ac245850db303fdc36fae2dd1fefaa9e4b08b37fef38
data/processed_pose_sequences/train/axe/axe_0129.npz,train,axe,axe_0129,116,13,2,116x13,30.01060676574707,12d6563897c3941cc443feabd4e063c0084899dbf84b14a773bc4227828fce41
data/processed_pose_sequences/train/axe/axe_0130.npz,train,axe,axe_0130,100,13,2,100x13,30.010602951049805,896eda8e3e5690f21d2b7cfbc62a677feab1c65dd29b86f8e30e018c4ca6a7a9
data/processed_pose_sequences/train/axe/axe_0131.npz,train,axe,axe_0131,135,13,2,135x13,30.0,06c66edeadb30bea8a0d07d09edd6673231051db3a7040efdf0dfa25806aca28
data/processed_pose_sequences/train/axe/axe_0132.npz,train,axe,axe_0132,83,13,2,83x13,29.609371185302734,5158bc93b063dc03d1b07e25843ed13b6ee42e23019328bae886f448bad42068
data/processed_pose_sequences/train/axe/axe_0133.npz,train,axe,axe_0133,91,13,2,91x13,30.0,7459859109999d48d13ca7d7ffa504b75456908aeffa442830b4f27335f734b9
data/processed_pose_sequences/train/axe/axe_0134.npz,train,axe,axe_0134,113,13,2,113x13,30.0,0a975f4aa985994bd3d1a340e7bd63f1019220ab155decb93f1b515bd534ffdd
data/processed_pose_sequences/train/axe/axe_0135.npz,train,axe,axe_0135,88,13,2,88x13,29.96708106994629,b64dd5ea51badc67f702630f6c00cf640674ebc53665af57e6b4f9471fc0f229
data/processed_pose_sequences/train/axe/axe_0136.npz,train,axe,axe_0136,78,13,2,78x13,30.00743865966797,4962665d4de202db529560441fe846a8c50f59d1d6ddfa89739870d8913d5ae4
data/processed_pose_sequences/train/axe/axe_0137.npz,train,axe,axe_0137,197,13,2,197x13,60.01665496826172,4ddf5ebbf17356aab2ca2e8b721e6002d0a0822389eeb193a3200f0ea118802f
data/processed_pose_sequences/train/axe/axe_0138.npz,train,axe,axe_0138,193,13,2,193x13,60.01679229736328,331c75cefcc5464c121d00ae0e3a9daddb589b253725869e211eb9871db7ef62
data/processed_pose_sequences/train/axe/axe_0139.npz,train,axe,axe_0139,70,13,2,70x13,30.0,36cb7cdc12b76dacba230f35f007603fcab94caec2cc11050ee2088781778628
data/processed_pose_sequences/train/axe/axe_0140.npz,train,axe,axe_0140,174,13,2,174x13,60.02046585083008,aa073ad31990c1b643ded9d5de7df96ce468b3615e3e9a7209a35242e4168fb6
data/processed_pose_sequences/train/axe/axe_0141.npz,train,axe,axe_0141,91,13,2,91x13,48.002532958984375,06d8344197beab556ad9a909604a71e2fee39cda0b5e75a4588abdd73b8f3d82
data/processed_pose_sequences/train/axe/axe_0142.npz,train,axe,axe_0142,91,13,2,91x13,30.0,d04839eea22111e24a4efcb254f6e8c2547187e2a641891d92bcc980ca4b8ef7
data/processed_pose_sequences/train/axe/axe_0143.npz,train,axe,axe_0143,82,13,2,82x13,30.0,ccdb4b48f45a2f9f251a2a1d4cc13b208705165ce3bef0c5b2aa2936cb03c6d1
data/processed_pose_sequences/train/axe/axe_0144.npz,train,axe,axe_0144,122,13,2,122x13,30.0,5f7c86cce6f49a84a62f672c34161d52b9fbbb40c171be9f12454f71b930ae29
data/processed_pose_sequences/train/axe/axe_0145.npz,train,axe,axe_0145,162,13,2,162x13,30.0,a4a576cfa39345c2dfe4dd465c6d240ad230cc34f8f68e0522a0175b4c764db6
data/processed_pose_sequences/train/axe/axe_0146.npz,train,axe,axe_0146,77,13,2,77x13,30.021183013916016,32df0c9ddd68fa1fae215c087ab1a33f745373082d3f3077343402b9886a2aeb
data/processed_pose_sequences/train/axe/axe_0148.npz,train,axe,axe_0148,118,13,2,118x13,29.963096618652344,85336561e7bf437df0c3610bb2e80bf14339d59efdf5adf68f4e41bad8762b93
data/processed_pose_sequences/train/axe/axe_0149.npz,train,axe,axe_0149,116,13,2,116x13,29.982769012451172,96fc48ce7b0d7fcf724949ef8cec48f5f36e3354e42a2ec5ba6334349d955157
data/processed_pose_sequences/train/axe/axe_0151.npz,train,axe,axe_0151,47,13,2,47x13,29.927410125732422,4c0728fd21cfe84fed4c44ca504768114575783ee3a5d6da734145a0534267b7
data/processed_pose_sequences/train/axe/axe_0152.npz,train,axe,axe_0152,125,13,2,125x13,29.92745590209961,8e41c0a5e79afd19f509709e0d4f63e2025a7d1bbe3d45b7966c2106f2ebd753
data/processed_pose_sequences/train/axe/axe_0153.npz,train,axe,axe_0153,73,13,2,73x13,29.925254821777344,0d9364d232086348893d0a5d87c63200d7ccd77299722eb8b91c095c8e8cc4ba
data/processed_pose_sequences/train/axe/axe_0154.npz,train,axe,axe_0154,79,13,2,79x13,29.928903579711914,433c7f92e18e032a709b3e744f4301a8bbc0fc0766fe00634fdb45e5f374007c
data/processed_pose_sequences/train/axe/axe_0155.npz,train,axe,axe_0155,115,13,2,115x13,29.981489181518555,312fa4e239a83612a17938fdaa7d9afb695cfbd7bc2d268309b18ffcf4efcb30
data/processed_pose_sequences/train/axe/axe_0156.npz,train,axe,axe_0156,98,13,2,98x13,29.983070373535156,2321c5aa88575905ba4fc708ae070465102af94a4e7dc656dc0cfc541e08b294
data/processed_pose_sequences/train/axe/axe_0157.npz,train,axe,axe_0157,57,13,2,57x13,30.003158569335938,99ca688f7bb20a1d40b2c7b8427108594f47d322299d1d1364d003449ba2a24a
data/processed_pose_sequences/train/axe/axe_0158.npz,train,axe,axe_0158,55,13,2,55x13,30.013824462890625,c325b8b5589af7ea16e9192bbaca8ba11b9be4e4717cc995496f3c421c2ba13b
data/processed_pose_sequences/train/axe/axe_0159.npz,train,axe,axe_0159,98,13,2,98x13,60.0023078918457,aad561591788cc42e1b1ba1f5b0fc6d4acc9e238e7ed4e50e45142b9a045df94
data/processed_pose_sequences/train/axe/axe_0160.npz,train,axe,axe_0160,121,13,2,121x13,60.00529098510742,4541849e9d63c86554aece527581c24e0f2a70e74a492e7918421cd0aa6ca69d
data/processed_pose_sequences/train/axe/axe_0161.npz,train,axe,axe_0161,115,13,2,115x13,29.49289321899414,fc107a728ba9da763d8cc50679c2ba1afa9b99796ef4d34c3324a05895829602
data/processed_pose_sequences/train/axe/axe_0162.npz,train,axe,axe_0162,84,13,2,84x13,30.006072998046875,53a16e11c651e489667e5ec1d40109b27047147cdae79dbb7da09bc2542eefeb
data/processed_pose_sequences/train/axe/axe_0163.npz,train,axe,axe_0163,53,13,2,53x13,29.99811363220215,14f291f43a3634bcfcb46e2aaf94cbf443aea8237bc1a0d27552c5dd59f5f1d3
data/processed_pose_sequences/train/axe/axe_0164.npz,train,axe,axe_0164,86,13,2,86x13,29.9976749420166,e0c5f57150555c8d56f8a7687edeb7fba5ffaa31e78cc6b734d7f99454623fa5
data/processed_pose_sequences/train/axe/axe_0165.npz,train,axe,axe_0165,38,13,2,38x13,30.035568237304688,f1b9ce29debebb00b3e8aef8057b2ed856e4c5f4536bfe0a5a7f518363e675ec
data/processed_pose_sequences/train/axe/axe_0166.npz,train,axe,axe_0166,63,13,2,63x13,30.034643173217773,0cf4f71cea6640607fa51fe6196d48f0d8c672f4c50f7ea0253028412451718f
data/processed_pose_sequences/train/axe/axe_0168.npz,train,axe,axe_0168,98,13,2,98x13,30.00612449645996,a9e483b6519d3a9f2e6dea8c6aa337656a9ded02088966030840fe0814ac2943
data/processed_pose_sequences/train/axe/axe_0169.npz,train,axe,axe_0169,153,13,2,153x13,59.919063568115234,5e6e5e9b982f228eb72153eb43de62078393f81d3c9f63a95b7ffc51263a75ae
data/processed_pose_sequences/train/axe/axe_0170.npz,train,axe,axe_0170,141,13,2,141x13,59.918975830078125,a450cd966f30df5ca2f59dd85e0f47af8d437791e46dd7b397ca86b8f5374e01
data/processed_pose_sequences/train/axe/axe_0171.npz,train,axe,axe_0171,102,13,2,102x13,30.0,ac4b9d8576efdd927040d3b72ee769cce7c3d95c5cd459a4bfb9b2c03e6df650
data/processed_pose_sequences/train/axe/axe_0222.npz,train,axe,axe_0222,113,13,2,113x13,30.0,1a2d5da39095a5c01f59bf83ab0c812d1f4afa20ccee9d01407f060e3569310e
data/processed_pose_sequences/train/axe/axe_0223.npz,train,axe,axe_0223,139,13,2,139x13,30.0,70d4c714e580c37752398b8a2965771359f8cdcec35f2663391694fbff6ed6e0
data/processed_pose_sequences/train/axe/axe_0224.npz,train,axe,axe_0224,143,13,2,143x13,29.79166603088379,f0bb9a3e7aba34f801c0beac93124161437028f67ba8df2f06c088b4b4fbf5ca
data/processed_pose_sequences/train/axe/axe_0226.npz,train,axe,axe_0226,69,13,2,69x13,30.0,ddab235fb22e03ec320f8f674bebf57420697e102f4f5fcf9c753b99738e389c
data/processed_pose_sequences/train/axe/axe_0227.npz,train,axe,axe_0227,92,13,2,92x13,30.0,f40acdf3d0eeebdf675b2da84c975c4616020c9418339656e63803274c319244
data/processed_pose_sequences/train/axe/axe_0228.npz,train,axe,axe_0228,87,13,2,87x13,29.000106811523438,41509a43889240930bece6ea4ec000fc394822c08db8c5a4c697e75d1d6338bd
data/processed_pose_sequences/train/axe/axe_0229.npz,train,axe,axe_0229,99,13,2,99x13,30.0,e06da33dba9c9c4e0829b120f2d5a3e772af8ea64416daebfd0c5bfa36e65ac3
data/processed_pose_sequences/train/axe/axe_0230.npz,train,axe,axe_0230,176,13,2,176x13,30.0,93aef22b0bf1ce3fcf1fe07ef8a5c8b0ef26b67f9f915d7d41afd664b6288830
data/processed_pose_sequences/train/axe/axe_0231.npz,train,axe,axe_0231,429,13,2,429x13,30.0,746dee12182fa8aa5a257b232c89cc51c8d8a0d79355b0f2707f0ffb2ef288e8
data/processed_pose_sequences/train/axe/axe_0232.npz,train,axe,axe_0232,97,13,2,97x13,30.0,586af4e41de6d3f411eb2bd9063061784fc8d2e135f0b55629d66c78bd711586
data/processed_pose_sequences/train/axe/axe_0233.npz,train,axe,axe_0233,92,13,2,92x13,30.0,40c0394fd4b580bf65fac6e6a16b8073b017ce9be3495cb342b9334396d856e2
data/processed_pose_sequences/train/axe/axe_0234.npz,train,axe,axe_0234,111,13,2,111x13,30.0,393004f6aeab094f8791dbc9298bb66ade000252a572ea94afb722dbcd7dc5b6
data/processed_pose_sequences/train/axe/axe_0235.npz,train,axe,axe_0235,96,13,2,96x13,30.0,ef710513a3a3649e41fff016e5e8c9ed3f371d431ec3f5c0551a3fc7829e00d3
data/processed_pose_sequences/train/axe/axe_0236.npz,train,axe,axe_0236,114,13,2,114x13,30.0,427094a0f1d87f47b3450d3e296d7c5df21329a63b97630368503e6854c30110
data/processed_pose_sequences/train/axe/axe_0237.npz,train,axe,axe_0237,109,13,2,109x13,30.0,534460f0af6256ac236916456bae4900ae8b1092d4177c04071759c7fa1520d3
data/processed_pose_sequences/train/axe/axe_0238.npz,train,axe,axe_0238,68,13,2,68x13,30.0,e3565b8c49cb250d203eb7fdc9ba9f51ada42e2d708164314d554eef2803d1fb
data/processed_pose_sequences/train/axe/axe_0239.npz,train,axe,axe_0239,63,13,2,63x13,30.0,906ce273fb38f13650ed27cae8e0c05b445be5f0ffc89720341e65e92953148e
data/processed_pose_sequences/train/axe/axe_0240.npz,train,axe,axe_0240,105,13,2,105x13,29.994192123413086,c02cf77527249a09b30934ed83ed9f896e78d43dbd17f5b76dd46d8e6f619347
data/processed_pose_sequences/train/axe/axe_0241.npz,train,axe,axe_0241,76,13,2,76x13,30.0,b7cd2f544ccecfc1c08ecbd7901b3bffb3bb3c945750e191a6a70c188dbd13e0
data/processed_pose_sequences/train/axe/axe_0242.npz,train,axe,axe_0242,99,13,2,99x13,29.999996185302734,665db05d1b40e471d8ee91d7cb4605b1f502a995de56d69222a42700ea1e76c9
data/processed_pose_sequences/train/axe/axe_0243.npz,train,axe,axe_0243,63,13,2,63x13,29.999996185302734,62f45b8bc2052b7373c773f151df62321e6a413d7dab1850ab33042825e16077
data/processed_pose_sequences/train/axe/axe_0244.npz,train,axe,axe_0244,317,13,2,317x13,59.246551513671875,71452e644cca7a26c1a22fa25683c4a91fadabf658649baab793b3b74bd2807c
data/processed_pose_sequences/train/axe/axe_0245.npz,train,axe,axe_0245,369,13,2,369x13,59.236717224121094,4ec9cd33caab15f2a42660467ab1cea7643f26aee3a51e8cd9528c8256bf0eee
data/processed_pose_sequences/train/axe/axe_0246.npz,train,axe,axe_0246,107,13,2,107x13,29.705718994140625,8e898376fd7ede1164372b0003f831f1f5edc0db06ad419754b209615aadc9a9
data/processed_pose_sequences/train/axe/axe_0247.npz,train,axe,axe_0247,360,13,2,360x13,30.002500534057617,bbbd7f2f4fb3c2a95a62eaa9146654f2c0a382ca3459acee78cf78924267e17e
data/processed_pose_sequences/train/axe/axe_0248.npz,train,axe,axe_0248,89,13,2,89x13,30.006742477416992,90ce5ae07b01f0ae66009e6f0ecddc7c8dc0080c4846e17dbc6df5c6abc4a5ef
data/processed_pose_sequences/train/axe/axe_0249.npz,train,axe,axe_0249,120,13,2,120x13,30.00750160217285,cb67ad71d0dda2b41a23ed75aed9e77a3e648caea0ea929fa6977b17aab332b3
data/processed_pose_sequences/train/axe/axe_0250.npz,train,axe,axe_0250,116,13,2,116x13,30.005172729492188,173685cabf4ac3c8c44a2635b35c9ea3315f6b9067d884f0f384abd19b5360b7
data/processed_pose_sequences/train/axe/axe_0251.npz,train,axe,axe_0251,94,13,2,94x13,30.333778381347656,b681ff47b9e6fe534a18c18dd7614570310e39c042be1216feeb55f128583fc1
data/processed_pose_sequences/train/axe/axe_0252.npz,train,axe,axe_0252,84,13,2,84x13,30.360275268554688,359ccf65543c70e40b1f12c4c0347f9a5e97d28c35215fb41a97d689ca930d37
data/processed_pose_sequences/train/axe/axe_0253.npz,train,axe,axe_0253,109,13,2,109x13,30.278656005859375,4bece8c3d775d79e7e1fd571cb563ec82cb2b4186bd7a5afe1859a65d72a03b3
data/processed_pose_sequences/train/axe/axe_0254.npz,train,axe,axe_0254,119,13,2,119x13,30.255661010742188,d34b305546353d9eaa14f510e0303ee9e8fb6fad6e31a848766fff26b3dd7460
data/processed_pose_sequences/train/axe/axe_0255.npz,train,axe,axe_0255,139,13,2,139x13,30.0,bbd1fe622ec8c3c153ce4c024a94b7d11705e3088562327c9bb5491ab0fdd96e
data/processed_pose_sequences/train/axe/axe_0256.npz,train,axe,axe_0256,110,13,2,110x13,30.0,71014ef0bf8fba1523e1b34becfae529548c57d8325ee4f33b1989ac2170d0c3
data/processed_pose_sequences/train/axe/axe_0257.npz,train,axe,axe_0257,129,13,2,129x13,30.0,8dc52ef6ab6ffed0741bfd2e8c64184d0032def1bc06850aa96df7e09ec2f29e
data/processed_pose_sequences/train/axe/axe_0258.npz,train,axe,axe_0258,130,13,2,130x13,30.0,b4df87f6a4790632591343c80eabaa9a6540f633d21b31b39802f1906772c044
data/processed_pose_sequences/train/axe/axe_0259.npz,train,axe,axe_0259,117,13,2,117x13,30.0,07069169625fc61c718cbe25284cedaeb9bdcdca0e6cb09652667115bdc7927f
data/processed_pose_sequences/train/axe/axe_0260.npz,train,axe,axe_0260,75,13,2,75x13,29.000078201293945,0a3fbb847033a4a8980a90a8992085c21b42b776ee6fc9c934b8466b075214be
data/processed_pose_sequences/train/axe/axe_0261.npz,train,axe,axe_0261,119,13,2,119x13,30.0,060b44c3facba5326a8e017cd34a485fa974338966467d92009554a916d92269
data/processed_pose_sequences/train/axe/axe_0262.npz,train,axe,axe_0262,94,13,2,94x13,29.984050750732422,7596ffbf0f75fcf9f83d80ee7d1940908627e2610ed23cb50a7ca6a8c179ac9a
data/processed_pose_sequences/train/axe/axe_0263.npz,train,axe,axe_0263,92,13,2,92x13,30.0,979c540ddfe280e82850564a1b81de6ac500ad5abf31a4afde8891f48f36cb74
data/processed_pose_sequences/train/axe/axe_0264.npz,train,axe,axe_0264,89,13,2,89x13,29.000093460083008,30adc7d350d5c20f7a929c01842a6a7cdb56982be7cc038cba4ef69b07dae54b
data/processed_pose_sequences/train/axe/axe_0265.npz,train,axe,axe_0265,100,13,2,100x13,29.985008239746094,2517bae9e766126014d15100417e10c4f38286777fc34bba81866fc5ad18ce5e
data/processed_pose_sequences/train/axe/axe_0266.npz,train,axe,axe_0266,93,13,2,93x13,29.00006866455078,eb38b535cf5cebcb5a26e3ed49c95d99b9aa1fea36592b8c891e166ba04ec773
data/processed_pose_sequences/train/axe/axe_0267.npz,train,axe,axe_0267,125,13,2,125x13,30.0,c429397ebea0bc92145208a9ae6e3f11d2d1b1dd4bbe361bf1683cc2bb5b7bde
data/processed_pose_sequences/train/axe/axe_0268.npz,train,axe,axe_0268,112,13,2,112x13,29.98661231994629,e890a355bfe727c8034f18ebe6da464f105a124a27dc75aa2ea5f16bd68dab80
data/processed_pose_sequences/train/axe/axe_0269.npz,train,axe,axe_0269,95,13,2,95x13,29.000057220458984,45b9d018d3db7dfa668266b386413ca6f472d28a042d5b5459cfa6d3b9155850
data/processed_pose_sequences/train/axe/axe_0270.npz,train,axe,axe_0270,106,13,2,106x13,29.000045776367188,a39177da18cfbc3e2a2a00b9c376924de6687d4cba29787692477d27fefcca4d
data/processed_pose_sequences/train/axe/axe_0271.npz,train,axe,axe_0271,80,13,2,80x13,30.0,782917e01f16e6c90ac288ba178cb3a61ea26732a0dc24a22c722301338bba1b
data/processed_pose_sequences/train/axe/axe_0272.npz,train,axe,axe_0272,105,13,2,105x13,29.985721588134766,a3672cd75946b98039027c1be615ba278f61635c6eaad78d94a59a6421fd20fd
data/processed_pose_sequences/train/axe/axe_0273.npz,train,axe,axe_0273,95,13,2,95x13,30.0,735b102b9143f582ff114d1599f9eb94f931ef8687a1f43be33071d821bbf3c2
data/processed_pose_sequences/train/axe/axe_0274.npz,train,axe,axe_0274,118,13,2,118x13,30.0,97f43edf70cdd49ecb18bfb8773e2ea82538471c3fbd1e9d4b47616f524a9e0c
data/processed_pose_sequences/train/axe/axe_0275.npz,train,axe,axe_0275,76,13,2,76x13,30.0,2416e398337e06db2f2a7adb092836202c5974930eb5273ee3081773930f180e
data/processed_pose_sequences/train/axe/axe_0276.npz,train,axe,axe_0276,92,13,2,92x13,30.0,eea1d6ddecde76099297945fbed572fe38e708fc0abc31994a3e5c4f7527938d
data/processed_pose_sequences/train/axe/axe_0277.npz,train,axe,axe_0277,110,13,2,110x13,29.00002670288086,2b0922240dc2f82f6ae450a3f596e330a7b29e902430bcbf954cc0f70ff7031e
data/processed_pose_sequences/train/axe/axe_0278.npz,train,axe,axe_0278,408,13,2,408x13,30.0,af3542c640b5f8547a5d87e20567e3b5f1e1ab46632ae6554815683f8c5b5793
data/processed_pose_sequences/train/axe/axe_0279.npz,train,axe,axe_0279,91,13,2,91x13,30.0,d95d1fbc329e12898ce9635688f2e11cf141527be22f4e9d8126599f2fa063f0
data/processed_pose_sequences/train/axe/axe_0282.npz,train,axe,axe_0282,114,13,2,114x13,30.0,0ee404769e9877a006bef370727ea6518b5fa8b6fe390b1c69981cfcf7533f05
data/processed_pose_sequences/train/axe/axe_0284.npz,train,axe,axe_0284,56,13,2,56x13,30.0,f33c5960bbfe57892f0307e6af7bc19a3ed50a8d0e69176237adc870fc869926
data/processed_pose_sequences/train/axe/axe_0285.npz,train,axe,axe_0285,92,13,2,92x13,28.222013473510742,deb5218d5ddfec0e015cc58bfd722eaeaa541786548b2324aca5911a831c1e92
data/processed_pose_sequences/train/axe/axe_0286.npz,train,axe,axe_0286,107,13,2,107x13,29.000083923339844,405870398fac28c596da0ed53dc7af020fe4277e29212799c34b0f41595217f8
data/processed_pose_sequences/train/axe/axe_0287.npz,train,axe,axe_0287,154,13,2,154x13,30.0,7465ce06b6e71ecaf961db31d81d6ca3331d8ae0a22fe534bc9ca477d0a4f026
data/processed_pose_sequences/train/axe/axe_0288.npz,train,axe,axe_0288,78,13,2,78x13,30.0,655ce484503a8e79ec33c3795cdb9f7f64b637c780dd72ecadaf9ff104af3d08
data/processed_pose_sequences/train/axe/axe_0290.npz,train,axe,axe_0290,102,13,2,102x13,29.00006675720215,bc09177f588d7a4dded5dd5a79da92839e0c78d6766d58595c4f135814c038f6
data/processed_pose_sequences/train/axe/axe_0292.npz,train,axe,axe_0292,136,13,2,136x13,29.781021118164062,d1e304b09122ee8555a911f99cb2c235e3d6e53b02c5de3f13ffa2fa10446ab2
data/processed_pose_sequences/train/axe/axe_0293.npz,train,axe,axe_0293,116,13,2,116x13,30.0,c79800a49e4881754711246821ac36b1f71217ebaec91ce2d90bee49306f413a
data/processed_pose_sequences/train/axe/axe_0294.npz,train,axe,axe_0294,123,13,2,123x13,30.0,1bed9bb00726c583b49c10e5f381950003e31192608e304f519ee5f34a55672b
data/processed_pose_sequences/train/axe/axe_0296.npz,train,axe,axe_0296,94,13,2,94x13,30.0,289b083968bc8a37f7bc740b8d889a225ae601721ec79a609e0cdfbd732cdad1
data/processed_pose_sequences/train/axe/axe_0297.npz,train,axe,axe_0297,111,13,2,111x13,30.0,21c566976a7077e2d2fd5f442df452ae177b3cd3078961f8cbea2a5840648ff2
data/processed_pose_sequences/train/axe/axe_0299.npz,train,axe,axe_0299,142,13,2,142x13,30.0,a039175537f4d9b9fa3d36d7cbebe5d1bed1afde1149930bbce9a885e84dde4c
data/processed_pose_sequences/train/axe/axe_0300.npz,train,axe,axe_0300,110,13,2,110x13,30.0,c9592651326930781f4443a508c87e0269859159145713aab325018ec519cadc
data/processed_pose_sequences/train/axe/axe_0301.npz,train,axe,axe_0301,52,13,2,52x13,20.259740829467773,ba232f70469c0807f205e09fc133f0326e5c0b3c7e30e117a7383b009af83630
data/processed_pose_sequences/train/axe/axe_0303.npz,train,axe,axe_0303,114,13,2,114x13,30.0,782fb4ad2d58ad7974f5dd5eb6c32390a1bfd30bd52ead0939e93e1c0a37713b
data/processed_pose_sequences/train/axe/axe_0304.npz,train,axe,axe_0304,76,13,2,76x13,30.0,4b87b8aeabacc10b46176629b167894454c1194820a7433c1d031ad46c5502d3
data/processed_pose_sequences/train/axe/axe_0305.npz,train,axe,axe_0305,94,13,2,94x13,30.0,bb429811d9b819b7a26c03d3de87c62068c7618cc0cfb6cb5df21651a9a00303
data/processed_pose_sequences/train/axe/axe_0306.npz,train,axe,axe_0306,143,13,2,143x13,29.79166603088379,8bb0a1cfe9d9b4b3a2d15ba87bb77deca055cdcb318178b7adaf1dcb76491794
data/processed_pose_sequences/train/axe/axe_0307.npz,train,axe,axe_0307,132,13,2,132x13,30.0,b94a57334037f7c7012c63c27f13d4974ce37d145732b646697cc37ab3088012
data/processed_pose_sequences/train/axe/axe_0309.npz,train,axe,axe_0309,151,13,2,151x13,30.0,db62c1b9875190cd16d9bfb5f1fd99c68903a31997a9f8e695e7e2f2232ab08a
data/processed_pose_sequences/train/axe/axe_0310.npz,train,axe,axe_0310,128,13,2,128x13,30.0,7b28ab4148c6f09f9e98024e219b159c7a79fb604569bee8791eb94a31c2697e
data/processed_pose_sequences/train/axe/axe_0311.npz,train,axe,axe_0311,106,13,2,106x13,29.000045776367188,3f0a72826df1d5c5d4c4d5a47a262935f43576b23568927d86e38f7082339479
data/processed_pose_sequences/train/axe/axe_0312.npz,train,axe,axe_0312,155,13,2,155x13,30.0,fca5dbf702dc9708c449a3ca8cd5b98eaf047752012198a62584d64137c4ce27
data/processed_pose_sequences/train/axe/axe_0313.npz,train,axe,axe_0313,85,13,2,85x13,27.683048248291016,1856e1d6eede4a62493262c74e88d5105185d13d20af5c86914945ddbbb9d9ec
data/processed_pose_sequences/train/axe/axe_0315.npz,train,axe,axe_0315,109,13,2,109x13,30.0,b614d2c614abe4fb5bcf1d0964d81ad1579c4c1a34322c35d24c7ba5e4abaf14
data/processed_pose_sequences/val/front/front_0002.npz,val,front,front_0002,117,13,2,117x13,30.0,e4de031ddef13f00e65e44c43a46aeb443d48a9aca44c8881261d9dcf5ad5c31
data/processed_pose_sequences/val/front/front_0004.npz,val,front,front_0004,190,13,2,190x13,60.0,25844019fdab14300cf110057e41d006c06ad21bad21d81cafd3bb0aeaab7a61
data/processed_pose_sequences/val/front/front_0038.npz,val,front,front_0038,278,13,2,278x13,30.0,0256482408b4f84bfb264e16506efad8e919ad3eced4f2e39c7f233841c2b496
data/processed_pose_sequences/val/front/front_0040.npz,val,front,front_0040,287,13,2,287x13,30.0,56b384e7334ec6f8b17bc3e18f05c0bfb408c98ee5ce8e17f3c94e0f22aeea2b
data/processed_pose_sequences/val/front/front_0041.npz,val,front,front_0041,334,13,2,334x13,30.0,555de02b8d9d9284226ab623afefaff521fc3d47167c7a208eaba4785cfb393b
data/processed_pose_sequences/val/front/front_0042.npz,val,front,front_0042,626,13,2,626x13,30.0,1fdf92e005a6f08400190d546e422c37082a721abcb882f7cda106c0dfba5699
data/processed_pose_sequences/val/front/front_0043.npz,val,front,front_0043,280,13,2,280x13,30.0,68a044961e9b2997c25e0371f08e68e02ff09cece9487399134ae9f4cc841ab6
data/processed_pose_sequences/val/front/front_0044.npz,val,front,front_0044,269,13,2,269x13,30.0,fa0b3051e076ff805efe08c01cc16a580e88c0dd489b9459eec5c97825123d3e
data/processed_pose_sequences/val/front/front_0045.npz,val,front,front_0045,265,13,2,265x13,30.0,c92cfea361bcf5b4acef419833bff85de43e5dc2e9aa2354c7c3faca3dd3522f
data/processed_pose_sequences/val/front/front_0082.npz,val,front,front_0082,63,13,2,63x13,30.0,3140b333c6d40ded82b507903a1a015633446412e8497f44f82a042465596cce
data/processed_pose_sequences/val/front/front_0092.npz,val,front,front_0092,116,13,2,116x13,29.743589401245117,ead307c896c56bc1d033ab7a33dd9a667381e0ffc619326f1f7958bd05381e74
data/processed_pose_sequences/val/front/front_0118.npz,val,front,front_0118,71,13,2,71x13,30.021564483642578,c58f5d471cd27e5d6fa95ac49e435b355641933eef142d1b6a87935286806a79
data/processed_pose_sequences/val/front/front_0146.npz,val,front,front_0146,74,13,2,74x13,29.96976089477539,7a295a7cd15b4205a6aff5b22cf6fcd0f212d2c7a04a54c415a58305bc339d44
data/processed_pose_sequences/val/front/front_0166.npz,val,front,front_0166,147,13,2,147x13,29.926372528076172,70674c69b2b65a296f3fd06a2328908a3b44bb648d8d9b331413f76d61c84623
data/processed_pose_sequences/val/front/front_0168.npz,val,front,front_0168,113,13,2,113x13,29.978511810302734,6649ecc7cac4a988a0f1addd4b9308c387b68d1251d6b1d47dd27661a317f76f
data/processed_pose_sequences/val/front/front_0172.npz,val,front,front_0172,141,13,2,141x13,60.42569351196289,276679bc5cb9e1dbc755453a3bcda33706ab78ee09003678ee00183d4b1d1719
data/processed_pose_sequences/val/front/front_0178.npz,val,front,front_0178,54,13,2,54x13,30.034669876098633,0298ba3d27d730168d15a796d1a172e675d1fa8b02a27f1c9322a835527483b8
data/processed_pose_sequences/val/front/front_0180.npz,val,front,front_0180,105,13,2,105x13,30.033084869384766,2be05e9a1cafe17c34b3aa863fd41f05b7fa9e226e3ea299f198a08ff03532d2
data/processed_pose_sequences/val/front/front_0194.npz,val,front,front_0194,90,13,2,90x13,30.0,5cdb0275253f02d1bcb5d68aab61f0cd55a5fa90e2d94937e0def85b1cae2ebc
data/processed_pose_sequences/val/front/front_0195.npz,val,front,front_0195,302,13,2,302x13,30.000001907348633,6fbfe78d31255ac58db5158e587999a191d63fccfb1e468b702d84c49873867c
data/processed_pose_sequences/val/front/front_0196.npz,val,front,front_0196,376,13,2,376x13,30.0,c97dbeb68c37ff6faffcbb60d993fecee00f98378f36fd0fe303eac25912f85a
data/processed_pose_sequences/val/front/front_0197.npz,val,front,front_0197,356,13,2,356x13,30.0,5fc105ed7d56a8282e1f1971f1b4881b82a229ecbffcfa92792674e75111b3d6
data/processed_pose_sequences/val/front/front_0198.npz,val,front,front_0198,83,13,2,83x13,29.00013542175293,9fba887315048a717c939b90be4cfde4eeff122d34c722c78227c02730b8d2ae
data/processed_pose_sequences/val/front/front_0199.npz,val,front,front_0199,98,13,2,98x13,29.000089645385742,4a828bd49e14ce291cc4e428ba78024caed4758e19c524c5659ada2b3a4e9183
data/processed_pose_sequences/val/front/front_0200.npz,val,front,front_0200,101,13,2,101x13,60.010467529296875,d5945313af4967e8e75866d51c622390f5670c8349f7a609b34468db7d95e3fc
data/processed_pose_sequences/val/front/front_0201.npz,val,front,front_0201,56,13,2,56x13,30.0,8c8fa4afea1317650eb49e2c42232522dd42518b494f9e811eed6a8eecc740bd
data/processed_pose_sequences/val/front/front_0202.npz,val,front,front_0202,102,13,2,102x13,30.0,323f7253701b03667b5ee6c86bcdb288cc8dd8e68480f974ea846b4f518d3b53
data/processed_pose_sequences/val/front/front_0203.npz,val,front,front_0203,280,13,2,280x13,30.000001907348633,9307d149ca3937edc31e02b4faa4053168294e8a055c51186cc46edc41e00080
data/processed_pose_sequences/val/front/front_0240.npz,val,front,front_0240,94,13,2,94x13,30.0,73f7cbbecbc6f1fd65ae27552f91436315c18d12c9f7d14dd6ed5149aa0dc41b
data/processed_pose_sequences/val/front/front_0242.npz,val,front,front_0242,91,13,2,91x13,30.0,7d653be0ea4aa8af2b13c876a0ee0dd3a3733d7ca36599588fda893d8d3de206
data/processed_pose_sequences/val/front/front_0248.npz,val,front,front_0248,98,13,2,98x13,30.0,98d3841cdb2979ec5603f680141da6650ee49450bf7a30c510790a7d241283f3
data/processed_pose_sequences/val/front/front_0278.npz,val,front,front_0278,115,13,2,115x13,30.0,c6734998cbcf8341fc8c22371f1cae478bf26af4b7bb47682f8c1d9399956d93
data/processed_pose_sequences/val/front/front_0280.npz,val,front,front_0280,63,13,2,63x13,30.0,0abdb6db3e3ccc7d2233b94c3553e1c3f1b03c555235b1edba7665f6b8738194
data/processed_pose_sequences/val/front/front_0284.npz,val,front,front_0284,120,13,2,120x13,29.00006103515625,5b7c7a5382e3ab42eea661b329efea9441953bd3f54485b9b2c8f6964f8d6168
data/processed_pose_sequences/val/front/front_0286.npz,val,front,front_0286,85,13,2,85x13,30.0,a67693fa04e364fff1e8e7d46095402d105ca80fe33823a585e143075bd191c3
data/processed_pose_sequences/val/front/front_0295.npz,val,front,front_0295,204,13,2,204x13,30.0,2aca17fd4c410f669675d747ca3a17d68f0d9c9451b0fafaa33a3e1e585f71cf
data/processed_pose_sequences/val/front/front_0300.npz,val,front,front_0300,424,13,2,424x13,30.0,4d241fbedec14f7cfe5fd07c152d11804ff1019e2b8f31f544035094b013dbf3
data/processed_pose_sequences/val/front/front_0306.npz,val,front,front_0306,158,13,2,158x13,30.0,6301cb569cd20d147bd90253dc708428a15531b5f792bcc00228e8108cd5cee3
data/processed_pose_sequences/val/roundhouse/roundhouse_0002.npz,val,roundhouse,roundhouse_0002,101,13,2,101x13,30.0,2ac083a867a69a48aaf6660f4d014ff1c42dc3c0779f36332f83f1801b836cb2
data/processed_pose_sequences/val/roundhouse/roundhouse_0006.npz,val,roundhouse,roundhouse_0006,217,13,2,217x13,60.0,d833992b40b8f691e7403ed8d64cc1bbe13bb3b585b28f91536c89b9019e8132
data/processed_pose_sequences/val/roundhouse/roundhouse_0022.npz,val,roundhouse,roundhouse_0022,148,13,2,148x13,59.98054504394531,5d7c959b8b956a2bdd017c46f1911a14634e68b5b6576090cf54a09b8da60844
data/processed_pose_sequences/val/roundhouse/roundhouse_0027.npz,val,roundhouse,roundhouse_0027,238,13,2,238x13,59.979671478271484,ede04dd856d55ffc9b1548fe8e94ac51cc96794d2f2990b90b6615fda21df37e
data/processed_pose_sequences/val/roundhouse/roundhouse_0035.npz,val,roundhouse,roundhouse_0035,78,13,2,78x13,29.62025260925293,e9a31f8a12186d0bc8456d8de385ba9c6038565371a7b0b042ac2769fc51da09
data/processed_pose_sequences/val/roundhouse/roundhouse_0053.npz,val,roundhouse,roundhouse_0053,87,13,2,87x13,29.659090042114258,1263846e18c80c7182271f357e1ae2481bd45303968144781b1bec7cb199cd58
data/processed_pose_sequences/val/roundhouse/roundhouse_0054.npz,val,roundhouse,roundhouse_0054,111,13,2,111x13,29.73214340209961,f6dd5a8318ad12887d713be11ad4f92259b1c2925ed6b27ac4eb395edfd71c60
data/processed_pose_sequences/val/roundhouse/roundhouse_0060.npz,val,roundhouse,roundhouse_0060,92,13,2,92x13,30.0,7fab051ea0683c40dc154c49e5a184f2f0c40c78679e10905e5b551c6b3862ac
data/processed_pose_sequences/val/roundhouse/roundhouse_0061.npz,val,roundhouse,roundhouse_0061,79,13,2,79x13,30.0,e3d495c9fdcf9783e319c57bf3a3b3a60f91234400cdcdc51ca03ef58b30841c
data/processed_pose_sequences/val/roundhouse/roundhouse_0062.npz,val,roundhouse,roundhouse_0062,91,13,2,91x13,30.0,aa78d3d585d35d0ddc0b94a8f73e1f8d5241df552ead3e8cb2d655a3e1afa81c
data/processed_pose_sequences/val/roundhouse/roundhouse_0063.npz,val,roundhouse,roundhouse_0063,92,13,2,92x13,30.0,0b99ba2a7b5c03d25afd17126590f547788f3198c5db47f1ab5408722041c4d0
data/processed_pose_sequences/val/roundhouse/roundhouse_0064.npz,val,roundhouse,roundhouse_0064,222,13,2,222x13,60.0,dc4d1e77deb9eecee33a3a442a1ea6d9909a44211d8309951b27a0cc0cc26532
data/processed_pose_sequences/val/roundhouse/roundhouse_0070.npz,val,roundhouse,roundhouse_0070,163,13,2,163x13,29.0,227b65a051e5c2f7cea354e2a7d9b10dba7e4ff053506202477572fcd65dfce1
data/processed_pose_sequences/val/roundhouse/roundhouse_0073.npz,val,roundhouse,roundhouse_0073,118,13,2,118x13,30.0,30172a8bdc95b50d4662b73ab5127ad265fa3aeda6545a0a08b73f06047f0563
data/processed_pose_sequences/val/roundhouse/roundhouse_0079.npz,val,roundhouse,roundhouse_0079,101,13,2,101x13,30.0,c44359df80aae885bf229f32ae1647192a14a298fadca943f53a68fbde4225a2
data/processed_pose_sequences/val/roundhouse/roundhouse_0109.npz,val,roundhouse,roundhouse_0109,310,13,2,310x13,60.11259841918945,67fdfb0a62c9bf2db318d3fd45e52efbd2842ddcb1ca268e1559cb008ae570af
data/processed_pose_sequences/val/roundhouse/roundhouse_0114.npz,val,roundhouse,roundhouse_0114,129,13,2,129x13,30.085124969482422,d235a4cc79b0e6516989cf01e60a53eb525204f696bd4420c260e7cf42b56461
data/processed_pose_sequences/val/roundhouse/roundhouse_0135.npz,val,roundhouse,roundhouse_0135,142,13,2,142x13,30.12729835510254,79638aeb8c8ef905f1a1c8314dfc6d7a26d9e2fcc53f2103b4f69ef21458cd09
data/processed_pose_sequences/val/roundhouse/roundhouse_0146.npz,val,roundhouse,roundhouse_0146,106,13,2,106x13,30.0,c93461c31f7dcdaae71e5ca2dcd6c5921ee17d6b7a58f08cdac6f6a92b63f9f7
data/processed_pose_sequences/val/roundhouse/roundhouse_0152.npz,val,roundhouse,roundhouse_0152,63,13,2,63x13,30.0,14547e07327994c55beaa6a1e251be3ab069dd6f891317456af2d24d4133e893
data/processed_pose_sequences/val/roundhouse/roundhouse_0153.npz,val,roundhouse,roundhouse_0153,63,13,2,63x13,30.0,62345d53a619960cc638d0bf4b8c94dec81a3acdb64de9eb8a9f994e26637e27
data/processed_pose_sequences/val/roundhouse/roundhouse_0154.npz,val,roundhouse,roundhouse_0154,88,13,2,88x13,30.000003814697266,4d411858d555844707ea9b92ca8c3bf965a9c28b0b6f8cca4e01017bfc77f021
data/processed_pose_sequences/val/roundhouse/roundhouse_0160.npz,val,roundhouse,roundhouse_0160,122,13,2,122x13,30.0,f12e5d2902b9970afaa8801253287a94117f79bbb579c24e5da5d60acad39fc5
data/processed_pose_sequences/val/roundhouse/roundhouse_0167.npz,val,roundhouse,roundhouse_0167,125,13,2,125x13,30.0,ef75ee9083303a433e524a7bbb7d8f424e5a5d59e5136437449e736f313f8317
data/processed_pose_sequences/val/roundhouse/roundhouse_0171.npz,val,roundhouse,roundhouse_0171,126,13,2,126x13,30.0,8c7bef788497213f8dc91cffd46c931bcb38867858b0ddbe6c1d172bb97bae4d
data/processed_pose_sequences/val/axe/axe_0014.npz,val,axe,axe_0014,176,13,2,176x13,59.97637176513672,55eaf777375bfa5f76759e1a063fb9775ec8a41081e3fd9232e24ff159caff7d
data/processed_pose_sequences/val/axe/axe_0037.npz,val,axe,axe_0037,63,13,2,63x13,30.0,9e6379c1d1463b2a60ff174ffdd2f94ba36fc8e93788c191570bfd5978715409
data/processed_pose_sequences/val/axe/axe_0048.npz,val,axe,axe_0048,116,13,2,116x13,30.0,fc1f7cffa542593faded1f78c6a5240b121706c9e88e88eaf782c7b42b66bc9b
data/processed_pose_sequences/val/axe/axe_0102.npz,val,axe,axe_0102,92,13,2,92x13,30.0,02a17c5555397a32acf551d9abb91a90edc93d94adef227fd958e9b9fc4c48a2
data/processed_pose_sequences/val/axe/axe_0109.npz,val,axe,axe_0109,78,13,2,78x13,30.0,f9520fe1a29ea442dddf184b7f95bd61be4888e7f85680059a193ff0322b9f28
data/processed_pose_sequences/val/axe/axe_0112.npz,val,axe,axe_0112,76,13,2,76x13,30.0,9651b076f75b61ab1ba582f25b6bc8aa95df71c99e17c8da632b9bc529eec627
data/processed_pose_sequences/val/axe/axe_0147.npz,val,axe,axe_0147,101,13,2,101x13,29.964101791381836,84f9ffa7e1b0c14ed1f3d4dcbabaf316a3bc50e73461ea8cac30aa5a4e0f5682
data/processed_pose_sequences/val/axe/axe_0150.npz,val,axe,axe_0150,109,13,2,109x13,29.978914260864258,9edb8b0009e148e29dd6d895f8e4e8bbcca9b15d68dcc0260cbc35224291000b
data/processed_pose_sequences/val/axe/axe_0167.npz,val,axe,axe_0167,80,13,2,80x13,30.033536911010742,3e5742713560c8267e026fee7f52cc1df5ef4ee5467157f1c7686e41c122b775
data/processed_pose_sequences/val/axe/axe_0172.npz,val,axe,axe_0172,118,13,2,118x13,30.0,772104e3c85ebb08b9826f09c6ca993c5b829a39b02bfd8510f457088c5c86d2
data/processed_pose_sequences/val/axe/axe_0173.npz,val,axe,axe_0173,113,13,2,113x13,30.0,8afd33347947043f25ff34c7a33e05b9e31d95abd621269ff7baeb875d3b9233
data/processed_pose_sequences/val/axe/axe_0174.npz,val,axe,axe_0174,71,13,2,71x13,29.00010871887207,25c12c245b846dfd42356f42552029af848cecff86c11d9843973a251f022f14
data/processed_pose_sequences/val/axe/axe_0175.npz,val,axe,axe_0175,84,13,2,84x13,29.000072479248047,b2da1b654725208904940b59142b777d34d8d2f2507c3bbd67e71d94da724c0e
data/processed_pose_sequences/val/axe/axe_0176.npz,val,axe,axe_0176,80,13,2,80x13,30.00000762939453,ade6af83fcde03473db82bd3b0c481bde1d3df04a8ce174c8a5e7ff2e49b160b
data/processed_pose_sequences/val/axe/axe_0177.npz,val,axe,axe_0177,100,13,2,100x13,30.000003814697266,9d08239721de18978dfaef33b74333def338685b6d29cb4408e0685fde04b6e9
data/processed_pose_sequences/val/axe/axe_0178.npz,val,axe,axe_0178,342,13,2,342x13,30.0,543a07bb385732db769b85141760fd8d9f57928ba38c715acf055693bf2972e8
data/processed_pose_sequences/val/axe/axe_0180.npz,val,axe,axe_0180,63,13,2,63x13,30.014291763305664,47cc4c55f229f92276990a7bf3f62aba09475a4ca191df1b587535c515eff621
data/processed_pose_sequences/val/axe/axe_0181.npz,val,axe,axe_0181,99,13,2,99x13,30.00909423828125,8fd700e410004635d693f8db456e3419865e865d55b311330ca0d64eea18b071
data/processed_pose_sequences/val/axe/axe_0182.npz,val,axe,axe_0182,228,13,2,228x13,59.97369384765625,367eddf8fa3126b835278149b401d9d09572d014ccd17fae238e603e37a93aa1
data/processed_pose_sequences/val/axe/axe_0183.npz,val,axe,axe_0183,212,13,2,212x13,59.971710205078125,67a55a0138ceb869c109820ea18b85c0fed078218deb7e9b92e3d3024ee944e7
data/processed_pose_sequences/val/axe/axe_0184.npz,val,axe,axe_0184,85,13,2,85x13,60.01176834106445,7128e0453eef0cc8eaf419830b86bd26efeec89314b18e7f9a0a96f7292c1dd0
data/processed_pose_sequences/val/axe/axe_0185.npz,val,axe,axe_0185,48,13,2,48x13,30.0,58718b80d670d784963e075434056428788946e17ec09b98158892d71d76d594
data/processed_pose_sequences/val/axe/axe_0186.npz,val,axe,axe_0186,192,13,2,192x13,30.0,6d234aa747cde81fe0f261e43b2a6ebcd18df4e5e2e43803850d061d9e49bb60
data/processed_pose_sequences/val/axe/axe_0187.npz,val,axe,axe_0187,108,13,2,108x13,30.0,0c597045e0eb400e3ac6566c560efc0ab2470c327598a25c4ead27c860afca4c
data/processed_pose_sequences/val/axe/axe_0188.npz,val,axe,axe_0188,94,13,2,94x13,60.01106643676758,b63dcf37a9cb56eb4cddd9a43eae3d1ce85dfa6bec31954800606ad4048f74f7
data/processed_pose_sequences/val/axe/axe_0189.npz,val,axe,axe_0189,46,13,2,46x13,30.0,15484d672be36f6edd49131c7762cb694edf7ecec2984df953147eef52b9e60a
data/processed_pose_sequences/val/axe/axe_0190.npz,val,axe,axe_0190,199,13,2,199x13,30.000001907348633,6a47e417267ee0f69a9453b09e09f4b6d5183e0728b3546f2dfcc6f4a1996a67
data/processed_pose_sequences/val/axe/axe_0191.npz,val,axe,axe_0191,100,13,2,100x13,30.0,e496a80b3e8f224555aadb83392b34583018ac5f9e43cb5d8dc4ff7d370b452f
data/processed_pose_sequences/val/axe/axe_0220.npz,val,axe,axe_0220,163,13,2,163x13,30.0,a3d18cce2c857e4c3b03c60ff69103894ea0292e56191c34c39d11c01bca138f
data/processed_pose_sequences/val/axe/axe_0221.npz,val,axe,axe_0221,139,13,2,139x13,30.0,afe7f8a6fa49ce7cd64f1b8d9dd0f85c83a816dbb7f2eb0c1e0e5ae416d93947
data/processed_pose_sequences/val/axe/axe_0225.npz,val,axe,axe_0225,161,13,2,161x13,30.0,26122630cd68dadddfb5b9238aa3d6d6346c3f88f032faddedcc250c6fa4a716
data/processed_pose_sequences/val/axe/axe_0280.npz,val,axe,axe_0280,85,13,2,85x13,30.0,7af3386659f88aba772569a8be666f94e50735a16fa39243404c67f250aa7967
data/processed_pose_sequences/val/axe/axe_0281.npz,val,axe,axe_0281,92,13,2,92x13,30.0,44347389d330eddac31c385e825075ddb3c74563e686ddb599ec2839c3ff6989
data/processed_pose_sequences/val/axe/axe_0283.npz,val,axe,axe_0283,129,13,2,129x13,30.0,164c1bcad1c18fa8db8b81ac703e0da1daffd869a9c59d5f7f7522ea0386a9ea
data/processed_pose_sequences/val/axe/axe_0289.npz,val,axe,axe_0289,113,13,2,113x13,29.736841201782227,cb26e77095887a7546158e02b3f114d38c72cd14020556206a9ffb19c5801035
data/processed_pose_sequences/val/axe/axe_0291.npz,val,axe,axe_0291,129,13,2,129x13,30.0,fcfddc81629f0155952ad6cfdcc5cc13136024e8bc6bdcb97466c00c7eeb60c0
data/processed_pose_sequences/val/axe/axe_0295.npz,val,axe,axe_0295,110,13,2,110x13,30.0,4d7453f103edbd71ee2c312bdf1a1f3b8f4b5c94b0349758abce86e88552272c
data/processed_pose_sequences/val/axe/axe_0298.npz,val,axe,axe_0298,190,13,2,190x13,59.96843719482422,251fc98ac24e3bdae2ed58210989944dc9bfd628f88c505ca620d46370d91df9
data/processed_pose_sequences/val/axe/axe_0302.npz,val,axe,axe_0302,108,13,2,108x13,30.0,019598e778252f0a6ee5b48772c9a71c57dd294e7fd10d78ab311449aeacd6af
data/processed_pose_sequences/val/axe/axe_0308.npz,val,axe,axe_0308,151,13,2,151x13,30.0,4dfb504bf60f33b534f0dc0b96d3118ba9e673d93014761e027c7a824ff989dd
data/processed_pose_sequences/val/axe/axe_0314.npz,val,axe,axe_0314,82,13,2,82x13,29.000085830688477,ef2d64f31003e6a389b34236e59061ddd65024f3f1b4f496809f273cb7468017
data/processed_pose_sequences/test/front/front_0001.npz,test,front,front_0001,92,13,3,92x13,30.0,ae9f41ada7e2a3d782f4dc512aed024b29cf89713816276a01d102c87141d1f1
data/processed_pose_sequences/test/front/front_0002.npz,test,front,front_0002,117,13,3,117x13,30.0,2a9676a6e9d84284505a0b266dc8a741174b6bbc420897e1c399420024c6efc8
data/processed_pose_sequences/test/front/front_0003.npz,test,front,front_0003,98,13,3,98x13,30.0,82a2e002ef80b34fd7b0b9cccafb17333cd3cb464ae939e2adafbcec388696ec
data/processed_pose_sequences/test/front/front_0004.npz,test,front,front_0004,190,13,3,190x13,60.0,33b8897375295a8514eaeb20dd2d90ffc4079f0d5c808de3a16c43bbec0f4b3b
data/processed_pose_sequences/test/front/front_0005.npz,test,front,front_0005,190,13,3,190x13,60.0,c8ce0f607ff3944e30147b1f87a9ae5bf2d64dbb31bb44dc8de42c6df3831409
data/processed_pose_sequences/test/roundhouse/roundhouse_0001.npz,test,roundhouse,roundhouse_0001,97,13,3,97x13,30.0,4ad31fb7cd0c44a4ea865358fdeefc9b5227271fe4a005a3a9d5a239b8576912
data/processed_pose_sequences/test/roundhouse/roundhouse_0002.npz,test,roundhouse,roundhouse_0002,101,13,3,101x13,30.0,478775af0016cf26484c26d0d6467ae26b52b72e3cacbf85ae2fe09d6aacba5f
data/processed_pose_sequences/test/roundhouse/roundhouse_0003.npz,test,roundhouse,roundhouse_0003,191,13,3,191x13,50.0,6bc4d4ab0ff9602fbc88ed562551166eefbde5eeeae0433ce670fbe7d5aae106
data/processed_pose_sequences/test/roundhouse/roundhouse_0004.npz,test,roundhouse,roundhouse_0004,196,13,3,196x13,60.0,66119154963396d34a5af3ad37bf8c7dc2fa3108b4f71aba37fd9a056396ae45
data/processed_pose_sequences/test/roundhouse/roundhouse_0005.npz,test,roundhouse,roundhouse_0005,184,13,3,184x13,60.0,d2617186562966600545efd3ffbe6ffc1e84ce56b7e85e9abd7a582cafd5a3e4
data/processed_pose_sequences/test/roundhouse/roundhouse_0006.npz,test,roundhouse,roundhouse_0006,217,13,3,217x13,60.0,d591892b91ca62b3e2dd6a4c4ebc78937c03e135339b13c19282b33671ebee5a
data/processed_pose_sequences/test/axe/axe_0001.npz,test,axe,axe_0001,94,13,3,94x13,30.0,39522db27686d5e69e6dd73203f3d92d295b3d20693a6a157ff0c33b10df6147
data/processed_pose_sequences/test/axe/axe_0002.npz,test,axe,axe_0002,182,13,3,182x13,60.0,278967e3c2a752643aca8a0139abefa7a5492fac7a0c9b62b56d5767d37d740b
